{"type":"FeatureCollection","features":[{"type":"Feature","id":7,"geometry":{"type":"Polygon","coordinates":[[[-75.799646164925861,44.375084875038226],[-75.801525264616856,44.376004869979134],[-75.804249540427463,44.3772810761456],[-75.824260132486017,44.386650997383754],[-75.839707647030124,44.393827316993708],[-75.839718507113247,44.393832361005877],[-75.839727274546732,44.393836432910867],[-75.839761463008699,44.393852433992222],[-75.839910631481175,44.393922244713025],[-75.840374702489797,44.394139427915114],[-75.84562480752588,44.396596213837377],[-75.846321042026347,44.396921982595096],[-75.846961226599717,44.397221519344448],[-75.847152098707156,44.397310824760744],[-75.848182560310264,44.397792949702826],[-75.848255091026104,44.397826885069705],[-75.848270337477103,44.397834018355297],[-75.84901634861744,44.398183045908844],[-75.849247261238972,44.398291079169546],[-75.849257291327433,44.398295772243451],[-75.849277995496564,44.398305457721733],[-75.86016030017143,44.403395746960264],[-75.860170369448994,44.403400457319862],[-75.862834910536009,44.401430782575098],[-75.869930902571085,44.396184360075544],[-75.882823359182041,44.387662923255156],[-75.89571207751149,44.379139994884646],[-75.91282969916432,44.367814600715661],[-75.912832198454637,44.367812946810005],[-75.921643984602952,44.368763396168539],[-75.921659118754818,44.368765028218917],[-75.929517176900248,44.359299289388716],[-75.940847399153228,44.354677943271369],[-75.949720841716342,44.348988030450343],[-75.965031376317526,44.344164534270504],[-75.970174647251625,44.342543539425577],[-75.970181021472541,44.342541529761064],[-75.972928063615768,44.343043707128096],[-75.975034362684212,44.345999508823496],[-75.978443724593973,44.346494597248331],[-75.978454191443149,44.346496116962307],[-75.980202068933465,44.346022029170271],[-75.980214757598105,44.346018587102847],[-75.980433403930618,44.346203246898845],[-75.981928815046373,44.34746616701743],[-75.981930987382412,44.347468001836972],[-75.982954562734051,44.347327637440749],[-75.983159833117696,44.347299487178759],[-75.986076162199168,44.346899503075633],[-75.98608551520789,44.34689821999357],[-75.988076122953061,44.347211449049709],[-75.988078366900439,44.347211802740233],[-75.990310088424977,44.347134553172339],[-75.990647476607307,44.347081161852643],[-75.990655928318034,44.347079825120119],[-75.992416824173063,44.347337856209606],[-76.001093275981873,44.347874346892922],[-76.001107897441898,44.347875251214425],[-76.008003372880452,44.344210472891312],[-76.026758182112388,44.338004895452812],[-76.045509058538997,44.331796212213703],[-76.058250443874556,44.323858202202061],[-76.070988396212556,44.315918743664596],[-76.08397996925045,44.307817598493642],[-76.09696797178988,44.299714948181034],[-76.111828311835481,44.298082132436569],[-76.118182565560303,44.294932568941725],[-76.118183467561579,44.294932120814813],[-76.129448893411919,44.295136272416087],[-76.131163916501279,44.296375852285337],[-76.131170648513034,44.296380717331253],[-76.146491284311139,44.288553820356356],[-76.161807858893596,44.280724841940831],[-76.164299827782841,44.23982443417885],[-76.178008334696713,44.23062872509027],[-76.19171257440351,44.22143134058598],[-76.202145945603391,44.216984777439379],[-76.206815955705167,44.214993956888044],[-76.226138881243642,44.209430634218485],[-76.245458185860102,44.203864026246904],[-76.245458753570702,44.20386386232331],[-76.266054290002458,44.203840111807018],[-76.286649829731118,44.203812648158511],[-76.286665484300329,44.203812624911599],[-76.312705831007378,44.199052174655236],[-76.322747322928052,44.182875186877361],[-76.332783307802757,44.166697257706204],[-76.342813792070757,44.15051838862572],[-76.352838782163943,44.134338581118321],[-76.374373870138797,44.124278354056173],[-76.395901657309992,44.11421403707228],[-76.417422144855152,44.104145634409797],[-76.438935333958369,44.094073150311381],[-76.450040146474009,44.079825715751717],[-76.462372813486198,44.06399531054609],[-76.474698902771635,44.048163523376417],[-76.487018421546622,44.032330356433626],[-76.499331377020269,44.016495811906651],[-76.511637776394451,44.000659891982302],[-76.523937626863784,43.984822598845419],[-76.536230935615748,43.968983934678754],[-76.548517709830548,43.953143901662997],[-76.560797956681242,43.937302501976873],[-76.573071683333666,43.921459737797022],[-76.585338896946496,43.905615611298039],[-76.597599604671203,43.889770124652543],[-76.609853813652109,43.873923280031079],[-76.622101531026374,43.858075079602166],[-76.634342763923996,43.842225525532392],[-76.646577519467854,43.826374619986176],[-76.646582318043841,43.82636840231482],[-76.646586874517041,43.826362498003242],[-76.648434687487949,43.82396793801486],[-76.650282683026191,43.821572924008656],[-76.650755698537409,43.820959858332884],[-76.651877849889431,43.819505402108355],[-76.663554263522229,43.804367128856732],[-76.675224785111666,43.7892276275469],[-76.686889420840018,43.774086900058364],[-76.698548176883705,43.758944948268976],[-76.710201059413251,43.743801774054923],[-76.721848074593112,43.728657379290745],[-76.733489228582087,43.713511765849297],[-76.745124527532894,43.698364935601788],[-76.74696458386191,43.695968862094439],[-76.746963229900928,43.695949508386377],[-76.743844292096128,43.651941717039712],[-76.740729999864143,43.607933493667559],[-76.737620337644174,43.56392483868018],[-76.734515289931338,43.519915752487464],[-76.731414841276646,43.475906235498933],[-76.72831897628663,43.431896288123866],[-76.725227679622989,43.387885910771097],[-76.722140936002489,43.343875103849186],[-76.722136348444437,43.343768688184888],[-76.722132238013913,43.343681675591171],[-76.722063696589075,43.342230990840058],[-76.721997341093569,43.340683691587557],[-76.721955126916313,43.33969930928118],[-76.72191544248993,43.338643430079969],[-76.721911917860567,43.33854961514426],[-76.721890378217765,43.337976449837569],[-76.721884169407147,43.337811254305812],[-76.721881657742841,43.337643299825956],[-76.721870138320909,43.337497454079333],[-76.72182098860705,43.336875256612089],[-76.721747564681806,43.335653790588992],[-76.721670684436063,43.334488145981496],[-76.721653712566436,43.334201889263255],[-76.721653638168902,43.334200622838885],[-76.721653581801689,43.334199693949842],[-76.721591464253734,43.333160528670895],[-76.721516608432751,43.331908213399451],[-76.721468550323564,43.331413631213422],[-76.721423516377101,43.330797602987985],[-76.72140180052962,43.330428572809815],[-76.721371558012777,43.329914611156255],[-76.721322551366413,43.329131611816841],[-76.721291106346214,43.328597864307291],[-76.72114774485965,43.326465825767372],[-76.721147742320383,43.32646579336491],[-76.721147738533901,43.326465754662863],[-76.721025158593662,43.324999025348689],[-76.721025153541817,43.32499897224568],[-76.720999560631796,43.324704631147561],[-76.720887504388202,43.323413655348453],[-76.720842542627793,43.322751612761195],[-76.720802474332331,43.322118670686045],[-76.720774506193067,43.321905599073432],[-76.720725560277742,43.321189679610022],[-76.720719472916201,43.321087661620531],[-76.720714452164557,43.320979686025865],[-76.720671498483355,43.32038865656817],[-76.720619520361495,43.319783626958312],[-76.720605488687369,43.319618607647243],[-76.720580506771057,43.31919668021547],[-76.720548552452911,43.318846622268133],[-76.720443456489548,43.317674667446482],[-76.720417460278483,43.317168653968444],[-76.720372518582153,43.316550640634262],[-76.72026144418939,43.315179599577512],[-76.720210526601676,43.314668647704238],[-76.720182520948597,43.314366614246843],[-76.720140541288217,43.313997616907912],[-76.720072150466123,43.313874314366529],[-76.720070509209251,43.313859259426479],[-76.719981024501593,43.313038557656405],[-76.719775444584613,43.311152963979865],[-76.719754184507593,43.310957939934177],[-76.719275466961889,43.304790614977648],[-76.718652307691954,43.297401923397828],[-76.717366540385797,43.281983649375874],[-76.71700305650873,43.278001923035987],[-76.715897929523734,43.278033768681702],[-76.715458840156742,43.273087262976667],[-76.71499790719426,43.267937726702705],[-76.71461377605597,43.263707953139438],[-76.71402691260937,43.256734226121466],[-76.713996272830144,43.256473213383941],[-76.713820886057064,43.254599858302178],[-76.713820196159105,43.254591675689717],[-76.713809269237302,43.254462179622188],[-76.713677739954662,43.25290312842759],[-76.713366462225679,43.249341692591194],[-76.713363671556721,43.24930975338102],[-76.713362521746603,43.249296607766873],[-76.713326553920822,43.249050605428522],[-76.71329451981947,43.24860662602034],[-76.713283875251989,43.248452507207574],[-76.71306898599201,43.245341216988642],[-76.713032247599827,43.244809266582457],[-76.712836421485136,43.241973565437334],[-76.712834491976082,43.241945630040718],[-76.7127004899897,43.240077591096956],[-76.712687866542922,43.239869538013735],[-76.712687690538331,43.239866658577682],[-76.712673490420016,43.239632634740886],[-76.712505493711802,43.23729363042731],[-76.71213553696343,43.232126645311531],[-76.712119442033426,43.231892994090487],[-76.712101505901927,43.231632626126782],[-76.712022649309546,43.23096948322619],[-76.712009435246543,43.230811627406823],[-76.711920327752082,43.22973588278149],[-76.711920289696607,43.229735348123938],[-76.711847598290362,43.228808827408308],[-76.711790328874159,43.227904622376343],[-76.711776519508703,43.227686598004873],[-76.711763241934136,43.227523639978166],[-76.711499515416023,43.224344589400445],[-76.711481747468326,43.224119261713767],[-76.711357513257937,43.222543657040717],[-76.711222550709991,43.221055614347996],[-76.711222382407357,43.221053415420258],[-76.711066439738048,43.219013660391859],[-76.710989483166543,43.217996584072921],[-76.710916485693602,43.217226620710669],[-76.710891511087254,43.216826654931793],[-76.710824838784248,43.21559175314691],[-76.710746484419417,43.214660632263133],[-76.710703228488953,43.214053260142734],[-76.710548502486006,43.211687605985581],[-76.710382279039891,43.208862116774448],[-76.710250987533072,43.206630178063641],[-76.710136457445245,43.205185582001043],[-76.709819464408667,43.200337607640471],[-76.709732064801429,43.198048637251233],[-76.709666214475504,43.197179159061051],[-76.709628320404406,43.196439220007456],[-76.709613491758333,43.196235113787473],[-76.708839658933627,43.184637736056473],[-76.708872461778412,43.18356606925424],[-76.708731341100304,43.18215497626457],[-76.70868079155089,43.181335411999221],[-76.708615531412178,43.180486156073236],[-76.708123619496277,43.171275600766521],[-76.707647164406993,43.161946076326387],[-76.707576294931329,43.160693507377168],[-76.707357401052917,43.156824387400277],[-76.707060864432506,43.150898041932933],[-76.706706045598693,43.144988981875173],[-76.70649953372876,43.141506605189626],[-76.70645241550389,43.140702249787005],[-76.70608743948506,43.137060638342597],[-76.706023447442746,43.135195061046666],[-76.705842442482634,43.1317732961503],[-76.705517850509295,43.127830574275748],[-76.705381244063943,43.125958113581227],[-76.705347525237002,43.125471651597081],[-76.705335536677325,43.125053565182199],[-76.705267393456609,43.124032378283722],[-76.705264566309751,43.123989993358251],[-76.705195474391658,43.122954604106518],[-76.705178916852972,43.122710387840478],[-76.705166524386968,43.1225275859045],[-76.705151538823458,43.122315570290503],[-76.7050919465362,43.121492871903577],[-76.704850379736826,43.118157723562639],[-76.704557436985169,43.114112645146768],[-76.704330444464361,43.110876606407068],[-76.704330455505144,43.110791771810838],[-76.704330464433809,43.110704617431921],[-76.70429447615183,43.109983611410179],[-76.704177490552013,43.108190637177124],[-76.704104437340504,43.106514607978767],[-76.703688159441256,43.099730891068148],[-76.703220346318943,43.093208816610719],[-76.703113761556864,43.091583130053337],[-76.702874837397189,43.087974174885233],[-76.702308775528664,43.080164042906937],[-76.702643318597879,43.079610703624276],[-76.703049446515905,43.079346468132201],[-76.703274947184894,43.079104811139381],[-76.703345402468102,43.078854117328383],[-76.703389761852591,43.078398430142528],[-76.703447793577283,43.077903317210072],[-76.703421213378547,43.077439239859729],[-76.703456916545505,43.077257749596626],[-76.703596114591491,43.076919946410115],[-76.704315945587837,43.075874909672073],[-76.704439988424028,43.075534358706534],[-76.704465476879761,43.075464383114948],[-76.704471410583395,43.075400902408191],[-76.704489256247143,43.075210049746474],[-76.70445016604215,43.074928444047359],[-76.704449622449104,43.074658029243587],[-76.704550528255652,43.074106501731514],[-76.704792297557745,43.073581488389955],[-76.705024436319533,43.073164657396141],[-76.705191829612986,43.072865021760578],[-76.705342250955269,43.072543964947819],[-76.70538754612673,43.072389480314847],[-76.705603637238923,43.071652460835921],[-76.705637790517756,43.071323200040268],[-76.705710515227082,43.071055415427672],[-76.705902023059608,43.070811113882897],[-76.706194773512166,43.070657027022797],[-76.706507947370838,43.070570720941994],[-76.706963658953697,43.070484510358689],[-76.707770000624137,43.070338655658432],[-76.710368371058962,43.069428832706485],[-76.710930335809508,43.069166380622399],[-76.711983847569101,43.068556318730167],[-76.713150756599219,43.067577105396062],[-76.713878024310461,43.066808636310505],[-76.715721448760362,43.064557689884239],[-76.71582179345036,43.064450056274822],[-76.715931258428014,43.064332640392117],[-76.716233771211662,43.064087648890563],[-76.716845147133498,43.063713281605317],[-76.717193499521343,43.063447224399894],[-76.717380514233753,43.063276532847233],[-76.717535755358796,43.063074603668817],[-76.717693512187495,43.062741085285779],[-76.717811960075025,43.062108715622344],[-76.717802929453853,43.061704383691435],[-76.717763303745258,43.061283047874859],[-76.71768229844497,43.060679347678828],[-76.717577345506328,43.059823446034834],[-76.717451980463721,43.05896041063248],[-76.717400057017329,43.058661359802116],[-76.717009362825678,43.057340267945165],[-76.716895025696033,43.056884923819361],[-76.716796186454417,43.056607533858667],[-76.716697464471324,43.056386672384178],[-76.716687809985814,43.05634663930595],[-76.716647900248688,43.056181169422835],[-76.716647565507856,43.056026644823149],[-76.716647520517327,43.05600644267075],[-76.716696318632486,43.055857353818595],[-76.716835371482162,43.055635072751016],[-76.716837162418742,43.055632208037444],[-76.716927815846716,43.055370011880086],[-76.716983406262926,43.055118135935182],[-76.717031752621025,43.054763486683775],[-76.717100928483731,43.054306034005748],[-76.717177359133245,43.05383442257434],[-76.717218676953721,43.053474643961984],[-76.717239080368543,43.053176556861843],[-76.717294251245406,43.052734537096441],[-76.717379127145122,43.052337798390852],[-76.717519548401768,43.051099370615198],[-76.717837685777312,43.048990095236171],[-76.718313744835484,43.044766205857947],[-76.718355654483489,43.044473843203306],[-76.71846562283956,43.043822377743595],[-76.718603073470561,43.043140244076071],[-76.718701197229962,43.04237607659406],[-76.718864753690625,43.040593277419177],[-76.718881829067101,43.039782882062724],[-76.71890623411727,43.03939939904695],[-76.719065473434938,43.037503700790062],[-76.719039096423984,43.037200396441463],[-76.718963732649456,43.036810674290344],[-76.718674676169982,43.035315844663096],[-76.718623804922288,43.034820596999673],[-76.718623981619615,43.034818357094146],[-76.718640181679476,43.034613589336836],[-76.718653087883922,43.034230049406055],[-76.718667213699433,43.033810210150754],[-76.718631924955631,43.033380529793007],[-76.718631392908563,43.033374064286505],[-76.718611022778589,43.033126020289671],[-76.718547537111931,43.032901444125741],[-76.718376000549171,43.032422821299804],[-76.718229084946941,43.031868185071005],[-76.717743942486692,43.030882078872324],[-76.717301579989368,43.030126956802604],[-76.716968583453195,43.029440920787501],[-76.716758684614774,43.029127585340696],[-76.716621843609431,43.028843599188924],[-76.716605985464142,43.028810689219895],[-76.716601014536735,43.028800369707739],[-76.716526895884485,43.028646549596203],[-76.715950157032822,43.027721773443574],[-76.715916689058361,43.027668107143015],[-76.715372465316435,43.026795435282907],[-76.715324724868324,43.026718885054699],[-76.714681513811712,43.025592982092824],[-76.714433648732509,43.025167434250484],[-76.713812345406652,43.02410071893879],[-76.713820712502297,43.024100439339186],[-76.717719164143674,43.023969899144561],[-76.717801444520035,43.023966491562113],[-76.718545683543411,43.023935674937114],[-76.719237928052152,43.023907008193596],[-76.740137863608808,43.023190224776698],[-76.744490080394613,43.023015900975622],[-76.750025630570377,43.022793938884824],[-76.751514526400086,43.022732580552614],[-76.752823483313918,43.022678623364804],[-76.756455682581915,43.022582688664158],[-76.756912520362164,43.022570614577539],[-76.757986442469345,43.022529626696361],[-76.75997254202619,43.022443622397731],[-76.760982439521285,43.022412595713028],[-76.766390550061942,43.022224594994078],[-76.767000523887972,43.022199601280043],[-76.769917449984817,43.022112554303753],[-76.770800488442703,43.022070616660464],[-76.775183470753191,43.021961546175795],[-76.778975876971913,43.021795257702266],[-76.782933497607161,43.021621591596968],[-76.783414022355373,43.021616200246484],[-76.783470491307924,43.021615565895182],[-76.784986449475767,43.021532583572665],[-76.786536970040913,43.021468682401014],[-76.787873547533295,43.021413576757269],[-76.789540925999162,43.021347122373875],[-76.792438542397122,43.021231575058131],[-76.796719645042401,43.02105383230581],[-76.798786834516562,43.020990986414112],[-76.800367742490351,43.020909003172022],[-76.80093229851839,43.02087972069657],[-76.804461475551832,43.020686110668713],[-76.807592188613128,43.020614841810215],[-76.807592783549381,43.020614816339055],[-76.808337206129934,43.020587165713636],[-76.808350535421326,43.020586671403592],[-76.808506976044853,43.020580856294025],[-76.808508421124657,43.020580811141485],[-76.808508601445922,43.020580803585105],[-76.809492331471162,43.020547840293993],[-76.812177662909463,43.020457813355101],[-76.812302470383401,43.02045356504113],[-76.812489513485218,43.020440925448348],[-76.812953449221979,43.020409574200265],[-76.813493495380925,43.020382556445227],[-76.813897744786118,43.020364665069607],[-76.814180605927106,43.020361457301995],[-76.814183212887855,43.020361426838122],[-76.814405526183805,43.020358904150214],[-76.814405704046607,43.020358895689306],[-76.825628994383635,43.019867975609927],[-76.833935445840623,43.019503927626808],[-76.839909190221121,43.019241740056927],[-76.846554048680687,43.018949729046049],[-76.85858049413622,43.018465513236634],[-76.858822424966178,43.01845575900419],[-76.859376934010896,43.018429119175785],[-76.874677030314842,43.017761563943438],[-76.877460568499302,43.017663110903463],[-76.878125272241263,43.017647756415336],[-76.87856447844193,43.017637607899744],[-76.87908649418948,43.017596618882258],[-76.882499581568794,43.017466582076175],[-76.882906539042622,43.017447548683094],[-76.890931510726801,43.017024617600505],[-76.894902523269849,43.016822584399911],[-76.902301522785848,43.016448570708157],[-76.90254455656131,43.01643057595777],[-76.903096365196745,43.016397591571753],[-76.90349849262013,43.016373552747147],[-76.905251512573372,43.016275581637537],[-76.905456594332065,43.016264600993352],[-76.907908650281684,43.016140137748607],[-76.912191590477462,43.015922615241173],[-76.926594069535739,43.015156419079993],[-76.94099617848893,43.014388411723353],[-76.955221064912152,43.013628060285406],[-76.963929593553061,43.01306007766285],[-76.96393056859948,43.012958534355683],[-76.96393156658209,43.012816604314722],[-76.963926508618812,43.010821606946855],[-76.963924807651452,43.010424341671282],[-76.963918956244839,43.0090570348003],[-76.963909515567039,43.006850557955772],[-76.963908520665896,43.006326589204477],[-76.963908548464204,43.006038617806986],[-76.963908531520417,43.005940103256059],[-76.963908521400768,43.005891572449201],[-76.963908514957609,43.005575599429569],[-76.963906645936802,43.005491196309912],[-76.963894540029145,43.004944606266918],[-76.963894548085321,43.004717600222293],[-76.963890398263118,43.004619570196532],[-76.963884602269218,43.004482565945331],[-76.963882559709901,43.004260544824099],[-76.963882541946717,43.003963571441737],[-76.963880563225317,43.003616561362556],[-76.96388015016214,43.003568119195435],[-76.963879530572569,43.003495555866579],[-76.963870226554903,43.003133941809232],[-76.963862547836328,43.002835531908588],[-76.963820540849341,43.000011564394867],[-76.963814508637498,42.998185601634802],[-76.963790559429654,42.996563543740024],[-76.963786548534983,42.994654611194626],[-76.9637635363637,42.993689608742699],[-76.963754247071009,42.991993475171292],[-76.963747537399414,42.990768572022425],[-76.963728545161914,42.989567576580392],[-76.963736498032375,42.987652583163083],[-76.963734495486904,42.986114612294251],[-76.963713415139054,42.985222091975075],[-76.963692571408245,42.984339596324219],[-76.963639519414514,42.979899549075213],[-76.963647061459042,42.979356571323372],[-76.963650547518597,42.97910559279439],[-76.963648299205119,42.978897948576964],[-76.963643598022955,42.978463583606896],[-76.963618518516483,42.976346547420398],[-76.96360552498713,42.975564527092885],[-76.963605465382997,42.975562812395218],[-76.963579516186982,42.974820553068071],[-76.963565514418065,42.972925319713916],[-76.963565505563963,42.972904579848304],[-76.96357733944501,42.957307254023036],[-76.963509553551077,42.951278610016871],[-76.963536597448766,42.950760552862931],[-76.96360552644795,42.948803530892668],[-76.963567606528287,42.94668958710168],[-76.963566429059711,42.946621717709583],[-76.963564519314744,42.946511522767992],[-76.963544577899938,42.945267584625036],[-76.963562596163399,42.942711533832515],[-76.963533595658504,42.941151591642182],[-76.963518722500638,42.940220892616708],[-76.963502499710799,42.939205558954264],[-76.96345251011337,42.936919558694619],[-76.963409497581608,42.935207580159677],[-76.963404950507339,42.934776581753823],[-76.963402554549916,42.934549537698544],[-76.963399609344449,42.933329463694392],[-76.963399289572578,42.93319717105426],[-76.963395529900296,42.931640565044844],[-76.963405510031976,42.931256520147343],[-76.963446599589773,42.927416523938767],[-76.963445560478235,42.92672055831256],[-76.963441515941739,42.924915522578445],[-76.963420583024885,42.924283562327389],[-76.963423647353778,42.924033019398145],[-76.963427531598882,42.923715600300575],[-76.963396588859183,42.919497550124873],[-76.963410572791048,42.918811590879223],[-76.963414583480329,42.917240541790072],[-76.963407439272345,42.916505178295061],[-76.963395522325399,42.915278536142011],[-76.9634035941218,42.912365602938138],[-76.963419563473593,42.911375518376452],[-76.963404865928098,42.910203549194385],[-76.963395575058684,42.90946258086214],[-76.963372575134798,42.90820959129362],[-76.963363593412268,42.907853512744552],[-76.963370509885564,42.906539589440314],[-76.963373565596669,42.906261554889667],[-76.963358519289457,42.906034530091368],[-76.963357546228593,42.905683539863865],[-76.963352531334905,42.903029537443928],[-76.96334455469983,42.900848514444519],[-76.963378612250523,42.898519823961536],[-76.963403551225042,42.896814591346427],[-76.96341957656027,42.89326352978749],[-76.963408766011469,42.892638328196774],[-76.963400522438874,42.892161561729161],[-76.963406736912575,42.89066095381726],[-76.963421536483253,42.887088577966551],[-76.963415680704571,42.886668782642126],[-76.963410487759134,42.886296517694433],[-76.963408581304691,42.884360595043738],[-76.96341159098597,42.88428553083925],[-76.963407484200644,42.883888141432408],[-76.963400550564387,42.883412517670557],[-76.963394558530837,42.88270258718773],[-76.963392563789228,42.882342515678864],[-76.963392554399135,42.882137568382888],[-76.963392530918455,42.881959441452999],[-76.963392530704596,42.881951828272676],[-76.963392510372387,42.88179654987254],[-76.963375208976174,42.880833271981345],[-76.963365498316108,42.880292571081888],[-76.963361819072503,42.879773249305771],[-76.963359511848125,42.879447560859454],[-76.963360163569817,42.879046936122933],[-76.96336161052993,42.878158567007389],[-76.963356809393531,42.875524714329323],[-76.963354528530758,42.8742731033147],[-76.963354295494952,42.874124412348849],[-76.963353862525054,42.873849977898004],[-76.963352469942549,42.872968306064791],[-76.963352448910086,42.872955502250981],[-76.96335322174653,42.872955389858468],[-76.963353995795842,42.872955275661511],[-76.963726595189101,42.872920556295156],[-76.964539030274935,42.872840720248497],[-76.965497519228734,42.872746526664812],[-76.96734209776497,42.872515648056265],[-76.968253573792694,42.872401550988904],[-76.968373988997186,42.872384354213672],[-76.96861054292323,42.87235056702152],[-76.969070550325583,42.872282590598047],[-76.969104813317017,42.872272266617315],[-76.969133604612651,42.872263588669163],[-76.969196558632902,42.872260521906696],[-76.969269882456373,42.872249130893124],[-76.969653528980103,42.872189534025075],[-76.970002717238899,42.872123569739038],[-76.970124496523908,42.87210056367217],[-76.970767489031928,42.872004579086514],[-76.970976583707269,42.871969550291745],[-76.971148367562847,42.871933610445289],[-76.971234534431801,42.871915582329635],[-76.97137358610307,42.871895534863945],[-76.971604196055381,42.871863178583325],[-76.972000549982653,42.871807563757528],[-76.97212969650603,42.871785833171373],[-76.972182210436344,42.87177699737618],[-76.972505546341736,42.871722590209451],[-76.972638525051821,42.871692563062354],[-76.972672587559813,42.871688849039593],[-76.972739543307242,42.871681548271262],[-76.97311459872526,42.871610514572978],[-76.973801592017196,42.871462515637312],[-76.974090760862211,42.871395891044465],[-76.97410955960261,42.871391558921331],[-76.974150503545971,42.87136257779018],[-76.974154546414553,42.87133954526206],[-76.974134667433432,42.871294093290913],[-76.974118753591029,42.871257707441565],[-76.974109514527882,42.871236586412344],[-76.974105489134146,42.871198563886068],[-76.974113409758104,42.87118064489934],[-76.974116560399125,42.871173518774889],[-76.974124786584014,42.87116989070109],[-76.974168597663521,42.871150560080203],[-76.974228584274982,42.871150513730456],[-76.974432408804702,42.871093953353274],[-76.974628561558205,42.87103951995563],[-76.97472010880692,42.871010055085435],[-76.975010524516648,42.87091658462343],[-76.975290514764978,42.870801533834928],[-76.975370558545507,42.870761132292692],[-76.975591606191841,42.870649557593737],[-76.975624592186392,42.870620532979096],[-76.975674667263263,42.870588220691339],[-76.975762540507006,42.870531523193321],[-76.975764437899585,42.870526365607439],[-76.975765531555695,42.870523389318805],[-76.975792102102673,42.870509673350568],[-76.975875528254221,42.870466608699346],[-76.976168470404701,42.870315394356972],[-76.976438525904257,42.870121185719022],[-76.976767020797382,42.869884953019586],[-76.976813896369777,42.869851238772775],[-76.976850421619844,42.869812902321726],[-76.977218556634455,42.869426512389822],[-76.97735092656562,42.869223982676395],[-76.977379698531408,42.869179962611987],[-76.97735486144073,42.869173212687443],[-76.977318361919799,42.869156411375599],[-76.977268537391822,42.869146206832788],[-76.977221680676521,42.86913599295832],[-76.977150695194908,42.869128792292685],[-76.977108974002419,42.86912265042649],[-76.977062999163721,42.869119664055788],[-76.977006294229454,42.869110430095638],[-76.976963528392659,42.869108219447085],[-76.97694857704947,42.86910984264123],[-76.97691113449315,42.869104470988823],[-76.976875857386062,42.869103021360168],[-76.97684907381614,42.869092896773736],[-76.97678812027425,42.869087605887053],[-76.976736798561618,42.869084637759798],[-76.976680156030739,42.869084833273554],[-76.976647004549761,42.869081805380112],[-76.976627698533321,42.86907086915825],[-76.976624377358533,42.869052807662946],[-76.976629590888635,42.869032359162404],[-76.976661489346853,42.869006318620258],[-76.976728718474632,42.86899037062404],[-76.976805630434285,42.868983820962626],[-76.976862322796478,42.86899148417416],[-76.976934007660546,42.869003811192648],[-76.977016392675452,42.869017671365455],[-76.977090180661861,42.869024489783484],[-76.977155329538775,42.869037287453096],[-76.977223548420739,42.869048438816201],[-76.977313447481393,42.869059517337398],[-76.977390683709686,42.869027367387865],[-76.977470972671071,42.8689883741744],[-76.977554328832738,42.868944816108446],[-76.977650062841178,42.868898936884548],[-76.977702575435615,42.868875981240834],[-76.977755437329819,42.868846190766462],[-76.977793448488981,42.86881959411695],[-76.977813406219951,42.868808699256675],[-76.977848034473496,42.868789960600175],[-76.977888289997054,42.868756238111224],[-76.977911694838454,42.868741431582478],[-76.977929306402132,42.868721122138879],[-76.977956768115448,42.868703215649667],[-76.978005332942729,42.86867479110667],[-76.978049106340109,42.868641945855607],[-76.978070068865478,42.868589199654771],[-76.978096813605305,42.868532161948217],[-76.978131650530273,42.868457676088482],[-76.978153028568812,42.868393527995835],[-76.978179157239666,42.868315127365896],[-76.978201609391604,42.868229616832863],[-76.978211887922427,42.868157731768051],[-76.978213627593405,42.868086787179074],[-76.978206566604015,42.868011034235444],[-76.978206123497884,42.867941710375213],[-76.978205765038226,42.867885281938385],[-76.978185803864065,42.867849881034331],[-76.978198602552496,42.867793408120797],[-76.978231244422787,42.867754601189091],[-76.978247088553275,42.867721454285935],[-76.978256648478066,42.867662994037438],[-76.978283557553141,42.867598996075451],[-76.97830557023795,42.867545969830665],[-76.978330018176464,42.867485630757464],[-76.978347236402726,42.867448623436481],[-76.97840016067822,42.867396229603742],[-76.978439352001914,42.8673554861331],[-76.978494341382842,42.867317587747813],[-76.978543364956309,42.867272460420281],[-76.978574638554591,42.867227393447365],[-76.978605846100493,42.867172173060133],[-76.97864296137287,42.867115482904737],[-76.978676636132803,42.867056253380298],[-76.978711349492073,42.866997159793641],[-76.978730977851328,42.866930749053346],[-76.978765596987529,42.866856912794979],[-76.978807629104892,42.86676646608074],[-76.978807276180703,42.866711180000507],[-76.978821924575996,42.866650313822433],[-76.978851661506084,42.866596769259829],[-76.978888679489756,42.866506338032742],[-76.978928088448967,42.866397471830872],[-76.97896631612781,42.866291836100913],[-76.978988570096973,42.866220798982845],[-76.979016582292658,42.866162264086292],[-76.979019060324489,42.866105905051846],[-76.979049735847568,42.866020229966651],[-76.979046577991824,42.865970150572458],[-76.979054959670393,42.865949251691504],[-76.979086076233443,42.865932447669884],[-76.979102811647167,42.86588647385495],[-76.979130691477081,42.865807068572273],[-76.979153091764701,42.865758989344748],[-76.979189538533632,42.865687903113859],[-76.979211672015197,42.865598083170035],[-76.979244837078653,42.865502011722413],[-76.979258036105236,42.865450575842516],[-76.979257759436038,42.865407474031485],[-76.979239501244464,42.865372724570861],[-76.97922116890939,42.865326368763789],[-76.979180332522773,42.865286723617736],[-76.979150799963151,42.865252013121385],[-76.979114621455309,42.865235559646933],[-76.979078409990365,42.865214135232868],[-76.979055684775531,42.865186031338425],[-76.979057822458984,42.865167788993745],[-76.979041839772037,42.865136346263377],[-76.97901236151867,42.865109923913714],[-76.97894897901547,42.865070354798121],[-76.978908195908289,42.865039000440802],[-76.978827010746286,42.865035965378091],[-76.978743613758397,42.865039568053305],[-76.978662534380447,42.865053110151209],[-76.978620497405799,42.865065158965535],[-76.978605572426915,42.865073632097264],[-76.978591565273035,42.865087283753304],[-76.978571378007715,42.865099013156211],[-76.978553737775329,42.865095835040563],[-76.978492033327115,42.865090219065166],[-76.978434824035077,42.865098836304888],[-76.978368825597869,42.865110723751059],[-76.978307216124733,42.865120005170994],[-76.978233700537487,42.865137742026477],[-76.978203829562119,42.865147381133603],[-76.978160961207038,42.865152664755307],[-76.978079231591565,42.865165417384603],[-76.97797658155794,42.865183377850535],[-76.977892850025341,42.865195403563746],[-76.977778246583256,42.865216338877289],[-76.977699505446637,42.865228349056856],[-76.977635717765892,42.865238837617937],[-76.977565952799537,42.865250814991938],[-76.977494204880088,42.865264268317127],[-76.977451414487845,42.865282022220647],[-76.977423546378972,42.86529238791293],[-76.977390628351941,42.865293233996269],[-76.97735862593143,42.86528160700334],[-76.977334621285195,42.865272151728874],[-76.977327511371683,42.865252371247159],[-76.977328350110042,42.865227424928364],[-76.977337171397551,42.865202452039767],[-76.977359012109105,42.865185503961619],[-76.977401857236273,42.865176554103961],[-76.977456692987474,42.865170496788394],[-76.977511536833944,42.865165905885135],[-76.977566321217054,42.865151779077451],[-76.977626731692297,42.865144638419103],[-76.977704355573877,42.865128421785734],[-76.977776571447777,42.865114882095341],[-76.977877766236617,42.865110547226863],[-76.977939094835634,42.865090398590119],[-76.978023995619722,42.865082131752544],[-76.978123266729042,42.865059194748447],[-76.978200904872025,42.865045636993685],[-76.978258889929066,42.865043148627102],[-76.978318531131336,42.865031122035589],[-76.978387381754189,42.865022440380585],[-76.978469967471511,42.86500695599473],[-76.978501985129782,42.864984890805424],[-76.978584604312957,42.864974472687429],[-76.978724654970677,42.864965544112479],[-76.978811804584822,42.864944977252826],[-76.978910478472841,42.864931125798982],[-76.979009122407604,42.864912207897476],[-76.979137559754605,42.864883053986624],[-76.979272908256547,42.864857253675936],[-76.979367011999457,42.864846796177225],[-76.979447323074368,42.864834695698043],[-76.979495392593677,42.864809197050519],[-76.97952504556433,42.864777005924005],[-76.979542892124456,42.864694191884048],[-76.979542535731611,42.864638461987553],[-76.979562742762781,42.86456577180666],[-76.97957548262201,42.864488726969078],[-76.979583979555883,42.864423146775842],[-76.979621436735798,42.864355828837667],[-76.979643346065103,42.864296757653399],[-76.979665286805997,42.86424260338498],[-76.979682621452142,42.864165521020418],[-76.979693400280965,42.864108125864661],[-76.979706385328043,42.864047448050542],[-76.979712138442579,42.864000428280711],[-76.979717479514989,42.863985219391189],[-76.97972924566011,42.863951703784558],[-76.979748909796385,42.863894645150644],[-76.979777516556538,42.863806712034886],[-76.979780183200461,42.863761016375278],[-76.979801448299256,42.863693502373351],[-76.979819893586622,42.8636477502723],[-76.97983637208641,42.863602732361073],[-76.979854770921321,42.863549730000976],[-76.979872277458099,42.863511235156089],[-76.979875998729838,42.863476413260372],[-76.979878980073252,42.863443190026281],[-76.979894272430684,42.863401958959635],[-76.979903377303742,42.863366238895587],[-76.979918004534525,42.863318605026592],[-76.979927784485284,42.863290660567678],[-76.979944312509147,42.863248053269807],[-76.979952099602244,42.863200900404181],[-76.979954989397442,42.863166574707755],[-76.979974251417175,42.863124765435778],[-76.979979919536305,42.863052661162811],[-76.980022173585141,42.862953399070619],[-76.980029939241476,42.862890297880512],[-76.980072254568725,42.862794328578936],[-76.980312751472241,42.862248893748443],[-76.98053829177924,42.861959086056089],[-76.980766877318175,42.861764525592761],[-76.980903017039296,42.861717495983129],[-76.981118480786108,42.861568431858522],[-76.981222098896126,42.861466571390139],[-76.98130360058606,42.861357459867051],[-76.981317966653677,42.861341802721576],[-76.981330703149069,42.861327923782859],[-76.981291790997503,42.86117041424562],[-76.981150221858783,42.860594531387228],[-76.980983565554524,42.860033592752309],[-76.980954220517333,42.859938621826757],[-76.980834608324884,42.859551526871684],[-76.980804006955736,42.859418577933369],[-76.980782581977522,42.859325504141346],[-76.98077914541355,42.859264371831351],[-76.98077151252096,42.85912857765117],[-76.980771513245372,42.858286528815952],[-76.980791236031635,42.858023641166064],[-76.980805498193774,42.857833535930851],[-76.98080157322768,42.857714558573306],[-76.980775530542715,42.857581555949253],[-76.980774329163168,42.857579301452226],[-76.980678525115152,42.857399533831405],[-76.980671589793644,42.857228565343021],[-76.980649587137435,42.857072526273903],[-76.980589537938869,42.85692858771688],[-76.980437168392882,42.856645410880219],[-76.980327311536911,42.856441245127819],[-76.980307549961992,42.856404518696408],[-76.980118560544298,42.856082530878609],[-76.979921553639628,42.855781571882382],[-76.979780604487402,42.855480547174423],[-76.979738322182143,42.85543310579984],[-76.979731601732027,42.855425565364271],[-76.97967660628386,42.855351504172191],[-76.979677628134965,42.855345406101719],[-76.979691509629006,42.855262548915249],[-76.979691539439656,42.855229327754017],[-76.979691571810335,42.855195550243771],[-76.979676583547928,42.855132507953826],[-76.979567400087163,42.85493524742283],[-76.979561501607833,42.854924590248402],[-76.979475602107371,42.854557505019294],[-76.979475602498425,42.854490373319805],[-76.979475603549687,42.854468523015917],[-76.979475603392572,42.854423511685766],[-76.979442555489754,42.854308552753203],[-76.979434033733625,42.854263811263053],[-76.97943225365394,42.854254462265949],[-76.979424295244854,42.854212669768728],[-76.979382553955872,42.85399351534415],[-76.97924955023538,42.853588524021568],[-76.979244487061479,42.85357528839107],[-76.979215500466026,42.853499514806408],[-76.979208941792578,42.853459407174512],[-76.979204546426232,42.853432528096704],[-76.979176570429203,42.853386423381117],[-76.979146607301658,42.85333704060028],[-76.979130519669198,42.853310528720662],[-76.979130129580682,42.853276074788674],[-76.979129105530049,42.8531856460447],[-76.979126489448845,42.852954545254562],[-76.979029489273927,42.852653569187169],[-76.978989517235945,42.852597528661676],[-76.978948600205953,42.852523582272468],[-76.978943177182728,42.852459502152428],[-76.978937595498124,42.852393565411468],[-76.978928716841097,42.852380029668154],[-76.978918552011422,42.852364537673537],[-76.978699536450947,42.851732980117134],[-76.978591526744012,42.851421523374931],[-76.978579694945196,42.851397655987761],[-76.97856322265271,42.851364426952003],[-76.978532530160507,42.851302506346144],[-76.978519090272442,42.851246519897835],[-76.978484537142734,42.851102555098294],[-76.978473382328772,42.851080267961692],[-76.978458518341014,42.851050569450813],[-76.97836853057774,42.850957571413204],[-76.9783652118535,42.850956326146154],[-76.978320594257994,42.850939581009669],[-76.978183581434394,42.850753567923626],[-76.978144516865555,42.850720206978991],[-76.978135520517256,42.850712523952929],[-76.977990548115443,42.850660547699327],[-76.977947731910575,42.850636898666352],[-76.97792352196393,42.85062352730688],[-76.977893605443768,42.850579559779405],[-76.97789343464342,42.850578675444631],[-76.977893265118126,42.850577799207471],[-76.977871573884855,42.850464585756342],[-76.977889512218866,42.850286519304653],[-76.977896359422303,42.850265466399847],[-76.977941556141019,42.850126502794595],[-76.977953400791264,42.850064444412645],[-76.977975525948878,42.849948517901218],[-76.977965941144149,42.849924099862314],[-76.977953546982377,42.849892530196591],[-76.977919090113616,42.8498429320924],[-76.977871576652007,42.849774540810962],[-76.977863544290784,42.849714526024094],[-76.977886601079888,42.849681528859904],[-76.977953548595679,42.849662541905623],[-76.977959823650195,42.849635037236624],[-76.977964498951707,42.849614538249057],[-76.977957176046559,42.849580070375509],[-76.977938574961414,42.849492519852234],[-76.977743501114475,42.848969851062748],[-76.977726593415099,42.848924548640376],[-76.977690421534788,42.848867571799765],[-76.977641548986057,42.848790586118419],[-76.977632325448639,42.848760018248377],[-76.977622523180017,42.848727519581885],[-76.977615524589083,42.848638583197243],[-76.977580907398902,42.848553234795148],[-76.977344548439348,42.847970508261959],[-76.977262232618813,42.847828752676584],[-76.977243541948681,42.847796563622694],[-76.977176525011927,42.847621587347746],[-76.976902594322667,42.847002547811869],[-76.976772552526796,42.846731585046541],[-76.976564545436744,42.846030542249643],[-76.976520732392572,42.845904485250962],[-76.976426572075184,42.845633557256754],[-76.976352550992488,42.845503542060634],[-76.976347747387877,42.845379166836857],[-76.976345522814611,42.845321584182372],[-76.976324643821428,42.845250455907482],[-76.97627520620226,42.845082046165373],[-76.976222512893841,42.844902545954923],[-76.976159547262398,42.844731550303948],[-76.975966515272958,42.844039519188989],[-76.975799259958379,42.843439872571523],[-76.97571355251884,42.843132590679879],[-76.975640668591083,42.842906647224751],[-76.975532256457626,42.842570559126273],[-76.975531596356973,42.842568510666773],[-76.975448739719411,42.842362839263586],[-76.975401506893263,42.842245585996871],[-76.975327562187346,42.842148529865234],[-76.975320377614608,42.842146403815512],[-76.975290498235438,42.842137555129838],[-76.975264592433234,42.842115579205156],[-76.975260580454943,42.842089534921278],[-76.975275856675125,42.842024986653236],[-76.975282581563363,42.841996583026315],[-76.975280401986296,42.841964130944383],[-76.975275594279069,42.841892516210741],[-76.975161419384548,42.841712870257808],[-76.975141484191852,42.841681503391428],[-76.975133531356505,42.841663102024121],[-76.975112551831145,42.84161455876211],[-76.975064126122248,42.841447517773055],[-76.975056601444194,42.841421555714476],[-76.975053996664329,42.841417046377934],[-76.975051134603973,42.84141208870745],[-76.975022533717492,42.841362530835603],[-76.97495260490426,42.841291518728575],[-76.97490187855125,42.841257708579704],[-76.974841584881446,42.841217522393492],[-76.974822554718173,42.84116553173471],[-76.97484203783894,42.841142401257805],[-76.974859577010633,42.841121579309636],[-76.974870504520851,42.841061478681063],[-76.974870487413227,42.841061287891065],[-76.9748704639902,42.84106106561466],[-76.974859493910145,42.840961563932133],[-76.97481553714556,42.840868580162294],[-76.974770589298885,42.840813523700682],[-76.974731912588055,42.840777915932868],[-76.974703836230645,42.840752068209355],[-76.974681590957275,42.84073158481759],[-76.974671429476871,42.840700642674406],[-76.974664144189617,42.840678457128391],[-76.974652297708516,42.840642389437818],[-76.974636599649088,42.840594586022071],[-76.974597431537759,42.840536512875588],[-76.974548405741402,42.840463823072049],[-76.97454496421291,42.840458717029669],[-76.97454348733541,42.840456526417498],[-76.974484588260282,42.840397569101398],[-76.974476847489967,42.840382476201029],[-76.974471903303183,42.840372835435382],[-76.974364558446027,42.840163535171463],[-76.974229669556962,42.839940437402582],[-76.974124559553317,42.8397665910868],[-76.9740205494478,42.839570543969664],[-76.973957601365512,42.839480500876789],[-76.973944598047808,42.839473520750403],[-76.973943562112396,42.839472966142431],[-76.973931582517565,42.839466543364907],[-76.973882517292807,42.839466579297742],[-76.97384948982868,42.839451568998612],[-76.973760871740097,42.839323825328684],[-76.97371559994599,42.839258565445277],[-76.973701839901238,42.839219197629753],[-76.973700991607416,42.839216775304777],[-76.973687186711729,42.839177275306461],[-76.97368510142617,42.839171312096397],[-76.973684163422689,42.839168629910922],[-76.973678571495228,42.839152634799682],[-76.973663501084189,42.839109527393276],[-76.973644205039093,42.839076446736755],[-76.97361159943614,42.839020551025968],[-76.973610170354064,42.839020112984322],[-76.973609708298468,42.839019972323044],[-76.973609200892469,42.839019817412655],[-76.973607797555061,42.839019388285479],[-76.973561768102513,42.839005313445099],[-76.973560565761829,42.839004944847922],[-76.973526585414874,42.838994554976743],[-76.97348953789303,42.838968536766899],[-76.973448539767205,42.838887569417373],[-76.973452497287326,42.838827528656481],[-76.973467618741068,42.83879556401255],[-76.973473070475293,42.838784039608548],[-76.973478523402392,42.838772510699066],[-76.973474533672871,42.838712515919802],[-76.973474240312342,42.838711967779624],[-76.9734739457286,42.838711419643566],[-76.973429203734057,42.838627975906242],[-76.973311544720417,42.838408534436162],[-76.973269147524192,42.83830184322872],[-76.973218563483087,42.838174560130334],[-76.973166556533968,42.838070550976511],[-76.97315124771292,42.838023277144693],[-76.973088524368947,42.837829572282914],[-76.972965488069562,42.837577579332503],[-76.972961161598576,42.837542551728269],[-76.972958562098839,42.83752150420996],[-76.972969496965206,42.837484572901708],[-76.97299954313813,42.837440559267343],[-76.973000855575123,42.83739674243931],[-76.973000899740725,42.837395205597481],[-76.973002566006599,42.83733956395259],[-76.972980526647859,42.837250525249843],[-76.972943031446192,42.837194517236355],[-76.972913598438012,42.837150556556225],[-76.972924596055492,42.836942533737414],[-76.972906503379562,42.836831541193725],[-76.972913835498844,42.836802744014108],[-76.972913866510183,42.836802617876458],[-76.972921516148446,42.836772570997645],[-76.972941888689093,42.836731849117534],[-76.972958554958126,42.836698542432075],[-76.972965516374202,42.836390543936972],[-76.972950495317491,42.836241590861363],[-76.972953983964956,42.836217456439954],[-76.972965540038416,42.836137502840693],[-76.972988426014851,42.83609502594976],[-76.973013484745763,42.836048520334074],[-76.973084598534797,42.835403531147406],[-76.973114538243351,42.835312387205825],[-76.973155547497896,42.835187540579881],[-76.973168678625356,42.835052714383508],[-76.973181551180275,42.834920544740562],[-76.97321526658952,42.834836034306093],[-76.973240587418829,42.834772567409864],[-76.973250446934131,42.834672087998868],[-76.973251048107102,42.834665956287175],[-76.973259529390774,42.834579535954305],[-76.973247587589597,42.834423505580602],[-76.973288592656871,42.834189570850995],[-76.973311532820844,42.834137573766327],[-76.973366570493582,42.834067558173416],[-76.973455497660353,42.833755535320378],[-76.973530507507576,42.833621509163628],[-76.973574528459324,42.833570500652023],[-76.97370051547577,42.833373552801881],[-76.973767524068549,42.833314586128331],[-76.973860547368332,42.833173586355642],[-76.973890964323175,42.833152172365736],[-76.973934502504818,42.83312152225983],[-76.974009578123997,42.833020554698358],[-76.974093554410402,42.83293416384393],[-76.974254586587321,42.832768500286882],[-76.974488586028428,42.832597511760298],[-76.974493897639761,42.832592200262184],[-76.974551542584464,42.832534563241808],[-76.974571074520483,42.832501160085251],[-76.974572716585442,42.83249834935755],[-76.974592502620069,42.832464512318225],[-76.974617892975616,42.832446759440302],[-76.974629604181956,42.832438568736201],[-76.974785511849575,42.832393559970569],[-76.974831536783071,42.832366959255957],[-76.97502254358136,42.832256558968318],[-76.975382605054534,42.832025328710799],[-76.975384896452013,42.832023857090945],[-76.975606554898476,42.831881508828189],[-76.975854631102081,42.831702532831777],[-76.976177517152678,42.831469582016545],[-76.976226816615281,42.831445926759429],[-76.976300555420494,42.831410549432626],[-76.976449063465623,42.831314064317716],[-76.976597574717687,42.83121757899783],[-76.976942523086691,42.830950568338764],[-76.977240521419404,42.830757574852996],[-76.97732554316903,42.830657499001425],[-76.977455517553722,42.830597532970636],[-76.977463061905326,42.830588530805535],[-76.977470606277635,42.830579532240783],[-76.977492736476563,42.830521128336294],[-76.977525563040018,42.830434501390094],[-76.977979496412928,42.82996758705179],[-76.978066294391795,42.829865033383058],[-76.978067768125982,42.829863290857759],[-76.9780836017365,42.829844581696442],[-76.978099546616491,42.829810301762656],[-76.978124075078938,42.829757575316314],[-76.97814262490644,42.829717695963083],[-76.978155180480115,42.829690704270362],[-76.978164545856799,42.829670568029222],[-76.978235156711079,42.829434070726613],[-76.978252167770023,42.82937709678091],[-76.978276514891419,42.82929555004177],[-76.978287955356578,42.829231941698957],[-76.978320575604911,42.829050572248484],[-76.978320542920301,42.829014705373069],[-76.978320521593886,42.828987537386745],[-76.978307359600265,42.828921173675823],[-76.978298504107883,42.828876527575915],[-76.978305074922091,42.828808607714933],[-76.978305900062907,42.828800088686705],[-76.978308166452962,42.828776662268723],[-76.978313594403716,42.828720572678549],[-76.978306603948965,42.828588884041828],[-76.978302551629255,42.828512570160342],[-76.97826457952182,42.828338532598856],[-76.978254686435179,42.828310704579259],[-76.978161493271074,42.828048550183219],[-76.977875533300178,42.827425579576129],[-76.977780969646474,42.827264221203023],[-76.97771614045196,42.827153605380033],[-76.977612806477836,42.826977298124149],[-76.977577095865612,42.826916371921072],[-76.977521034975268,42.826820726339164],[-76.977392554549709,42.826601505905025],[-76.977384657505027,42.826582826281545],[-76.977370599249184,42.826549567013032],[-76.977344566440593,42.826519579876852],[-76.977311580825727,42.826498646874832],[-76.977292498254698,42.82648653780668],[-76.977281077619651,42.826480164753818],[-76.977260873968831,42.826468891350821],[-76.977248482492087,42.826461976094649],[-76.977206565561673,42.826438586448681],[-76.976991551145787,42.826122523741532],[-76.976934277469624,42.82605329300754],[-76.976838487227042,42.825937505029572],[-76.97679527195389,42.825874000892533],[-76.976764715395603,42.825829097031352],[-76.976757509576501,42.82581850806482],[-76.976732744661419,42.825795504923377],[-76.97670154801196,42.825766524731812],[-76.976619485732456,42.825748572436133],[-76.976478571840701,42.825618549831184],[-76.976382581155406,42.825558524270193],[-76.9763225441381,42.825540560971504],[-76.976274559487024,42.82546249555817],[-76.97626009766411,42.825423504858925],[-76.976237491099468,42.825362559359327],[-76.976122583455151,42.825265584579114],[-76.976077520508895,42.825206568752478],[-76.97604413274513,42.825135642417202],[-76.975988551432735,42.825017556143948],[-76.975932695440036,42.824940293570847],[-76.975910493509076,42.824909586282992],[-76.975907491641834,42.824907162349376],[-76.975869555231469,42.824876520700094],[-76.975843536470151,42.824845047783285],[-76.975817521415564,42.82481357664814],[-76.975804459924078,42.824774325421131],[-76.975791539330928,42.824735498618622],[-76.975754571910826,42.824527583656447],[-76.975730231855763,42.824453080201707],[-76.975729877688863,42.824451998437063],[-76.975692496561862,42.824337569389918],[-76.975649494419173,42.824243582236342],[-76.975580521076154,42.824044500996031],[-76.975542578801566,42.823955556665076],[-76.975550585778663,42.823903549875595],[-76.975551004200938,42.823897966107161],[-76.975562261229072,42.823747012746303],[-76.975565502573119,42.823703563674314],[-76.97556274452144,42.82369133267445],[-76.975549112830748,42.823630882912106],[-76.975539574080159,42.823588566895054],[-76.975487565915586,42.82348050208693],[-76.975486556203265,42.823472059572921],[-76.975476565310004,42.823388573009218],[-76.975531580556748,42.823291545780918],[-76.975535351464387,42.823260095879249],[-76.975535444467369,42.823259331264111],[-76.975539607904551,42.823224586970632],[-76.975509978364457,42.823182429784751],[-76.975487576721576,42.823150562690508],[-76.975472584524724,42.823098503229737],[-76.975498512396086,42.82277558688186],[-76.975499840252667,42.82276799968318],[-76.975520560563353,42.822649587867659],[-76.975598596756768,42.822553502607711],[-76.975645599961084,42.82251397444761],[-76.975739136532383,42.822435296875959],[-76.975749898598053,42.822426244174167],[-76.975925509500428,42.822278529952008],[-76.975977589264772,42.822204500873028],[-76.975977588657514,42.822202858852492],[-76.975977605192796,42.822093576066855],[-76.97599430248512,42.822031063433393],[-76.976003507003966,42.821996592603767],[-76.976070500585308,42.821941586445107],[-76.976085710647865,42.821925439932791],[-76.976151562948303,42.821855537004581],[-76.97615515867821,42.821845351150067],[-76.976183335908388,42.821765548861862],[-76.976200882089287,42.821715858884701],[-76.97620595553478,42.821701493583539],[-76.976211584037756,42.821685559974377],[-76.976282215128251,42.821571243840161],[-76.976326530714246,42.821499518824368],[-76.976508501660959,42.821325552703392],[-76.976541644601681,42.821287071916046],[-76.976582584889684,42.82123953681559],[-76.976604549163241,42.821187559413907],[-76.976606984236682,42.821170234190511],[-76.976619598475025,42.821080499864379],[-76.976645497032635,42.821006571189692],[-76.976716327666608,42.820979917771872],[-76.976716455766663,42.820979869619499],[-76.976746551876687,42.820968544830578],[-76.976761319072892,42.820953786104724],[-76.976890591236241,42.820824579899956],[-76.976957550870566,42.820768592976357],[-76.977065563149921,42.820649572856496],[-76.977101931639723,42.820592051708722],[-76.977318500674528,42.820249527386892],[-76.977392101444707,42.82013355469951],[-76.977462561226929,42.820022535047777],[-76.977496563711668,42.819929557270932],[-76.977488553422631,42.819321502367252],[-76.977488552063875,42.819300688104413],[-76.977488549520217,42.819221544203103],[-76.97747077392485,42.819173424063081],[-76.97745159729017,42.819121507061624],[-76.977440494086437,42.818857592694769],[-76.977392507871059,42.818583599315019],[-76.977382148863143,42.818484587808108],[-76.977374642129163,42.818412815614572],[-76.977364926337174,42.818319956777984],[-76.977362583000556,42.818297561660422],[-76.977355298247815,42.818281736337397],[-76.977350314851606,42.818270909286895],[-76.977340504295427,42.818249594035088],[-76.977240009503504,42.818114633964342],[-76.977236976664898,42.818110561843653],[-76.977080590248818,42.817900540758288],[-76.976872605582059,42.817688554242814],[-76.976739106580709,42.817611776635161],[-76.976737149006567,42.817610649968039],[-76.976679591447294,42.81757752289586],[-76.976622908436923,42.817523581217294],[-76.976597625363496,42.817499516616564],[-76.976597565448714,42.817438924877109],[-76.976597489907064,42.81736255211564],[-76.976598203898632,42.817327601738953],[-76.976599575086851,42.817260509905331],[-76.976601514455552,42.817165562026034],[-76.976593332403013,42.817149532679458],[-76.976582594734225,42.817128501414899],[-76.976508573289976,42.817039558763419],[-76.976541488412096,42.816809536254461],[-76.976541497787196,42.816799242963263],[-76.976541513001806,42.81678350234484],[-76.976525674096067,42.816756150053187],[-76.976515494005099,42.81673857375926],[-76.976475105081221,42.816710156157676],[-76.976455743421567,42.816696533694561],[-76.976445611204269,42.816689406229315],[-76.976457356531412,42.816569544949907],[-76.976474561956081,42.816509564597581],[-76.976541521178333,42.81633452301589],[-76.976601492904493,42.816289549394597],[-76.976731573093474,42.816145567676763],[-76.976946596752086,42.815826579392052],[-76.97699850732775,42.815651537037745],[-76.97699525723452,42.815546103950744],[-76.976991538190276,42.815425534159779],[-76.976916517004383,42.814694535624866],[-76.976883506669338,42.814564551926111],[-76.976824492454682,42.81449352200633],[-76.976660520578392,42.814341550788924],[-76.976600340816006,42.814305723862333],[-76.976586597550096,42.814297542032065],[-76.976574519844988,42.8143059790821],[-76.976544888620253,42.814326679967273],[-76.976508264487876,42.814356287454146],[-76.976482581959075,42.814377050384302],[-76.97642356043103,42.814382570687961],[-76.976393501001468,42.81436057765643],[-76.976281493560364,42.814215560953251],[-76.97614058812384,42.814096506964987],[-76.976105952544131,42.814079221568889],[-76.976044511106252,42.814048557010864],[-76.975873499495933,42.813963531217276],[-76.975849974030552,42.813941200560713],[-76.975795559760982,42.813889596666364],[-76.975672576681532,42.813822550145005],[-76.9755500846112,42.813765050580621],[-76.975427592784285,42.813707553584365],[-76.975365213051958,42.813691615183849],[-76.975294534518667,42.813673557200261],[-76.975219358518601,42.8136312622863],[-76.975182573090734,42.813610565781708],[-76.975095653832952,42.813584155073009],[-76.975037577449655,42.813566511132883],[-76.974932944173062,42.813523239213019],[-76.974863232454865,42.813494408167749],[-76.974829599519097,42.813480499330339],[-76.974633600708486,42.813336559424521],[-76.974633504648764,42.813336450824579],[-76.974633408600411,42.813336344025032],[-76.974577533542714,42.813273502426149],[-76.974571051540948,42.813261835946335],[-76.974564574438219,42.813250170349598],[-76.974544240368189,42.813213560722851],[-76.974517592521025,42.813165583812129],[-76.974509202932296,42.813146526629538],[-76.97450888786058,42.813145813821009],[-76.974502346674257,42.81313096071387],[-76.974447583272735,42.813006583414889],[-76.974283526415149,42.812509548746398],[-76.97418849442316,42.812267512361316],[-76.974178808467599,42.812155751751263],[-76.974151582127917,42.811841584026737],[-76.974186564921382,42.811772543659877],[-76.974220310147729,42.811735914106869],[-76.974314605113705,42.811633548929983],[-76.974357975366033,42.811594574672036],[-76.974359331033853,42.811593357428329],[-76.974383568792604,42.811571576333129],[-76.974445909935952,42.811542182354607],[-76.974521542859918,42.81150652232234],[-76.974696376130339,42.811408208184197],[-76.974729537290855,42.811389559937147],[-76.974791492392015,42.811345539196346],[-76.974857490562712,42.811236520347286],[-76.97487126359492,42.811194901374193],[-76.974880350015866,42.811167443792655],[-76.974933585727882,42.811006570975792],[-76.975012544533314,42.810843572018136],[-76.975129593474179,42.810697560622032],[-76.975160591894578,42.81067224891752],[-76.975205529404178,42.810635555563053],[-76.975236649050913,42.810616672890731],[-76.975271521467576,42.810595515978505],[-76.975523303549522,42.810519363779065],[-76.975575585380398,42.81050354944761],[-76.97564606317377,42.810475314347478],[-76.975665552588893,42.810467507366326],[-76.975741121560276,42.810405801184729],[-76.975741486484182,42.810405502857101],[-76.975759374273466,42.810380892187339],[-76.975807571990799,42.810314585041596],[-76.975840592428568,42.810241534036116],[-76.975847757770723,42.8101922802011],[-76.975876514624687,42.80999452723367],[-76.975874031920071,42.809907030334642],[-76.97587155059405,42.809819556835592],[-76.975873250267796,42.809726188676372],[-76.975874362546307,42.809665031089821],[-76.975876713698298,42.809535860201159],[-76.975878574215557,42.809433706105068],[-76.975878572776566,42.809433671901125],[-76.975878577456555,42.809433638576429],[-76.97587858559389,42.809433571931251],[-76.975925504056718,42.80937450068825],[-76.975976368277017,42.809328616023087],[-76.976038570402849,42.809272502707103],[-76.976049703037503,42.809249335722477],[-76.976064492241591,42.80921856092381],[-76.976078081083429,42.809135657703308],[-76.976089579045208,42.809065497258672],[-76.976110752508788,42.809001217260445],[-76.976146349087557,42.808893160725546],[-76.976153482065826,42.808871508139426],[-76.97615995640794,42.808845472773392],[-76.976192526017229,42.808714508452645],[-76.97620386950625,42.808630597449628],[-76.976204265436309,42.808627665830087],[-76.97620955993294,42.808588504597488],[-76.97619260379841,42.80837555933811],[-76.976148570400056,42.80804853839134],[-76.976115459049609,42.807799728282482],[-76.976071510107957,42.807469497648768],[-76.975859588923427,42.806524573376635],[-76.975851520138619,42.806491395897552],[-76.975807527452716,42.806310522194408],[-76.975739592659494,42.806097555244278],[-76.975727566562767,42.8058195095904],[-76.975723576586617,42.805709538938665],[-76.975697495279306,42.805516559555194],[-76.97560351742446,42.805338533399215],[-76.97553055166054,42.805243537632414],[-76.975488583043301,42.804981570019869],[-76.975467962571372,42.80487565063482],[-76.975451597802731,42.804791574363797],[-76.975404215503985,42.804492899270862],[-76.97538750639707,42.804387563325527],[-76.975353168525245,42.804299194132248],[-76.975331546708659,42.804243539132266],[-76.975303484002097,42.804172522967036],[-76.975289762549963,42.804109701154495],[-76.975256183603619,42.803955968698915],[-76.97525228850634,42.803938152884236],[-76.975178517478071,42.803600531091412],[-76.975097463919866,42.802903005001482],[-76.975096830496113,42.802897557147368],[-76.975070567176658,42.802671540431113],[-76.975048498944105,42.802554487274485],[-76.975004610098821,42.802481502322898],[-76.975004589545122,42.801862507203765],[-76.975023598770534,42.801720851434908],[-76.975030489077639,42.801669516275354],[-76.975063526410196,42.801585568884256],[-76.975088220028937,42.801553568378083],[-76.975114557908,42.801519434985693],[-76.975160744561677,42.801482187276711],[-76.975201540376148,42.801449287226895],[-76.975231029129489,42.801425505629403],[-76.975249579400312,42.801410545954582],[-76.97531459600205,42.801374592190662],[-76.975380487125832,42.801308510832037],[-76.975431483118115,42.801239553773947],[-76.975610525840253,42.801101568315332],[-76.97565540924316,42.801052992710389],[-76.975708524921018,42.800995507160991],[-76.975773134515805,42.800942075565452],[-76.975818502029469,42.800904562125119],[-76.976055576393208,42.800645526789815],[-76.9761574811983,42.800543535315299],[-76.976240556543132,42.800441522834156],[-76.97632858594136,42.80025251166937],[-76.976401498186789,42.800004523000801],[-76.976416024544321,42.799971799101264],[-76.976428386177616,42.79994395470365],[-76.976448535081872,42.799898537987339],[-76.976503498398671,42.799731532100758],[-76.976507590594096,42.799410523865312],[-76.976525551179847,42.799352581569131],[-76.976553003082103,42.799309120271644],[-76.976587483396315,42.799254527727626],[-76.976669515870711,42.799046537390623],[-76.976713483124357,42.798864508211089],[-76.976732835141888,42.798837151095135],[-76.97674952643635,42.798813557098448],[-76.976783715107771,42.798779377429874],[-76.976815538634995,42.798747571696502],[-76.976869509360611,42.798660556728684],[-76.976906491419669,42.798558512178921],[-76.976961559426272,42.798448514884413],[-76.976977196601482,42.798383817025737],[-76.977012550813399,42.798237547664179],[-76.977017599776119,42.79808851882953],[-76.976988511743201,42.797847508752227],[-76.976962543218534,42.797734495128175],[-76.976933739531106,42.797680631315494],[-76.976900516913631,42.797618499615062],[-76.976849784409865,42.797540413786543],[-76.976844467466918,42.79753222821094],[-76.976837513591917,42.797521522199098],[-76.976795706481099,42.797420695431057],[-76.976757899337954,42.797329517132361],[-76.976705291073088,42.797202646709678],[-76.976691552503212,42.797169518419665],[-76.976677944966468,42.797070416808808],[-76.97666656095717,42.796987508198171],[-76.976662622005193,42.796932650563363],[-76.976658136085049,42.796870178812775],[-76.976653139449184,42.796800605055616],[-76.976648543471711,42.796736579874377],[-76.976640764196048,42.796675433776606],[-76.976639745416392,42.796667441382127],[-76.976639575519116,42.796666093412519],[-76.976631162399556,42.796600019799513],[-76.976616587283345,42.796485531064342],[-76.976597349431415,42.796373670822071],[-76.976576517606532,42.796252542719401],[-76.976579128593869,42.796121247866928],[-76.976579192612391,42.79611803740621],[-76.976580514932792,42.796051572957005],[-76.976569412935007,42.795968361774335],[-76.97655449548202,42.795856523588128],[-76.976508431508876,42.795699186392788],[-76.976496071015745,42.795656978961269],[-76.976495987309619,42.79565669387388],[-76.976486575473217,42.795624558058861],[-76.976471032998546,42.795582723443367],[-76.976411049586986,42.795421276697702],[-76.976375430932379,42.795325432006784],[-76.976361516486605,42.795287983137165],[-76.976329867399627,42.795202807905504],[-76.976329347584112,42.795201408922303],[-76.976233236858377,42.794942748035453],[-76.976152523297145,42.794725503612135],[-76.976118514401392,42.794594526096937],[-76.976126495024374,42.794499567931233],[-76.97609759854015,42.794394527574724],[-76.976100539046186,42.794252559260926],[-76.976053527467073,42.794131537011417],[-76.976036488712637,42.793980543023309],[-76.976005526022135,42.79381853287255],[-76.975983512636247,42.793756516365526],[-76.975947510325398,42.793716518980027],[-76.975883572042605,42.793505552666105],[-76.975847511189059,42.79321756917092],[-76.975759583412795,42.793013506984337],[-76.975642531732461,42.792885583861512],[-76.975630096127105,42.792865168593046],[-76.975620597766721,42.792849579330699],[-76.975613491359198,42.79281653979487],[-76.975612845333387,42.79281353791928],[-76.975602512601654,42.79276550879657],[-76.975602505750956,42.792765391789324],[-76.975602497535789,42.792765252280837],[-76.975588570593331,42.79256152158618],[-76.975595482718987,42.792517544768813],[-76.975641579561341,42.792444533428416],[-76.975647650337976,42.792412503825823],[-76.97565257124738,42.792386531351568],[-76.975648541177733,42.792313571095484],[-76.975571486409208,42.792124538738101],[-76.97556459602275,42.791942572338812],[-76.975571316810701,42.791929277132638],[-76.9756015174721,42.791869534819121],[-76.975622552828568,42.791792536653432],[-76.975621111602578,42.791785166853288],[-76.975615524499432,42.791756550370089],[-76.975574104897873,42.791658079443174],[-76.975480483515412,42.791435511419181],[-76.975479651424564,42.791406131447971],[-76.975478603475565,42.791369278451917],[-76.975475524903686,42.791260538616825],[-76.975457569502623,42.791195561609705],[-76.975391541600771,42.791053520594986],[-76.975340532487991,42.790787503352227],[-76.975336599361697,42.790721886863324],[-76.975333521516617,42.7906705488003],[-76.97530600065781,42.790563540046861],[-76.975261514887848,42.790390566888703],[-76.975159593419761,42.790280574554977],[-76.975061562260763,42.790131521951743],[-76.975032578072927,42.790069527265395],[-76.975021524668037,42.789949511297529],[-76.974964148273358,42.78943622955439],[-76.974962548442178,42.789421905055256],[-76.974946525165251,42.789278571022393],[-76.974937105319938,42.789131259661666],[-76.974928635959017,42.78899879985569],[-76.974928189910074,42.788991832646893],[-76.974927986438388,42.788988639302026],[-76.974908603316905,42.788685523779975],[-76.974846532555887,42.788506497021743],[-76.974846528510653,42.788306485073974],[-76.974842489255522,42.788102509667596],[-76.974845076511016,42.788081327246175],[-76.974866553433912,42.7879055257375],[-76.974886335144859,42.78784319590266],[-76.974901565042728,42.787795199899456],[-76.974902455494529,42.78779239441652],[-76.974932552072858,42.787697544245063],[-76.974942607765257,42.787413522844687],[-76.974924543249202,42.787184566975647],[-76.974906059119974,42.787134317723336],[-76.974842521378179,42.786961585887404],[-76.974803417317503,42.786908279686038],[-76.974773505254731,42.786867502161385],[-76.974736561211614,42.786739539076912],[-76.974743911389197,42.786694090681614],[-76.97476043159935,42.786591940103158],[-76.974769552193607,42.786535539668023],[-76.974791513519548,42.78649950911975],[-76.97484727222411,42.786447824927613],[-76.975039598777542,42.786269554003781],[-76.975078773808733,42.786217848100094],[-76.975105538927025,42.786182517645464],[-76.975119993261387,42.786148459027267],[-76.975130562413426,42.786123552909473],[-76.975245574197899,42.785595505000146],[-76.975296520310408,42.785417578745204],[-76.975375599446863,42.785067560371814],[-76.975390599941008,42.784872395129511],[-76.975391067518501,42.784866307922705],[-76.975400501990833,42.784743568738428],[-76.97538454873316,42.784499529327938],[-76.975316544714616,42.784141502640288],[-76.975290378285337,42.783955206988345],[-76.97524955506978,42.783664570815418],[-76.975216526599183,42.78361353413549],[-76.975179589923172,42.783513506374454],[-76.975099495654007,42.783420568884893],[-76.974984038628037,42.783286588009432],[-76.974930541833544,42.783224508707633],[-76.974895444228821,42.783165051879855],[-76.974747536683452,42.782855586710589],[-76.974777514715456,42.782764562015494],[-76.974800577567606,42.782743541845278],[-76.974831545074181,42.782713563386764],[-76.974937510539917,42.78267048208599],[-76.975006524604581,42.782630586982897],[-76.97516752762337,42.7825575697535],[-76.975261579096468,42.782531543413519],[-76.975487120310149,42.782433659023731],[-76.975655512171443,42.782360577093527],[-76.975778593167121,42.782282557555483],[-76.976131576180805,42.782076535113454],[-76.976354567127544,42.781934547893826],[-76.976536524212804,42.781755539309714],[-76.976580544403447,42.7816825588963],[-76.976601541498738,42.781620512602309],[-76.976837562999577,42.781154577607907],[-76.976884496242647,42.781031086400468],[-76.976913595131222,42.780954514764076],[-76.976969278086742,42.780845437767901],[-76.977008530523477,42.780768543127273],[-76.977044547119903,42.780659502187547],[-76.977085245588199,42.780560889700809],[-76.977238517592298,42.780189512144176],[-76.977382596420114,42.779700578658513],[-76.977389502479951,42.779606531298121],[-76.977382473169186,42.779136502294911],[-76.977400483394618,42.778972559109739],[-76.977527101300282,42.778262901012297],[-76.977591572772681,42.777901551048942],[-76.97760220891,42.777860994689192],[-76.977602801924675,42.777858733048497],[-76.977617528293749,42.777802577673199],[-76.977663488687909,42.77766853682828],[-76.977663489494645,42.777666352846438],[-76.977663500732604,42.777511545060122],[-76.977689549895103,42.777385581281685],[-76.977692997994964,42.777372018114157],[-76.977695221644126,42.777363276340523],[-76.977746496735477,42.777161535399735],[-76.97781652565655,42.777030562418155],[-76.977881528744348,42.776826555027384],[-76.977954536663319,42.776458528897074],[-76.977983685681778,42.776140022052196],[-76.977993523561707,42.776032540131112],[-76.978036492387133,42.775915559031638],[-76.978045591715841,42.77584073581626],[-76.978055587608921,42.775758541953053],[-76.978055514551144,42.77566449513764],[-76.978022559375262,42.77557350003304],[-76.978036567478696,42.775234481146803],[-76.978067579013924,42.775179556900824],[-76.978118466630193,42.774870531957731],[-76.978109504605243,42.774177571336558],[-76.978087543561728,42.774017572798279],[-76.978044605333693,42.773950581855651],[-76.978003567894262,42.773886558735981],[-76.97798495093862,42.773835354266872],[-76.977974481459981,42.773806555681183],[-76.977966046205239,42.773766149600952],[-76.977956106182134,42.773718539588721],[-76.97793522109032,42.773442292995433],[-76.977934579614882,42.773405539333254],[-76.977890590261794,42.773248521708275],[-76.977853707414653,42.773168213286034],[-76.977849112905929,42.773158215751181],[-76.9777835775472,42.773015522190512],[-76.977765259560798,42.772988830167378],[-76.977746507424371,42.772961502266924],[-76.977704399567685,42.772863433858937],[-76.977688552415046,42.772826526399157],[-76.977666410960026,42.772735493907852],[-76.977634548265897,42.772604486439064],[-76.977462512302964,42.772268509695493],[-76.977409539665871,42.772209157350233],[-76.977371505219736,42.772166542149435],[-76.977320601883875,42.772137515313688],[-76.977308523469759,42.772133935202881],[-76.977273572431102,42.772123569446137],[-76.977148182729167,42.772057462199413],[-76.977137854580178,42.772052018857472],[-76.977133437180953,42.772049693424677],[-76.977127504398538,42.772046569288655],[-76.977018074799844,42.771944575680273],[-76.976919294056373,42.771852503818224],[-76.976917720686572,42.771851037333832],[-76.976893585458015,42.771828543169995],[-76.976886712439139,42.77182706158888],[-76.976879341434895,42.771825476390624],[-76.976875862712745,42.771824726742352],[-76.976872539401654,42.771824012569517],[-76.976842524332781,42.77181755566334],[-76.976775593344655,42.771788527840535],[-76.976541469072828,42.771591586209851],[-76.976477801054855,42.771575312406405],[-76.976396560127242,42.771554547271677],[-76.976290585561642,42.771492529745835],[-76.976263545260991,42.771458874341668],[-76.976192968401222,42.771371027121674],[-76.976177590070549,42.771237567126029],[-76.976171191725697,42.771164622844793],[-76.976161972892228,42.771059534374444],[-76.976161839871665,42.771058014325824],[-76.976160660124663,42.77104457959372],[-76.976145014601286,42.770866299365103],[-76.976143741297903,42.770851787366254],[-76.976142489223633,42.770837540865308],[-76.976120501312678,42.77071541503323],[-76.976109532124426,42.77065449561789],[-76.976073524591214,42.770582538707323],[-76.976033482903276,42.770549541793144],[-76.976001445850699,42.770535668220624],[-76.97594850945795,42.770512745060742],[-76.975839513604555,42.770465548208591],[-76.97563552846519,42.770392534620854],[-76.975559694060905,42.770341587830096],[-76.975559656017751,42.770341561853421],[-76.975559615456987,42.770341524182292],[-76.975519589768197,42.770301505161044],[-76.97551440959316,42.770287868962797],[-76.975497580385465,42.770243540266932],[-76.975494556519422,42.770171545835346],[-76.975488551529622,42.7700945661799],[-76.975502555547436,42.770038165007811],[-76.97553449106509,42.769909539192909],[-76.975551556480198,42.769796493434129],[-76.975546031526889,42.769736146766476],[-76.975534555042657,42.769611553249341],[-76.975508741415027,42.769505441240135],[-76.975488575252527,42.769422538777455],[-76.975428584523669,42.76926551726924],[-76.975382596044554,42.769164542648724],[-76.975317556319624,42.769079497248335],[-76.975205585257143,42.769017493811724],[-76.975085582181634,42.768975529177489],[-76.974911564376612,42.768919547832489],[-76.974796458333799,42.768894165677082],[-76.97440360362323,42.768807552619499],[-76.973935567168738,42.768648501171157],[-76.973695557728917,42.768526551076782],[-76.973611584548649,42.768476369816078],[-76.97344950728521,42.768379517857539],[-76.97320954943028,42.768232548886658],[-76.972971063617777,42.768088078868544],[-76.97271755405977,42.767934504889297],[-76.97253949234458,42.76779250221427],[-76.972443796478714,42.767680689867717],[-76.972402545460653,42.767632491615387],[-76.972389834794456,42.767595837400954],[-76.972381026127835,42.767570407629194],[-76.972277534631317,42.767271561579115],[-76.972264150670441,42.767250889801836],[-76.972231524815626,42.767200495313055],[-76.972122609133237,42.767095572104964],[-76.972021154488488,42.7670459684485],[-76.971899504725826,42.766986490968996],[-76.97180854829557,42.766977522564517],[-76.971785575365189,42.766847514847619],[-76.971934554948518,42.76665053194268],[-76.972279497782012,42.766216491109695],[-76.97234260755603,42.766090511351884],[-76.972371401677364,42.765982814988334],[-76.972371948524938,42.765980777686742],[-76.972388592480215,42.7659185334266],[-76.972386064742807,42.765877175058833],[-76.972382481754721,42.765818503247537],[-76.972308586780585,42.765688573162159],[-76.972176560266391,42.765545515955431],[-76.971965588489965,42.765298538966668],[-76.971927870547304,42.76524742075523],[-76.971782594988227,42.765050528630809],[-76.971710154526079,42.76492542569936],[-76.971668550467072,42.764853572729116],[-76.971623829820516,42.764767068088325],[-76.971560480478487,42.764644553932477],[-76.971529601308177,42.764569112200469],[-76.971474499641488,42.764434490603982],[-76.97145446802088,42.764304874300727],[-76.96773151761424,42.764321708898073],[-76.955921458870066,42.764374309905392],[-76.947567127819966,42.764421773581084],[-76.947729731380818,42.759273374286053],[-76.947732580503512,42.759183122278571],[-76.947778566414883,42.75772704074403],[-76.947081651433848,42.751751898846429],[-76.946980217839567,42.750948059030215],[-76.946874753423515,42.750112227256416],[-76.946818006339285,42.749803388958725],[-76.946811443417516,42.749767472974519],[-76.946523494527028,42.747740219823342],[-76.94640823755357,42.746855020922375],[-76.946284750240295,42.745906586808346],[-76.945875093995625,42.742949707164385],[-76.945854785840211,42.742803109028657],[-76.945455636523192,42.739921719047075],[-76.945114444258493,42.73731886899828],[-76.944959385915922,42.736599528807162],[-76.944746586814063,42.735984576652989],[-76.944335425304118,42.734880826393201],[-76.943821194414525,42.733689868885563],[-76.942949072416582,42.731669926934309],[-76.942891918994718,42.731548395785701],[-76.942834971004999,42.73142729697949],[-76.94226874328335,42.730128254718835],[-76.941990768255522,42.729490500558875],[-76.940871198744674,42.726691582256379],[-76.940591856442126,42.726004408605142],[-76.940327289407705,42.725353562623582],[-76.939700406540751,42.723795901135006],[-76.939540778261403,42.723385278967193],[-76.938844779016776,42.721645439667121],[-76.938829316123559,42.721605964081967],[-76.938632686347916,42.721103979335481],[-76.938157658753468,42.720061428031364],[-76.938151711736836,42.720048375752874],[-76.93800827688797,42.71973356932665],[-76.93749234912255,42.71890090309396],[-76.936421520577383,42.717172597604844],[-76.936021657255935,42.716522641064337],[-76.935997263477262,42.716482992704613],[-76.935454416267163,42.715600598809708],[-76.934826474235166,42.714658349244253],[-76.934175840424317,42.713682014630592],[-76.932474414203227,42.711182734452393],[-76.931096671968618,42.709280843416309],[-76.929881889065427,42.707624299607495],[-76.928204901418923,42.705514083619462],[-76.924438568725279,42.700507227558226],[-76.917910111499154,42.691979992387395],[-76.908112685012455,42.67910103806161],[-76.907677973206148,42.678503431986485],[-76.907055035379855,42.677647045947033],[-76.904842559400592,42.674784414924652],[-76.902074435841968,42.671024879325003],[-76.90135108354184,42.670080370381378],[-76.900102146438769,42.668449508191451],[-76.89877677434292,42.666532642665381],[-76.89841218759031,42.665906587450166],[-76.897824685339174,42.664897727342272],[-76.896969059628873,42.662913188390299],[-76.896686740188628,42.661879121367313],[-76.896571272602785,42.661384830251556],[-76.896478525109075,42.660987783922479],[-76.896324432956348,42.660044203775662],[-76.895441312793196,42.656202132052996],[-76.89521918437076,42.654395729017992],[-76.895125583024452,42.65269003200774],[-76.895091591632735,42.650469158170282],[-76.89506893393235,42.648988574818191],[-76.89499152457789,42.646439293894709],[-76.894750641403832,42.63405579110627],[-76.89469230781657,42.629204152558877],[-76.894646696406184,42.62540820783483],[-76.89462197251035,42.623351391824144],[-76.894622375822635,42.621968092328288],[-76.894574948436002,42.618482548965467],[-76.894535414055753,42.616370651072678],[-76.894417733549375,42.610082660605222],[-76.894287168177542,42.600263033629744],[-76.894108165437643,42.586885338119934],[-76.894000941662142,42.578865527965341],[-76.894008345508283,42.577606165124877],[-76.89401678142859,42.576170707999893],[-76.894031052663436,42.575134423051999],[-76.894047241987849,42.573959008378957],[-76.894178248467199,42.567714075742288],[-76.894289593607169,42.562304638605028],[-76.894323307766996,42.561157632246619],[-76.894373434030825,42.559452278225081],[-76.894487744113846,42.557726744420847],[-76.894573960875832,42.556425271309386],[-76.895086600457716,42.549001535054039],[-76.895435047730359,42.544382826077893],[-76.895533294852214,42.543080454900966],[-76.895617946899065,42.541633787177666],[-76.891899023541782,42.541710960857877],[-76.88487614944367,42.541856362838352],[-76.879823434718432,42.541889518050041],[-76.874683513863914,42.542066504006911],[-76.874560162626565,42.542072458689574],[-76.87387654522027,42.542105460592609],[-76.870241735751662,42.542225856899677],[-76.86620254765262,42.542359512923468],[-76.864198875555857,42.542424948974379],[-76.862743545737644,42.542472454608209],[-76.859362513615721,42.542525493189132],[-76.855750488446475,42.542579470226386],[-76.854891546920442,42.542599506354584],[-76.854657097195485,42.542610583235273],[-76.854256486818741,42.542629509586689],[-76.85389650457661,42.542644026294141],[-76.853536520936686,42.542658540073504],[-76.852811768104189,42.54268435610458],[-76.852443462702468,42.542697472585296],[-76.851149254083495,42.542741628319106],[-76.848591659034241,42.542828845994663],[-76.846467569824497,42.542856232015396],[-76.845672487735371,42.542866470744713],[-76.843985839818558,42.542915364023258],[-76.841772444868539,42.542979491168389],[-76.835009474089176,42.543153494080549],[-76.833214794057724,42.543192799773465],[-76.832857185181268,42.543200628181346],[-76.831218481323461,42.543236490225716],[-76.830403457548172,42.543276531928122],[-76.829902436167032,42.543290750603184],[-76.829452512388301,42.543303518642254],[-76.827168401064938,42.543365542167031],[-76.824625427560377,42.543434539417412],[-76.823215464509744,42.54346554233549],[-76.822509496886212,42.543478486612841],[-76.819604502613686,42.543563480791569],[-76.819343088261661,42.543576898841913],[-76.819195430285433,42.543584477090235],[-76.819051753649347,42.543585962889217],[-76.818805475342515,42.543588507446003],[-76.811126413471996,42.543808508437813],[-76.810338508859459,42.543822493076767],[-76.809644473475558,42.543831478575932],[-76.808374457441971,42.543863509681486],[-76.806002413520702,42.543929478366849],[-76.805004414528952,42.543951511037946],[-76.804428163903907,42.543961489324083],[-76.80373544061375,42.543973481239803],[-76.803364813598961,42.543984472843505],[-76.802790464476502,42.544001504614471],[-76.800600479828816,42.54407684729955],[-76.799622440841503,42.544110479944706],[-76.796688404409608,42.544191478346661],[-76.795962833428973,42.544206898279256],[-76.794676752421083,42.544234222277169],[-76.791632462556308,42.544305513010521],[-76.789610454966521,42.544356478376429],[-76.788172730544659,42.544407405844183],[-76.785083443570173,42.544487174558469],[-76.780882419976365,42.544595518347961],[-76.78067299056984,42.544600224832124],[-76.780570480596225,42.544602529572231],[-76.780316309585359,42.544613168704821],[-76.780049304952456,42.544622303336332],[-76.779970786975511,42.544624987681019],[-76.778046478525226,42.54467748269726],[-76.773518043557488,42.544800892214504],[-76.772024499069587,42.544843464979465],[-76.771676468638333,42.544855501649693],[-76.770983511690176,42.544879466805732],[-76.76732579606707,42.544958207965223],[-76.761821433737296,42.54507648186712],[-76.760941059914998,42.545109319817406],[-76.760560435541151,42.545123515899164],[-76.760130886752378,42.545138228245307],[-76.759658804438885,42.545154398964861],[-76.759101484727736,42.545173483969052],[-76.757738731936968,42.545205000675161],[-76.757156464567942,42.545218462249572],[-76.752298457404279,42.545326465651875],[-76.749484447574659,42.54540549594703],[-76.747547428518004,42.545445507358991],[-76.745969117029048,42.545488780261785],[-76.745763406349539,42.545494418776286],[-76.743389473568541,42.545559471307676],[-76.74219170684006,42.545592602691535],[-76.741038455586889,42.545624491742132],[-76.735670340048856,42.545780938608992],[-76.7333202462884,42.545837091091926],[-76.730922108504316,42.545894339400235],[-76.729025127099789,42.545947269734427],[-76.726469687750637,42.546018523221917],[-76.722406403443614,42.546102461070326],[-76.720946495220957,42.546150517596672],[-76.71499845824242,42.546316532882983],[-76.703429429413973,42.54660989837199],[-76.701579384415908,42.546656489578048],[-76.700253681562401,42.54669819759021],[-76.696545339185718,42.546801196601827],[-76.695791420404817,42.536516512084596],[-76.695629686653035,42.532110374938476],[-76.695131441446136,42.523997853805966],[-76.694948319499204,42.519679589806813],[-76.694787149184918,42.517355689890458],[-76.694303802225662,42.510640549907748],[-76.694212444416223,42.509390459308655],[-76.694216429497828,42.509213531923905],[-76.694155484492171,42.508160517643454],[-76.694086375546632,42.507111493877566],[-76.693804423984574,42.502714482794559],[-76.693763855075204,42.502094535254606],[-76.693728385518597,42.501552451867248],[-76.69361342331176,42.499791500058102],[-76.693492467494579,42.497136474600005],[-76.693496469928292,42.496928478025289],[-76.69339786123011,42.496067366837607],[-76.693390198843915,42.495649424233989],[-76.693377541977128,42.494959094424175],[-76.693189197487456,42.492506091165716],[-76.692963736670322,42.489569357165031],[-76.692713598011323,42.48603036860716],[-76.69252540667361,42.483367504352621],[-76.692330454496343,42.480969503123667],[-76.692192439385039,42.478760496939742],[-76.692133482318383,42.47791349226766],[-76.692115392527398,42.477576502102067],[-76.691878461458202,42.474124474874898],[-76.691859413117641,42.47388514321036],[-76.691748434844541,42.472490533368806],[-76.691618658071462,42.470765453891644],[-76.691527485110015,42.469553474060881],[-76.691469468684716,42.468537509557791],[-76.691435392282088,42.467904472850861],[-76.691421405267334,42.467633520625036],[-76.691256861926888,42.465901808106231],[-76.691205414492373,42.465227121994545],[-76.691042417764308,42.463089494208766],[-76.691057385018468,42.462990480668559],[-76.691057426494268,42.462761467588827],[-76.691037571145571,42.462304927611555],[-76.691027419448162,42.46207145324184],[-76.690995398489449,42.461592297641097],[-76.690950437732781,42.460919515227502],[-76.690897427996902,42.460034506731049],[-76.69084439245735,42.459374459975635],[-76.690790446753979,42.458924523775821],[-76.690722486331396,42.458256501647519],[-76.690699102062567,42.457885555192213],[-76.690630391554649,42.456795443045472],[-76.690625370803986,42.456744457072034],[-76.690607381018665,42.456559474939809],[-76.690493389575451,42.455292449015502],[-76.690310448704224,42.452343472612817],[-76.690252477736365,42.451241500416643],[-76.689980365688911,42.447177501619827],[-76.689885053191787,42.445864185087352],[-76.689725422239732,42.443664479743909],[-76.689524479096818,42.440327438601855],[-76.689402430463275,42.438916526913673],[-76.689310469625767,42.437584510296034],[-76.689280435532581,42.437077488023419],[-76.689172374322936,42.435684465606634],[-76.689135409031323,42.435204473659155],[-76.689058428617457,42.434067474730917],[-76.689030179494765,42.433548581851014],[-76.689029917373929,42.433543753813225],[-76.689015475747425,42.433278496243652],[-76.6890075111382,42.433138601411557],[-76.688993384122057,42.432890498644284],[-76.688993427460446,42.43282875189761],[-76.688993468534605,42.4327714454055],[-76.688857406705608,42.430167486813218],[-76.688789409178383,42.429097453192405],[-76.688753891226114,42.42852339998398],[-76.688685466503742,42.427417449097653],[-76.688646287560928,42.426811305314658],[-76.688617477297967,42.426365510793595],[-76.688532419599241,42.424537449148609],[-76.688456454577278,42.423260489422077],[-76.688446015963862,42.423112539823599],[-76.688396414738165,42.422409438644628],[-76.688357509583867,42.421727851844409],[-76.688312455727242,42.420938523996277],[-76.688295471183153,42.420681483284341],[-76.688277821758049,42.420520404878879],[-76.688269391947117,42.420443485854641],[-76.688250551535091,42.420181630225613],[-76.688212403566382,42.419651467823449],[-76.688031530494172,42.416130409601109],[-76.687968412477929,42.414901517220514],[-76.687857469705406,42.413266462845328],[-76.687851253653662,42.413068701911236],[-76.687823468773075,42.412184484436395],[-76.687392096636842,42.405534728082223],[-76.686989214871346,42.399322512076608],[-76.686733686049763,42.394573621002124],[-76.68650833347229,42.390384773930599],[-76.688097200504615,42.39033438182765],[-76.688240313403682,42.373291137908666],[-76.690423421362894,42.373226465592609],[-76.69009920613513,42.339794907765537],[-76.690039350744243,42.335499210846805],[-76.690040598212278,42.328165132391128],[-76.69002300863373,42.327030621593103],[-76.689999723500549,42.325528454756792],[-76.68993444417778,42.321181590959661],[-76.689818460671475,42.313455611097055],[-76.690591681512402,42.313434833290863],[-76.691185532426601,42.313418871933273],[-76.691235251214124,42.308060656755586],[-76.691237141982768,42.307856715782293],[-76.691237223846827,42.307847833204242],[-76.691244204735113,42.307095345683656],[-76.691245192440519,42.30698905183079],[-76.691246452289491,42.30685319769497],[-76.691291674171694,42.30304879224483],[-76.69141883755519,42.295790843651496],[-76.691118825166598,42.283433433554997],[-76.669240824710442,42.283514174020745],[-76.657485407861046,42.283439458097256],[-76.634681520402708,42.283144809189494],[-76.625422721271519,42.28299244425925],[-76.622980595507173,42.282928638389016],[-76.619284650718669,42.282931832806462],[-76.61928403549976,42.282826446230985],[-76.619281428590284,42.282380450007011],[-76.619282160749989,42.282002688742985],[-76.619283385910109,42.281372481565043],[-76.619285088409498,42.280187215946142],[-76.619287684548326,42.278379545741991],[-76.61929041531279,42.276480478101149],[-76.619304419039779,42.274517449383275],[-76.619320315355694,42.274171494740145],[-76.619328404168243,42.27399548868997],[-76.619347398514975,42.273804476280304],[-76.6193890940675,42.265480711445335],[-76.619412814515073,42.259920589014705],[-76.619424545459594,42.254643234743995],[-76.619429495174558,42.25200210583926],[-76.619431360148582,42.251007397430826],[-76.619445512927342,42.250728594321707],[-76.61948206515504,42.250008598601617],[-76.619502066015414,42.24929975130614],[-76.619492485997455,42.248449878426868],[-76.624363759851533,42.245344417967395],[-76.625616064397704,42.244555137648334],[-76.628185890815573,42.242935371652315],[-76.633001185656525,42.239864229433614],[-76.636606238337961,42.237514862122282],[-76.642434422036644,42.233794913903203],[-76.642847728475189,42.233534253858963],[-76.649519954535265,42.238255036409178],[-76.667685412585342,42.237945502713387],[-76.685850687597579,42.237633092319626],[-76.685874342226128,42.2483647812575],[-76.688530051739718,42.248375583092013],[-76.693198391505803,42.248394420335195],[-76.693489424428989,42.248403451438598],[-76.694259452323976,42.248374425638119],[-76.695208407497802,42.248332480701322],[-76.695690403481535,42.248302478031121],[-76.695812386245407,42.248299414412834],[-76.696789470493385,42.248271452247891],[-76.69715447300689,42.248290455673057],[-76.715871257272639,42.248130759387053],[-76.71718919855725,42.248119398230976],[-76.727293062742234,42.248031802671051],[-76.730433244084793,42.247995721801765],[-76.732788717371989,42.247987293659527],[-76.73280948772036,42.250076469820051],[-76.732925186210778,42.255960635262284],[-76.733053157473094,42.261168350782071],[-76.733181268575265,42.266380142381529],[-76.733228382626081,42.268458315918139],[-76.733251693787011,42.269486483633557],[-76.733401598447642,42.276560340385814],[-76.733430309164618,42.280651390037761],[-76.73347773350082,42.282828770229493],[-76.733561781500299,42.286686907293685],[-76.733749092229289,42.291509975700457],[-76.733832506578338,42.293878855708179],[-76.733833698780131,42.29483187225123],[-76.749605836667996,42.294784814436255],[-76.770501810192073,42.294443015011282],[-76.778507317452735,42.29433107982468],[-76.784923582917088,42.294318365309898],[-76.791263404548687,42.294342744036953],[-76.803286593741078,42.294310969743862],[-76.813333401561508,42.294228454994879],[-76.827949924251371,42.294099114727629],[-76.841214541006963,42.293786978199194],[-76.844593661392253,42.293703217988899],[-76.847122631185826,42.293615315390646],[-76.848350410596709,42.293526953758281],[-76.85393110105241,42.293252230238579],[-76.862375350744031,42.292836193108457],[-76.8670551034282,42.292605455977899],[-76.874738815715233,42.292236645810434],[-76.892788104058013,42.291289300002255],[-76.899195709265626,42.290956045851082],[-76.927634169860738,42.289378327892706],[-76.931190236282518,42.2891690022388],[-76.935553935393855,42.28891201437775],[-76.955408762496376,42.287722936002773],[-76.965727223785578,42.287518977891843],[-76.965782360556446,42.283860606572389],[-76.965721059029875,42.280470352019577],[-76.965727242300673,42.278439543070249],[-76.965727756260435,42.278271093814581],[-76.96572702359822,42.277833693342814],[-76.96572698959433,42.276373668589336],[-76.965726939612438,42.274023194120694],[-76.965726911563252,42.272717259615852],[-76.965726838393763,42.269132190444914],[-76.965726820167902,42.268377288600881],[-76.965726749094827,42.264844411822992],[-76.965726749471614,42.264807568955632],[-76.965726744980827,42.264772929185611],[-76.965726744512693,42.264702049749125],[-76.965726689425011,42.262028461981146],[-76.96572668895935,42.262002910908656],[-76.965726686671374,42.261865734598473],[-76.965726637486796,42.259296081150872],[-76.965726546800596,42.254418055621599],[-76.965726454020142,42.249351428363745],[-76.965726453463688,42.249232963132158],[-76.965726447819364,42.248928269957936],[-76.965726390943459,42.245713025678988],[-76.965726388419,42.245611281164791],[-76.965726388336691,42.245611066888344],[-76.965726332630339,42.242007531313185],[-76.965726330681903,42.241920322444351],[-76.965726274719614,42.238254476768084],[-76.965726272687306,42.238151394239345],[-76.965726178895594,42.231729082893715],[-76.965726177520608,42.231675669347403],[-76.965726151955977,42.229730015656656],[-76.965726151061133,42.229662629949452],[-76.965726140273119,42.228866631159846],[-76.96572613063428,42.228298822338289],[-76.965726130947701,42.2281951048938],[-76.965726127390866,42.227870360356263],[-76.965726123451006,42.227533306556268],[-76.965726120425046,42.227401736649945],[-76.965726118511782,42.227261719886002],[-76.965726116097812,42.227139885187832],[-76.9657260874516,42.22551250223114],[-76.96572608859573,42.22550727223674],[-76.965726087695231,42.225489057755318],[-76.965726064212404,42.224135070815613],[-76.96572605596802,42.223626255366796],[-76.965726051408126,42.223433197626875],[-76.965726047473893,42.223251283211006],[-76.965726042650189,42.222981098145105],[-76.96572603655413,42.22245154988115],[-76.965726034602298,42.222383577979848],[-76.965725951819195,42.217035386633519],[-76.96572590101475,42.213989403106069],[-76.965725900916354,42.213981958300245],[-76.965725899216281,42.213837121756299],[-76.965725855017027,42.207844068563546],[-76.965725854687605,42.207713096014949],[-76.965725850104519,42.207089668201213],[-76.965725758271446,42.199268060656955],[-76.965725754240964,42.199142678071496],[-76.965725753534528,42.199090144742129],[-76.9657257537107,42.199016269095843],[-76.96572573470138,42.196599099716003],[-76.965725715980383,42.193510226099853],[-76.965725709435247,42.192572768639799],[-76.965725705818173,42.192498856909104],[-76.965725705768179,42.19233113521296],[-76.965725704408555,42.192207383866297],[-76.965725686509089,42.189411045280345],[-76.965725672499971,42.187410466013482],[-76.965725672273905,42.187409825878568],[-76.965725652409972,42.185554438831687],[-76.965725652710816,42.185419094661896],[-76.96572565041933,42.18516359401923],[-76.965725616931152,42.181218575675388],[-76.96572558848473,42.177899330137727],[-76.965725565898836,42.174714858975534],[-76.965725566455646,42.174714147710276],[-76.965725505302032,42.16566545674123],[-76.965725492413313,42.163650070387952],[-76.965725481479367,42.16217595057789],[-76.965725466185546,42.159138835847045],[-76.965725456473848,42.157352248721701],[-76.965725447499253,42.155917065936201],[-76.965725440745331,42.154496081092702],[-76.965725438704439,42.154031222891305],[-76.96572543189032,42.152676911129014],[-76.965725422402912,42.150972754161188],[-76.965725423989468,42.150797128086893],[-76.96572541956796,42.150230326207179],[-76.96572541849774,42.149939071600173],[-76.965725416303087,42.149661096958113],[-76.965725414334401,42.149336320062787],[-76.965725413281362,42.14871437775799],[-76.965725410824888,42.148348906453556],[-76.965725409343818,42.147389151042248],[-76.9657254082001,42.147356394059109],[-76.965725346405748,42.143517757219229],[-76.965725345704783,42.143430185814552],[-76.965725346415653,42.143388687417733],[-76.965725342454036,42.142949545589815],[-76.965725338236751,42.142568058703766],[-76.965725332467201,42.142181485785187],[-76.965725328964226,42.141858618090069],[-76.965725339334384,42.139377891231206],[-76.965725340318798,42.139304265108208],[-76.965725341030947,42.139216318193228],[-76.965725342199292,42.138961564565243],[-76.965725348078365,42.138070214430684],[-76.965725346820136,42.137862905935101],[-76.965725351205919,42.13714461165813],[-76.965725352458279,42.137006684170856],[-76.965725353528143,42.136636085577038],[-76.96572535904879,42.13612687968395],[-76.965725356570985,42.135978476734607],[-76.965725360352835,42.135558052373774],[-76.965725360354966,42.13536381221256],[-76.96572535988733,42.135185378408728],[-76.965725363125387,42.13459212928413],[-76.965725361830593,42.134425218007145],[-76.965725360148298,42.133697220357774],[-76.965725351511935,42.130660733385334],[-76.965725349470233,42.13006796189164],[-76.965725344617695,42.127254115583646],[-76.965725344519896,42.127198190910804],[-76.965725343265873,42.127039910086658],[-76.965725341767651,42.125858527658515],[-76.965725341693386,42.125852481868364],[-76.965725338906267,42.124827730668692],[-76.965725338547216,42.124247439999294],[-76.965725349118202,42.123899447222463],[-76.96572537707965,42.122862272659063],[-76.965725310980929,42.120928675621997],[-76.965725334661684,42.120875693125527],[-76.965725819421664,42.120838451569654],[-76.965726789193752,42.120763608319578],[-76.965743396882146,42.11948116167148],[-76.965745246209522,42.119338202791639],[-76.965766242086687,42.117717291710349],[-76.965765522001973,42.117544231199403],[-76.965758078453376,42.115751667730514],[-76.965734514759987,42.110076503666512],[-76.965728150842608,42.108543699663841],[-76.965726563962733,42.108161769195753],[-76.965725325878395,42.107863420066707],[-76.965725331574205,42.107445498398192],[-76.965725333476627,42.103007842595076],[-76.965725333722588,42.101869255810932],[-76.965725335478098,42.10062827615689],[-76.965725340569364,42.096466448590114],[-76.965725348036145,42.092259599781855],[-76.965725346863593,42.092205671740047],[-76.965725349570661,42.091008288376244],[-76.965725358033765,42.087364906134674],[-76.965725365978784,42.085403851609207],[-76.965725366277994,42.08535700473071],[-76.965725366271585,42.08535378328758],[-76.965725366434356,42.085353407842156],[-76.965725365348263,42.08534879896726],[-76.965724289986511,42.076261735451226],[-76.965698519058591,42.072748399689651],[-76.965725340001057,42.069741891597623],[-76.965725433582989,42.06828570571782],[-76.965725438190589,42.067512514687273],[-76.96572544386774,42.066348675023043],[-76.965725445471463,42.066120814330425],[-76.965725445265562,42.065993527284895],[-76.96572544975848,42.064946643765701],[-76.965723456259269,42.060836659037847],[-76.965730497606032,42.05836137400474],[-76.965725523450189,42.056911399246864],[-76.965723479063669,42.056816309089925],[-76.965651150954017,42.053451310036316],[-76.965723533962787,42.04849906084074],[-76.965751229724503,42.043513111933542],[-76.965725601941514,42.041313552861801],[-76.965725578314022,42.041098294420692],[-76.965725579173508,42.041044651304112],[-76.965725637380899,42.038631090424452],[-76.965725669720086,42.037277840749212],[-76.965779503776218,42.028954355348255],[-76.965725736506471,42.027331950893242],[-76.965725762190232,42.024341032265539],[-76.965725784092712,42.02217595681703],[-76.965725784182339,42.022134256766513],[-76.965725814340018,42.021996007694604],[-76.965725817568043,42.020265842894858],[-76.96572581894344,42.019638103607797],[-76.965725820407059,42.018597829281418],[-76.965725830955307,42.017581018067389],[-76.965862466305254,42.017578486580014],[-76.965838671424478,42.015940501012075],[-76.965791485423125,42.014538395014213],[-76.965774753796623,42.01383682022032],[-76.965777429414061,42.01140838956956],[-76.965884538529679,42.008440398134717],[-76.965850434513612,42.006710001680659],[-76.965816466346141,42.004779416387642],[-76.965797700879023,42.003257425426916],[-76.965791473813965,42.002752390841628],[-76.965794085104378,42.001116536040833],[-76.965784220083449,42.001116614826607],[-76.960509254831948,42.001182276961671],[-76.960507814882249,42.001182294297955],[-76.955399056472885,42.001245654674157],[-76.946376306071983,42.00135386636795],[-76.942719507844359,42.001419409153065],[-76.942677543274243,42.00141981963742],[-76.942677447920929,42.001419820836254],[-76.937383377013504,42.001471499598175],[-76.926944503938316,42.001584686660301],[-76.926943834041666,42.001584694067702],[-76.926884456970299,42.001585334571956],[-76.901375169883465,42.00178901397387],[-76.888760626364217,42.001886704431001],[-76.888760574455318,42.001886703668774],[-76.869303471748623,42.001929315746921],[-76.868843613877544,42.001930163296919],[-76.868841421800155,42.001930166948263],[-76.868466073494474,42.001930856787702],[-76.861230582473908,42.001943308585766],[-76.84985688907453,42.001961960778658],[-76.833991581186041,42.001999507147822],[-76.830489590700793,42.002008243124685],[-76.81518965657051,42.001947875419255],[-76.78921268973842,42.001877071420679],[-76.77783816970917,42.001844216909184],[-76.772252311699603,42.001822212159048],[-76.763740695552244,42.001764758756622],[-76.762054958666184,42.001752923241852],[-76.748436781800436,42.001656396611082],[-76.747274570859133,42.001650891817221],[-76.742520150586358,42.001615378887834],[-76.739087845187228,42.001593539171836],[-76.734880727511822,42.001566627724465],[-76.733970114999721,42.001559011738152],[-76.731066655545703,42.001536245997308],[-76.730410071557245,42.001531087298062],[-76.729569361531773,42.001524475873673],[-76.728898959560084,42.001518514906849],[-76.728505079412301,42.001515010688152],[-76.728492281474502,42.001514863906635],[-76.727709309064721,42.001505906825081],[-76.7276816924727,42.001505591314384],[-76.725087002590939,42.001478068349314],[-76.714552380429595,42.001372188936045],[-76.706923430493902,42.001322427803643],[-76.701661812004104,42.001288225569269],[-76.695168425333193,42.001245683561109],[-76.695168356527688,42.00124568272777],[-76.686962304561561,42.001151175791307],[-76.6620676661083,42.000940009764356],[-76.637989905713368,42.000729564081674],[-76.63300598803302,42.000686229169709],[-76.621147262887646,42.00058238325925],[-76.605218096961067,42.000440321888924],[-76.589289001508931,42.000296050153999],[-76.587684517485371,42.000282951705785],[-76.58621443541999,42.000271193385238],[-76.579796339556765,42.000214198410049],[-76.57979414269191,42.000214177634042],[-76.579553502705224,42.000212034306692],[-76.557729324643063,42.00007139423645],[-76.557698868020154,42.000071196563006],[-76.548863809571856,42.000013689782435],[-76.548765022690844,42.000012656174562],[-76.548696173278557,42.000011935840675],[-76.546331048719779,42.000000570911887],[-76.54577130357282,41.999992466840922],[-76.545504839477189,41.999991904856387],[-76.541363570411988,41.999963241295333],[-76.53642638778706,41.999909767280805],[-76.535625088505739,41.999899912139163],[-76.534996438925702,41.999892176155342],[-76.534194597581504,41.999884585117066],[-76.533527882495179,41.999878268073168],[-76.532129854160019,41.999862861873758],[-76.528993134789175,41.999829763215828],[-76.528239358104727,41.999821743656561],[-76.526661138575435,41.999804937236974],[-76.525115505628946,41.999786887650991],[-76.525115248527513,41.999786884819514],[-76.524708872838858,41.999782135685507],[-76.52430417560582,41.999778064849629],[-76.524227319131029,41.999777292409519],[-76.521490707014635,41.999749724984461],[-76.520724652480382,41.999740804026274],[-76.509735684656732,41.99961973269658],[-76.509621743468543,41.999618472013708],[-76.509513586906621,41.999616864696428],[-76.507972097303551,41.999594962091358],[-76.496445375547054,41.999430516228941],[-76.496343155399799,41.999428412999215],[-76.485140883007332,41.999303194915818],[-76.485139595142869,41.99930315599898],[-76.48497470878992,41.999298097961699],[-76.475608134518907,41.999162300055985],[-76.475504340071865,41.99916104384252],[-76.473342818057688,41.999131641066874],[-76.47325714226092,41.999130645979079],[-76.466688829245371,41.999054249446203],[-76.466688517836033,41.99905424462797],[-76.466609641404588,41.999053326217641],[-76.466607496601199,41.999053261011433],[-76.466497182231109,41.99904992279123],[-76.465943128400966,41.999045306830681],[-76.462718641660956,41.999018391844871],[-76.462282096627689,41.999008109390964],[-76.461949564875226,41.998997414894809],[-76.461896127388925,41.998995697209679],[-76.444981890236875,41.998791735765082],[-76.443055422860979,41.99876894432424],[-76.44289578974066,41.998767053765],[-76.44088656524913,41.998751959614111],[-76.425264114227033,41.998633390812273],[-76.422948348568966,41.998619954263106],[-76.406838105514339,41.998567041586121],[-76.390727897456316,41.9985118680761],[-76.389509782434871,41.998506868282924],[-76.385465590434123,41.998492544432551],[-76.383136731907101,41.99849325612773],[-76.383136695696237,41.998493256064563],[-76.381607998448473,41.998491582965265],[-76.378776371207536,41.998488432353199],[-76.364337544173068,41.99844849285526],[-76.349898743315507,41.998406737302901],[-76.349632288877373,41.998405547808197],[-76.344781891011806,41.998391522950286],[-76.343574562495917,41.998390649090105],[-76.342782004380012,41.998389505161313],[-76.327751153581957,41.998366768777139],[-76.312720323698272,41.998342064338615],[-76.304103460422667,41.998326154123163],[-76.292751218499077,41.998353522979599],[-76.284481361440911,41.998371921124722],[-76.2844803173451,41.998371923808783],[-76.281714624684938,41.998377942880936],[-76.276077755871242,41.998390389299104],[-76.269455851548713,41.998404656160616],[-76.266801201793328,41.998410293553739],[-76.264484911034359,41.99841516309435],[-76.263351552686032,41.998415166234139],[-76.244509172157763,41.998413571631765],[-76.224885518582838,41.998494688115315],[-76.205039183478334,41.998583495698036],[-76.205037976418282,41.998583499823539],[-76.2049819165982,41.998583747243849],[-76.204977736603524,41.9985837523746],[-76.204875238047535,41.998583872785488],[-76.190362328921978,41.998607534037006],[-76.190197066461792,41.9986075246075],[-76.173416578171086,41.998686478743373],[-76.156636068528812,41.998762979711138],[-76.145692025836425,41.998867164109392],[-76.137712260171583,41.998884874400112],[-76.137695252093195,41.998885346790388],[-76.131248603697898,41.998895945014318],[-76.130894663552638,41.998887725844405],[-76.12618068586761,41.998867439087761],[-76.110854470877143,41.998909624039399],[-76.109578479719858,41.998913042778732],[-76.106681779148047,41.998920754107502],[-76.105898789971292,41.998922399136049],[-76.091653085298546,41.998951413715382],[-76.090934552061498,41.998952831165397],[-76.090876150883403,41.998953421578882],[-76.087545919991769,41.998971123390717],[-76.087189421481668,41.998973011708024],[-76.066707500576115,41.999016910305805],[-76.064723846470756,41.999021957336666],[-76.060105067473714,41.999030376553094],[-76.048029674554471,41.999054025092306],[-76.047968808838505,41.999053957332919],[-76.047835464574462,41.999053808061319],[-76.038051672661055,41.999042422620988],[-76.038051620752711,41.999042423274759],[-76.037956106194088,41.999041737235522],[-76.036741329536468,41.999040833086426],[-76.009011139952975,41.999016697646205],[-76.008814790064648,41.999016503827505],[-76.000981267023207,41.999015819301015],[-76.000900971216026,41.999015410124414],[-75.989351598491112,41.999010823218278],[-75.98935155261745,41.999010823881271],[-75.988819550985028,41.999011099559624],[-75.9791161364722,41.999015718789593],[-75.974425957723184,41.999017656655155],[-75.970058446593313,41.999019288643368],[-75.970058391055062,41.999019290147366],[-75.970056299259554,41.999019289776221],[-75.969997519867519,41.999019310664742],[-75.969862638801757,41.999019358818437],[-75.969862594143592,41.99901935857978],[-75.959804079254042,41.998971815020163],[-75.958582957143634,41.998965920195864],[-75.953706729471548,41.998942252698313],[-75.950489680342898,41.998927877384844],[-75.950365317599918,41.998927319559527],[-75.936024004650548,41.998862855250238],[-75.930865128784063,41.998839035244266],[-75.920604919788943,41.998779311019057],[-75.899212124696007,41.998651835197329],[-75.899210129736886,41.998651810702945],[-75.899132216336838,41.998650870045161],[-75.898047373580226,41.998642879010525],[-75.890840724959787,41.998589534392437],[-75.89061632374883,41.998587866215651],[-75.890210874865375,41.99858502712231],[-75.871459567910236,41.998452185311187],[-75.870045730487064,41.998442531744452],[-75.857556672738312,41.998356500899305],[-75.851760483171745,41.998316784855845],[-75.849106628991592,41.998298796419597],[-75.833223077103312,41.998189846633004],[-75.832076057692234,41.998183111756447],[-75.815117431376606,41.998098172559388],[-75.798158888138531,41.998010728237375],[-75.798156376517241,41.99801071375861],[-75.793021786600832,41.997983743696878],[-75.788356063539169,41.997958842173098],[-75.773447069437196,41.997877996067253],[-75.766712240280441,41.997867776559659],[-75.764707852485188,41.997864660399642],[-75.762372147612268,41.997888678952719],[-75.760996290653665,41.997902805287204],[-75.757167577870689,41.997933970869752],[-75.756341128786659,41.997942936765611],[-75.75384312219748,41.99796240255948],[-75.752296971789974,41.997975138070778],[-75.751785744652182,41.997978494562865],[-75.751761752002523,41.997978652083553],[-75.75174004935586,41.997979064782889],[-75.751673589253258,41.997980326372733],[-75.741797111544287,41.998057438855355],[-75.741796918405029,41.998057440140471],[-75.741796649219324,41.99805744176841],[-75.740075615401437,41.998070792196074],[-75.734264745982998,41.998126734982776],[-75.731670815996438,41.99814739902687],[-75.731670579396692,41.998147400872817],[-75.731632241706166,41.998147706153382],[-75.73128294577846,41.998150510640315],[-75.724575426130471,41.998204163749101],[-75.714544879040133,41.998282427578609],[-75.714544829545233,41.998282428104353],[-75.695923471130016,41.998427772633313],[-75.69557364556951,41.998430795667183],[-75.694624980367564,41.998438988575337],[-75.688731824436985,41.998469823844303],[-75.688255615571052,41.99847236622869],[-75.674694773783969,41.998543923434369],[-75.672397036422382,41.998554378085061],[-75.655568814495268,41.998626903785492],[-75.652796425914829,41.998653217242115],[-75.63477482647292,41.998773020593895],[-75.634767872121301,41.99877306666508],[-75.609631685183061,41.998882644579083],[-75.607525226850584,41.99889029224444],[-75.602649041217376,41.998907947701589],[-75.593268984061126,41.998941812718336],[-75.593265699554536,41.998941824903795],[-75.593029583129422,41.99894231893559],[-75.584808953999612,41.998959222751239],[-75.579350580919296,41.998970926653421],[-75.57442137052432,41.998978358341738],[-75.557013804840679,41.999028807944917],[-75.554815533656651,41.999036312928361],[-75.554225808182025,41.999038274087141],[-75.544333159569362,41.999070735981007],[-75.516116682321893,41.99916085244319],[-75.515331604985406,41.999163259673068],[-75.506168174811677,41.999198964677248],[-75.501796752688421,41.999215739673566],[-75.501718910650482,41.99921550407209],[-75.501342039478615,41.999216417845979],[-75.483172628525963,41.999259025666923],[-75.476494214612543,41.999249374725672],[-75.476114447495306,41.999244513646282],[-75.475941476675715,41.999242300278318],[-75.474689807730002,41.999246694804825],[-75.467524544150081,41.999271596591441],[-75.442674857689397,41.999353894908978],[-75.436832661618098,41.999372462236579],[-75.422920796491312,41.999407779797352],[-75.40171592297942,41.999463983979879],[-75.401632967386433,41.99946406000381],[-75.398551229893911,41.999464211684682],[-75.379588409264926,41.999508184109267],[-75.379419934932869,41.999510673026023],[-75.361733980499551,41.999559082440662],[-75.361559420128827,41.999560156853967],[-75.359646633963237,41.999562733304948],[-75.360633373857794,42.000022333758416],[-75.361437482143998,42.000392068720522],[-75.361714383116805,42.000560266602122],[-75.362004875975103,42.000823498088323],[-75.362322411510533,42.001148983388369],[-75.362563084524723,42.001477935942418],[-75.362734729707853,42.001809242995677],[-75.362810550502402,42.002077268665204],[-75.362815707750414,42.002384852034702],[-75.362776935977365,42.00266715035545],[-75.362765488058599,42.002750502812106],[-75.362594610827884,42.003220867436845],[-75.362406389042761,42.003780406070859],[-75.362325283259054,42.003936526674039],[-75.361963754527153,42.004632414869796],[-75.361932707581929,42.004837046090174],[-75.362045738211378,42.00513119622326],[-75.36226494123575,42.005525269265952],[-75.362653195211848,42.006122498313879],[-75.363019777679213,42.006650717705256],[-75.363232773616701,42.007081426999129],[-75.36342800861344,42.007310415871359],[-75.363623421153008,42.007432811426796],[-75.363790697337819,42.007537584245945],[-75.364378971775494,42.007825803753001],[-75.364774178427098,42.008060517083578],[-75.365024199217771,42.008238974365177],[-75.365545871573431,42.008354280066136],[-75.365870303462742,42.008321189703238],[-75.366557730382837,42.008113742035235],[-75.367185148830799,42.007772558913622],[-75.367665813308022,42.007481101423828],[-75.36849467073958,42.007043251934796],[-75.369221747134787,42.00663980310749],[-75.369946160288123,42.006185384702491],[-75.370406273136823,42.005896754980391],[-75.371184736930488,42.005327384327025],[-75.372010177058527,42.004775930185339],[-75.372399183276997,42.004465131786056],[-75.372872173750451,42.004211989686205],[-75.373690124483801,42.003763011148152],[-75.374519655609134,42.003284820067883],[-75.375118541561093,42.003012755683947],[-75.375924900178674,42.002737382376182],[-75.376776616740301,42.00251942407597],[-75.377790595062507,42.002281209901689],[-75.378793326518831,42.002199977389971],[-75.379412880918764,42.002202042571014],[-75.37962665463769,42.002195632392066],[-75.379700205489513,42.002202999617879],[-75.379823891885025,42.00220341156929],[-75.380976996539246,42.002318063620379],[-75.382118796020237,42.00244716410635],[-75.38295795446875,42.002602417165861],[-75.383305761818306,42.002767107187523],[-75.383453998748507,42.002814883177038],[-75.383966322477917,42.002980001634988],[-75.384502434573164,42.003183188720456],[-75.384796382377473,42.003351084990371],[-75.385090559370681,42.003482277778481],[-75.385631441283934,42.003725814971851],[-75.386405838526002,42.004147588377919],[-75.386972165103415,42.004457418329537],[-75.387242590299962,42.00460499543194],[-75.387596950647392,42.004985850565099],[-75.387880556600877,42.005319690130875],[-75.387932804303674,42.005388273092912],[-75.387932928847974,42.005388455358641],[-75.388118460145876,42.005675801097908],[-75.388383450226755,42.00594217834815],[-75.388643266605271,42.006190148573339],[-75.388867157558352,42.00634255486942],[-75.389209348356317,42.006514544124165],[-75.389444854488914,42.006600597947504],[-75.389477494059349,42.00661252394557],[-75.38999144111655,42.006823002384813],[-75.390302544509083,42.006936006131042],[-75.390348087129212,42.006952040106135],[-75.390602743720393,42.007041692091548],[-75.390952032437099,42.007129535603553],[-75.39119421497702,42.007164982199519],[-75.391453091050636,42.007193226043604],[-75.391732982550124,42.007229063981939],[-75.391946792585713,42.007158217263154],[-75.392300178608465,42.007026560017103],[-75.392496896644786,42.006885727848086],[-75.392634712354166,42.006730345211352],[-75.392689989400012,42.006668020807155],[-75.392919146232785,42.006538673328926],[-75.393351550386143,42.006510226348908],[-75.393911309446665,42.006506213843316],[-75.393977597434528,42.0065057393223],[-75.39469711287235,42.006421603021742],[-75.395151672505946,42.006364050074986],[-75.395261332022443,42.006351849375072],[-75.395573381109372,42.006317131434386],[-75.395859127475063,42.006334838403227],[-75.396071183276234,42.006382655127972],[-75.39657771046177,42.006721147749118],[-75.397056643075786,42.007084738050359],[-75.39774126954282,42.007727288199561],[-75.397963920233778,42.007936251308116],[-75.398671221896763,42.008510927335429],[-75.399267257012241,42.008960102354237],[-75.399669645462353,42.009236446657916],[-75.39985177251917,42.009324568437187],[-75.400574078482663,42.009674044633194],[-75.40145233433995,42.010060253564461],[-75.401836926829617,42.010280150996259],[-75.402134387497,42.010535854661271],[-75.402352401749027,42.010710128083012],[-75.402450281624184,42.010963777152931],[-75.402608092665901,42.01118511180821],[-75.402760408873746,42.011355621299508],[-75.402978008415488,42.011577570405635],[-75.403147281358144,42.011751341029324],[-75.403224430426761,42.01195709508788],[-75.403209184606212,42.012209580258265],[-75.403120019173713,42.01235513715136],[-75.402975488750315,42.012584338870447],[-75.402966656701807,42.012597637006479],[-75.402808942255149,42.012835096791243],[-75.402669196797262,42.013079097597462],[-75.402611801161598,42.013272490948339],[-75.402575275825868,42.013506403617818],[-75.40256879942028,42.013642768294226],[-75.40256623601671,42.013696693928487],[-75.402604519539906,42.013939608895946],[-75.402691896466763,42.014189549126485],[-75.402855477483271,42.014696344303964],[-75.403099692960666,42.015130103597997],[-75.403127146550133,42.015178864729648],[-75.403366617743757,42.015444952892558],[-75.403807897897963,42.01596545398295],[-75.40406231179017,42.016265537126159],[-75.404119282417824,42.016318750960771],[-75.404573022480818,42.016641827146962],[-75.40500454302132,42.016938692299867],[-75.405517460601928,42.017511328012915],[-75.405860142843821,42.01796146864767],[-75.406196552107389,42.018826784266409],[-75.406362916828343,42.019758445125554],[-75.406633141527237,42.020346939134704],[-75.406785053393506,42.020890311905283],[-75.406886256227537,42.021264910105472],[-75.406987856093778,42.021617901416548],[-75.407056820603486,42.021969526357466],[-75.407058877180702,42.022182396676648],[-75.407134060522893,42.022446271577785],[-75.407256211334342,42.02285761711213],[-75.407979986419164,42.023600316095553],[-75.411875377570738,42.030258731400416],[-75.412490794657657,42.031096686361153],[-75.412656383508022,42.032353004879702],[-75.412705057343047,42.03251761408572],[-75.413005273914081,42.033234885244056],[-75.413569346277129,42.034206877696313],[-75.41397598453338,42.034637655747254],[-75.41442216070476,42.035147998140495],[-75.414665894283388,42.035406723667855],[-75.415142321551741,42.036118692153693],[-75.415265017445535,42.036259760729202],[-75.415380575503178,42.036392623781651],[-75.415501522828464,42.03649521728822],[-75.41569468149676,42.036659057064391],[-75.415731265529232,42.036685939708953],[-75.415841365856622,42.036766839608006],[-75.416116820986133,42.036969243576735],[-75.416241863619206,42.037018310571241],[-75.416492055476979,42.037123984661264],[-75.416813597437283,42.03725537592976],[-75.417188490997361,42.037438590745765],[-75.417432728668629,42.037519796835987],[-75.417709391202635,42.037585420075743],[-75.417884479453662,42.037626950851418],[-75.418163979156134,42.037717605078683],[-75.418382997977375,42.037844347868202],[-75.418472080442584,42.037928211881628],[-75.4185951639042,42.038044085770878],[-75.419152343477037,42.038602531045811],[-75.419411941688494,42.038876157575395],[-75.419672011464598,42.039124061154283],[-75.419788847341266,42.039237251321083],[-75.420142725589912,42.039580086573828],[-75.420579719769506,42.039892041281561],[-75.421051770663794,42.040376376782284],[-75.421483972655963,42.040951898189604],[-75.421746247059431,42.041382825441346],[-75.421913849352677,42.041655513250959],[-75.422119214458519,42.042154126310798],[-75.422016858220971,42.042392182245621],[-75.421917501813297,42.042490826069482],[-75.421633844234336,42.04287969430451],[-75.421442929090048,42.043103475103528],[-75.421218062418617,42.043473040920169],[-75.421016756239439,42.043988976722822],[-75.420936758386418,42.044237204967033],[-75.420922506588809,42.044539269369373],[-75.420916029659239,42.044642112225532],[-75.420844836549463,42.044887000176672],[-75.420854996542047,42.045288789082306],[-75.420686356602687,42.045628050698717],[-75.420659080121183,42.04591206364762],[-75.420632957154965,42.046184075076347],[-75.42070566281123,42.046638809801564],[-75.420860488415613,42.047032117171369],[-75.420990563130587,42.047268580874288],[-75.421030235470965,42.047360139912023],[-75.421234350567829,42.047831216373382],[-75.421379934598804,42.048151193366728],[-75.421481604960633,42.048481700675978],[-75.421484358489934,42.048540725764887],[-75.421497159721255,42.048815110282206],[-75.421522892571375,42.04919613273033],[-75.421608154859825,42.049388561227644],[-75.421614066563862,42.049441466280911],[-75.421732312614694,42.050143740255933],[-75.422240949502338,42.051415866828918],[-75.422254199278953,42.051442910112094],[-75.422778100533534,42.05251220430948],[-75.422901142468206,42.0529357598543],[-75.422909928851254,42.052966002730926],[-75.422993743414565,42.053254513643175],[-75.423030899454844,42.053465944112091],[-75.42306499255136,42.053659961722957],[-75.423071110253915,42.054004131675605],[-75.423071455906239,42.054023568904221],[-75.423019875884322,42.054361656224216],[-75.422943932514769,42.054859440765227],[-75.422717262475047,42.055740076390762],[-75.422659807003896,42.055963296026221],[-75.422558901485004,42.056383738330595],[-75.422558788983551,42.056384210768726],[-75.422471756825615,42.056746838748161],[-75.422447731796524,42.057767892996367],[-75.422225444664875,42.06692226444968],[-75.422166469691902,42.068513582562346],[-75.422111683941338,42.070018986043912],[-75.422105595840449,42.070186255764945],[-75.422106978270435,42.070186252648085],[-75.422106976422356,42.070186287742359],[-75.422089260198135,42.071461295391295],[-75.422082562140702,42.072005439847189],[-75.42206192555102,42.073638454440285],[-75.421990232134164,42.076575693788001],[-75.421883992794719,42.079801365910086],[-75.421821960956962,42.08287556995478],[-75.421754509847304,42.086328782648458],[-75.421752061138648,42.086454188262501],[-75.421720980366757,42.08804526644883],[-75.421617863404663,42.091248013354125],[-75.42154471241787,42.09352265962854],[-75.421140247343416,42.106097285102486],[-75.421140245476863,42.106097321096676],[-75.421140244835584,42.106097356202923],[-75.421118944348052,42.106759394091902],[-75.420924433671189,42.112804912325707],[-75.420924433144791,42.11280494113079],[-75.420548352060848,42.124491010665771],[-75.420409930928159,42.128791255316827],[-75.420299457499581,42.133494775388527],[-75.420343758146316,42.142256044603627],[-75.41994449439855,42.14941701338347],[-75.419891252721939,42.150371792778806],[-75.419769297422803,42.152558746601464],[-75.419579022551844,42.15597452175011],[-75.419565039512705,42.156197932858454],[-75.419481890450655,42.157526570393934],[-75.419305454151925,42.162625007233949],[-75.4191261169602,42.167804018093761],[-75.418884961953282,42.173924565702464],[-75.418885489255246,42.180494053750706],[-75.418678408768073,42.186826345597346],[-75.418593328645002,42.189425578073717],[-75.418586647933722,42.189688950368001],[-75.418494969437461,42.195029619843687],[-75.418491542923576,42.19515244185164],[-75.418418410176471,42.197773868437068],[-75.418151605851762,42.207335662090351],[-75.418058155582671,42.210684233676723],[-75.417965217077565,42.214832523907845],[-75.417898549566189,42.217808092821961],[-75.417793588041221,42.226196364042522],[-75.417771022984638,42.227483662831339],[-75.417770471042971,42.227515177032011],[-75.417755988963165,42.228341286363523],[-75.417727377604976,42.229973571831707],[-75.417706295545855,42.231175562649796],[-75.417663486807413,42.23361613360354],[-75.417400097544373,42.241805295766071],[-75.41732188455012,42.244672722753009],[-75.417112031523885,42.250100738018268],[-75.416570626360738,42.263367550599028],[-75.416505908340696,42.265208688228803],[-75.416394750274861,42.268370843019341],[-75.415962846142449,42.281600089277546],[-75.415960115569888,42.281683701199675],[-75.415844899397612,42.285998388192766],[-75.415633029243679,42.293867465449424],[-75.415263192587489,42.31432503483601],[-75.415677880750138,42.314211416277068],[-75.416163279863,42.31411970179407],[-75.416259330864548,42.314121998439326],[-75.416596771736849,42.314130061063416],[-75.416767997810226,42.31411658468835],[-75.416934006258089,42.314103520432489],[-75.416684945535039,42.31429652442997],[-75.416350052675753,42.314649522732005],[-75.41612193339985,42.314916572753724],[-75.416039979402669,42.315012514805559],[-75.415996039738914,42.315177488655927],[-75.415995992633725,42.315317531835468],[-75.416018044133921,42.315441470437406],[-75.416062951693817,42.315663484923689],[-75.416130051639485,42.315828506129861],[-75.416130003502701,42.315968553785808],[-75.416090992565628,42.316125491366243],[-75.416018982491977,42.3162835379486],[-75.415835018571812,42.316671473837459],[-75.41560501523152,42.317162511378612],[-75.415566355484685,42.317243989583098],[-75.415103980070157,42.318218494358632],[-75.414891958902473,42.318770524853413],[-75.414831357730407,42.31900155943822],[-75.414768951054157,42.319239472738282],[-75.414580046749435,42.31994848936251],[-75.414497841081129,42.320169022127502],[-75.414494137996243,42.320178949738974],[-75.414490958279686,42.320187473724523],[-75.414402048213944,42.320286501821606],[-75.414363497811507,42.320310963225054],[-75.414246024759237,42.320385500963894],[-75.414140247908279,42.320434916291759],[-75.414034057259627,42.320484525366048],[-75.413213328907105,42.320848657373794],[-75.413031032334061,42.320929533873361],[-75.412820960887132,42.320985496276869],[-75.412709965568141,42.321011471851172],[-75.412521009256068,42.321011523125478],[-75.412431880329919,42.320993175146128],[-75.412346020556555,42.320975500594948],[-75.412262047468786,42.320937930735766],[-75.412261680481009,42.320937767635307],[-75.412212014711514,42.320915547947735],[-75.41209470373856,42.320851845804675],[-75.411978051156837,42.320788502282767],[-75.41180299457146,42.320686550564247],[-75.411353963532719,42.320294505439009],[-75.411142023434508,42.32013747829447],[-75.41082796073141,42.319970547571927],[-75.410613316968863,42.319883913741712],[-75.410309985465418,42.319761477682476],[-75.408960962232911,42.319420548875591],[-75.408633012842785,42.31933850813197],[-75.408547958771592,42.319292701184715],[-75.408539332573312,42.319288053707432],[-75.408425016482539,42.319226489682528],[-75.407962041015892,42.319263529925152],[-75.407894551571729,42.31932347379712],[-75.407522944803205,42.319653526082483],[-75.407334405501501,42.319953786196862],[-75.407198972719868,42.320169472419124],[-75.407164859753578,42.320273065079888],[-75.407158800609807,42.320291469762978],[-75.407070859075148,42.320558524024655],[-75.407064948906694,42.320576482783849],[-75.407013956332236,42.320799474815196],[-75.406990060990537,42.321008503073479],[-75.407010334154876,42.321129818659053],[-75.407037018666728,42.321289506636298],[-75.407119944614877,42.32159650243301],[-75.40721704194911,42.321786547660281],[-75.407283327102348,42.321897676573471],[-75.407327951806167,42.321972492288069],[-75.40775805257303,42.32255446686063],[-75.407974968855001,42.322711486389032],[-75.408056563085808,42.322746816668392],[-75.408085959571181,42.322759544752934],[-75.408882035774283,42.323087501737668],[-75.409186988386821,42.323306526376641],[-75.409320963740967,42.323436546710909],[-75.409483044640311,42.323614472087449],[-75.409744609595919,42.323915959989073],[-75.410046998548665,42.324264500276072],[-75.410178920552369,42.324371444756508],[-75.410220981477693,42.324405543409313],[-75.410338009989744,42.32450454957732],[-75.410360802460332,42.324557334711727],[-75.410384940678227,42.324613241423037],[-75.410389387609982,42.324623534961347],[-75.410391981454154,42.324629544849962],[-75.410437991521221,42.324817517033338],[-75.410440604248251,42.324844846071969],[-75.41044144753171,42.324853657771726],[-75.410452048940911,42.324964539274127],[-75.410457053893808,42.325117535086108],[-75.41041995448937,42.325254471975498],[-75.410360000705197,42.325367528824373],[-75.41005498201342,42.325699508050377],[-75.409967385235106,42.325778055339299],[-75.409842006409889,42.325890478341243],[-75.40949002354256,42.326131481420873],[-75.408796092909654,42.326592238432497],[-75.407769960078866,42.32727355423787],[-75.406747023452738,42.327929501659952],[-75.406581459489686,42.328053863365817],[-75.406498741232028,42.328115997066128],[-75.406490196477364,42.328122414878862],[-75.406474042146613,42.32813454886994],[-75.406394979577698,42.328240467065157],[-75.406361199477928,42.328308770358042],[-75.40634897568394,42.328333489365001],[-75.406296523570447,42.328501507389568],[-75.406284041905025,42.328541484610589],[-75.406283751887543,42.328546497166357],[-75.406283734457972,42.328546846301172],[-75.406283418579022,42.328552334846513],[-75.406270953574989,42.328770556772163],[-75.406283724784231,42.328843048943249],[-75.406297026300209,42.328918531027838],[-75.406347965665034,42.329082530081934],[-75.406419792206549,42.32921778109084],[-75.406440287430186,42.329256378167692],[-75.406441958870971,42.32925952924483],[-75.406532963521229,42.329519481260597],[-75.406574959888175,42.329745477113704],[-75.406576772612638,42.329849548879629],[-75.406579965346324,42.330032480662879],[-75.406577799030231,42.330050277026359],[-75.406538004930979,42.330377477072936],[-75.406482961440972,42.330575539206286],[-75.406409024402038,42.330780509772438],[-75.406312478086804,42.330913601977819],[-75.406268986334368,42.330973557026944],[-75.406215412717017,42.331034881429254],[-75.406144998587905,42.331115480121525],[-75.405819456413965,42.331439323349777],[-75.405770036353459,42.331488493030221],[-75.405193294399496,42.332004769247668],[-75.405067002414768,42.332120259182062],[-75.40506534243508,42.332120523914199],[-75.405063682455392,42.332120788646264],[-75.405035262332973,42.332146232334622],[-75.404969042548458,42.332205509447093],[-75.40403308376689,42.332782179043221],[-75.403384953383551,42.333181500134877],[-75.402522973442998,42.333497305351969],[-75.402142951627496,42.333636530092079],[-75.401429999259207,42.333949559797247],[-75.400953217211836,42.334181164960796],[-75.400734195568859,42.334287556866968],[-75.400710987736872,42.334298830416671],[-75.400649963014942,42.334328475954919],[-75.400263977009956,42.334594360713801],[-75.400228307886195,42.334618930732454],[-75.400143109241071,42.334677619342166],[-75.399771126841131,42.334933856256775],[-75.399670054493413,42.3350034803412],[-75.399103881579947,42.335452950066532],[-75.398968720196933,42.335560250640007],[-75.398923028215961,42.335596524935561],[-75.398813347480782,42.335685192324441],[-75.39833294391876,42.336073558277086],[-75.398210158231407,42.336221893307446],[-75.398155006798191,42.336288520076771],[-75.398083744292109,42.336383508708018],[-75.398031985877068,42.336452500447557],[-75.397909989569783,42.336683478376457],[-75.397827542200801,42.336982634568024],[-75.397827033080645,42.336984479402879],[-75.397808996422214,42.33728147465245],[-75.397776011559202,42.337825559666335],[-75.397897028233714,42.338844543630117],[-75.397990076510936,42.339363393751846],[-75.398058959031573,42.339747473315548],[-75.398074930409209,42.339863362762316],[-75.398115061846809,42.340154534776431],[-75.398177030464979,42.340490516718269],[-75.398318961678342,42.340859543850726],[-75.398405908880221,42.34101033196422],[-75.398451502345935,42.341089395882982],[-75.398480979346203,42.341140513846462],[-75.398795795245093,42.341516380263272],[-75.398986044770865,42.341743516617811],[-75.399645957768513,42.342489536344111],[-75.400336015510931,42.34341052777048],[-75.400537031982154,42.343674511663913],[-75.400670940642925,42.343962511433581],[-75.400879742599642,42.344359460615088],[-75.400884326938382,42.344368173194077],[-75.401138043484835,42.344850499618495],[-75.401300285789105,42.345095089767973],[-75.401427944409264,42.345287542953344],[-75.401573011559421,42.345476524759448],[-75.401612746174791,42.345523540565608],[-75.401851063556833,42.345805533344944],[-75.401973034203493,42.346027556746705],[-75.402021370022524,42.34614835790704],[-75.402021496401574,42.346148673410553],[-75.402085057530897,42.346307523741778],[-75.402369097570741,42.347123376079878],[-75.402395969803251,42.347200561078033],[-75.402415275657262,42.347288144808729],[-75.402473989066024,42.347554495429016],[-75.402486768934708,42.34765240397418],[-75.402487358164478,42.347656910593656],[-75.402496964689277,42.34773048491919],[-75.402507065474992,42.348114558185962],[-75.402483885215631,42.34830616404367],[-75.402455051492495,42.348544514135391],[-75.402396054356942,42.34869854564932],[-75.402296022521639,42.348871542156317],[-75.402278124604379,42.348894662683321],[-75.402271596000332,42.348903097765287],[-75.40220702912525,42.348986500765122],[-75.402094957574931,42.349118471976425],[-75.402051334288288,42.349150584186496],[-75.402031052961902,42.349165513585611],[-75.40196020979009,42.34921766122725],[-75.401916950626429,42.349249506150194],[-75.401800095493726,42.34931709485663],[-75.40166098228768,42.34939756224734],[-75.401546905718305,42.34944981138409],[-75.401337994230133,42.349545493995599],[-75.401141225503736,42.349620827946175],[-75.400993049973025,42.349677555859053],[-75.400626031395205,42.349776556289243],[-75.400280997042501,42.349875481705617],[-75.400094683867664,42.349907437748904],[-75.399311278426325,42.35004180069587],[-75.399179017573061,42.350064486808975],[-75.398923961239106,42.350165520441976],[-75.398623034155605,42.350329487797325],[-75.396336047627102,42.351951490795514],[-75.395394032245051,42.352523474364283],[-75.395144083195177,42.352668962795214],[-75.394815023357182,42.35286049781125],[-75.394602980524979,42.353008478390905],[-75.394457959417991,42.353156497306159],[-75.394268977747998,42.353362486149173],[-75.394202952645173,42.353541480113996],[-75.39413499100489,42.35381955595647],[-75.394123280244727,42.353989575587953],[-75.394112950405756,42.354139526792999],[-75.394050284256991,42.354543017308607],[-75.394046312420272,42.354568586622683],[-75.393979995588879,42.354995561942928],[-75.393757030235093,42.35582650901884],[-75.393655990096576,42.356130095710462],[-75.393578958940466,42.356361541058774],[-75.393398212489956,42.356773976124963],[-75.393334004241041,42.356920488818432],[-75.393003990659835,42.357548535877172],[-75.392998067662319,42.357562842981018],[-75.392991900314172,42.357577748039795],[-75.392807256270771,42.358023920421807],[-75.392775980367318,42.358099498931807],[-75.392697942984711,42.358379494697331],[-75.392665023426574,42.358592511205096],[-75.392664952887031,42.358814509834744],[-75.392732051184666,42.359020522811065],[-75.392804418734158,42.35909707861439],[-75.392888022446598,42.359185518714682],[-75.393055046850478,42.359291487437915],[-75.39327700076673,42.359365478018475],[-75.39362203959341,42.359431480701403],[-75.394923961442075,42.359612526901891],[-75.394998294959962,42.359642845796444],[-75.395124961821864,42.359694510022777],[-75.395390932411715,42.359832917285793],[-75.395614963322259,42.35994949678679],[-75.395904060762675,42.36004053702279],[-75.396403226018847,42.360169242794079],[-75.397016991600083,42.360327496815401],[-75.397261949620443,42.360351503260986],[-75.397483955854483,42.360335515951554],[-75.397547443481159,42.360321768939038],[-75.397751960996004,42.360277486919053],[-75.398163007410005,42.360179515658118],[-75.398313319032269,42.36015830930296],[-75.398630959954431,42.360113496137167],[-75.398832155213455,42.360122569442261],[-75.39898698331919,42.360129548274521],[-75.399143000628229,42.360164476023563],[-75.399146310400454,42.360165216937986],[-75.39921000839783,42.360179477340104],[-75.399253251392182,42.360200817872403],[-75.399334179452936,42.360240757727837],[-75.399431858586738,42.360288963205349],[-75.399432878540935,42.360289466196015],[-75.399443043123824,42.360294483137004],[-75.399506543758292,42.360347716610747],[-75.399610049488956,42.360434488327286],[-75.399643440107809,42.360489160981999],[-75.399698029689205,42.360578547039871],[-75.399716924553559,42.360669784656679],[-75.399731981160926,42.360742520433739],[-75.399662054727187,42.361037450366553],[-75.399575973064287,42.361400508373855],[-75.399561507455388,42.361563020335105],[-75.399553982260286,42.361647530986076],[-75.399554038528223,42.36182855606355],[-75.39958119240093,42.361946152968187],[-75.399608978555335,42.362066480664026],[-75.399678014159534,42.362223055808329],[-75.399743029550748,42.362370509098518],[-75.399887947705224,42.362527410174948],[-75.399887973883338,42.362527438354093],[-75.399887997650922,42.362527465608096],[-75.399888048776546,42.362527522853995],[-75.400243034948943,42.362798536319779],[-75.400868212714059,42.363127044585255],[-75.400966697757966,42.363178794286497],[-75.401166024522581,42.363283530424347],[-75.401455996801729,42.363546481920046],[-75.401844981704372,42.363948500557953],[-75.402268053660265,42.364343555104405],[-75.402356097120858,42.364433447454488],[-75.402935975711401,42.365025491573981],[-75.402985781896362,42.365090116571601],[-75.403157994578365,42.365313537651517],[-75.40320404100548,42.365400495090768],[-75.40325805648267,42.365502491918441],[-75.403321428298511,42.365672022859307],[-75.403347016814095,42.365740481218317],[-75.40399296091077,42.367746559084374],[-75.404409370138751,42.368851855404863],[-75.404559953248409,42.369251545890535],[-75.404592958855659,42.369346691784031],[-75.404670945418033,42.369571501225643],[-75.404716051508373,42.369900509371639],[-75.404750900064386,42.370187374934389],[-75.404782989942063,42.370451540190658],[-75.404782996292468,42.370755489669016],[-75.404771948654485,42.371001484770304],[-75.404682044720943,42.3711495038865],[-75.404649668846389,42.371180414557578],[-75.404527045866146,42.371297479282873],[-75.403748011277486,42.371749537579745],[-75.403435992614234,42.371939495661749],[-75.403273529051063,42.372059008270284],[-75.403247042030941,42.372078493301622],[-75.402902044134834,42.372391495574355],[-75.40254600318309,42.37280251875481],[-75.402410636368629,42.373002347368875],[-75.402289948477716,42.373180503204289],[-75.402234481450179,42.373320027993643],[-75.402179019245693,42.373459541098335],[-75.402145386943133,42.373602909057787],[-75.402122964549207,42.373698485580327],[-75.402122965607219,42.374002532042581],[-75.40220100029174,42.374487504558402],[-75.402330950183924,42.375075504895499],[-75.402365712255175,42.375589107042835],[-75.40248176634455,42.376148670671242],[-75.402532026234041,42.376470180791046],[-75.403129001092296,42.376849341051383],[-75.403982471710478,42.377132278682666],[-75.404968958758005,42.37739355973558],[-75.405325052186512,42.377631506297],[-75.405511987423637,42.377789794133875],[-75.405514500021681,42.377791921216307],[-75.405618876658679,42.377880300587449],[-75.40562405959659,42.377884691410934],[-75.405625011135569,42.377885494338258],[-75.405859787242804,42.378092838097231],[-75.405916007367892,42.378142485615584],[-75.406150961826924,42.378393554776927],[-75.406295069417212,42.378582850299836],[-75.40641202751398,42.378736479380954],[-75.406502284186899,42.378904161373924],[-75.406541617864079,42.379023164278351],[-75.40654030753501,42.37915224006823],[-75.406525469558517,42.379342921265604],[-75.406350320438122,42.379593742307392],[-75.406207232077605,42.379832534069969],[-75.405904676537659,42.380262519964035],[-75.405636477827102,42.381037896806191],[-75.405351209334015,42.381658449225512],[-75.40495796002331,42.38298232158224],[-75.404968003489017,42.384182505365942],[-75.404745956561726,42.384658536678096],[-75.404457000278072,42.385176505216712],[-75.404168030563255,42.385693569848293],[-75.403790011435802,42.386211489192455],[-75.403540079863063,42.386516177924321],[-75.403465012672072,42.38660769075458],[-75.403393213815832,42.386695219206828],[-75.403102655744192,42.387049432933409],[-75.402931978497506,42.387257496684661],[-75.402643032556398,42.387610557233323],[-75.402565027593383,42.387799508451394],[-75.402531994105729,42.38802954817897],[-75.40253199817316,42.388090752231683],[-75.402532003549553,42.38820041408551],[-75.402532009729669,42.388304525694608],[-75.402532016899997,42.388374569665167],[-75.402521029187781,42.388595529318351],[-75.402476056965128,42.38891548791441],[-75.402331958540103,42.389236515720015],[-75.402159435593305,42.389479854838605],[-75.402150940310264,42.389491838307556],[-75.402075974888319,42.389597569401381],[-75.401853967864099,42.389876543597573],[-75.401597980866256,42.390123486067331],[-75.401152999009966,42.390435570857875],[-75.400988532615997,42.390551887392306],[-75.400619978428807,42.390812534705631],[-75.400096972143785,42.391198559928156],[-75.399863997847135,42.391436499974368],[-75.3995152344134,42.391791150326078],[-75.399267056745103,42.392043517606325],[-75.398482009812,42.392801491983178],[-75.397896026988946,42.393301561080854],[-75.397867771950004,42.393321101216756],[-75.397842588378808,42.393338517832682],[-75.397682032246308,42.393449552003361],[-75.397118043406749,42.393913517211374],[-75.39687403973717,42.394068235370618],[-75.396096059395731,42.39456152539389],[-75.39581795390707,42.394775568723162],[-75.395462034383513,42.395136497318042],[-75.395017945940921,42.395678568664565],[-75.394773029382122,42.39591654265768],[-75.394183983479692,42.396499547772315],[-75.39399502057428,42.396728500789926],[-75.393894967247618,42.396933550796717],[-75.393827977818106,42.397179557358662],[-75.393816738829784,42.397244701302206],[-75.393795945780028,42.39736526291248],[-75.393784006530439,42.397434487766056],[-75.39377597091044,42.397595800696713],[-75.393772992727165,42.397655531432953],[-75.393827984608606,42.397860500399766],[-75.393905955088186,42.398049537801178],[-75.394217019161744,42.398574511981508],[-75.394244430914853,42.398619500753163],[-75.394316956193336,42.398738527643019],[-75.394384016612932,42.398911485923897],[-75.394405990992539,42.399083512889419],[-75.394405984371303,42.399149483695453],[-75.394405962566324,42.399272550235402],[-75.394339040701894,42.399452541814846],[-75.394267111473042,42.399559464929716],[-75.394195059565718,42.399666567681031],[-75.394064006460951,42.3998048949314],[-75.394017005363096,42.39985450527552],[-75.393391234529403,42.40037344605183],[-75.393373057353571,42.400388519833164],[-75.392583998165193,42.400921501424136],[-75.392295041514103,42.401077483733843],[-75.392087354025321,42.401163815153353],[-75.391938955477329,42.401225499632602],[-75.391549996084095,42.401323551808574],[-75.391170709168563,42.401378310580256],[-75.39103218577057,42.401398310010151],[-75.391009017531601,42.401401654843454],[-75.390920025441105,42.401414503442183],[-75.390011270458345,42.401420275623884],[-75.388871994963083,42.401427503615352],[-75.38816101434162,42.401525556170725],[-75.387800792548376,42.401603177952836],[-75.387738948949092,42.401616502589569],[-75.387721844510622,42.401622970061879],[-75.387425062685139,42.401735171358219],[-75.387350036588373,42.401763536996199],[-75.387277255114512,42.401801116079788],[-75.386983981425018,42.401952546586799],[-75.386106056458914,42.402411569941513],[-75.385258001745584,42.402670554613813],[-75.384061945584477,42.402993561301635],[-75.383930928886258,42.403027113279322],[-75.38377294700264,42.403067568064117],[-75.383518056526484,42.403116515278413],[-75.383390340113209,42.403124488180701],[-75.383261997313483,42.403132501197277],[-75.382373059449762,42.403165548392465],[-75.381873004496342,42.403223504259508],[-75.381551038959785,42.403313554876839],[-75.381330981910665,42.403415517160781],[-75.381062007992142,42.403526553950535],[-75.380860392883065,42.403705795317983],[-75.380646944395266,42.403895557086813],[-75.379893041471732,42.404721568352166],[-75.379562014876328,42.405183501628755],[-75.379521028733961,42.405269498146993],[-75.379429051581084,42.405462495837256],[-75.379401036720111,42.40557300274412],[-75.379373024202764,42.405683508766195],[-75.379379300500432,42.405818837360414],[-75.3793840597979,42.405921502239934],[-75.37939537089909,42.406002230373311],[-75.379400627654306,42.406039754366518],[-75.379401077752306,42.406042961392259],[-75.379407040067647,42.406085516361543],[-75.379446477430307,42.406166433666471],[-75.379506955651934,42.406290526125098],[-75.379718021526699,42.406528572913658],[-75.379937932489582,42.406735241061227],[-75.38008405492225,42.406872561658545],[-75.380218019402633,42.4070205362164],[-75.380328972622394,42.407201547979163],[-75.380346163846127,42.407268660656044],[-75.380357224650524,42.407311831752729],[-75.380370535392615,42.407363771785271],[-75.380373030492422,42.407373505695169],[-75.380362007708015,42.407520521948037],[-75.380306051753934,42.407652554993788],[-75.380204495829162,42.407746447957805],[-75.380172996374768,42.407775570000069],[-75.380033523479895,42.407861546564497],[-75.37990699482576,42.407939548231965],[-75.379377657897621,42.408250791913332],[-75.379175521913368,42.408369643762988],[-75.377662055677717,42.409259500871514],[-75.377227958364159,42.409584516621798],[-75.376811808780786,42.409824276745937],[-75.376440001539763,42.410038486850681],[-75.376129010899859,42.410161539226131],[-75.375284990426977,42.410407557610277],[-75.375228426760088,42.410433074972836],[-75.375140999118912,42.410472513016479],[-75.375062023554136,42.410530797418978],[-75.375019032184966,42.410562524731041],[-75.374995615384776,42.410597140313612],[-75.374952045374968,42.410661536255638],[-75.374907012998079,42.410792543769823],[-75.374930012141178,42.410899545916251],[-75.374984945714644,42.411022571185782],[-75.375285002160965,42.411612564197874],[-75.37540698847603,42.411973570927046],[-75.375417371558029,42.412062491130364],[-75.375430803881571,42.412177504758425],[-75.375431915022062,42.412187027021389],[-75.375451940477589,42.412358524342345],[-75.375428981824498,42.412604552074683],[-75.37540956107928,42.412689013302881],[-75.375381168765344,42.4128124962238],[-75.375362999144784,42.412891519433614],[-75.375356001491625,42.41293707995402],[-75.375347922548457,42.412989666562758],[-75.375317196885703,42.413189699939124],[-75.375284962261745,42.41339953404335],[-75.37524001643915,42.413994529410616],[-75.375240028450406,42.414084794241724],[-75.375240048783951,42.414265515620407],[-75.375151907816658,42.414575812234297],[-75.375140058144339,42.414617528708348],[-75.375029047940558,42.414814493777691],[-75.374934906405656,42.414896950008007],[-75.374794970173056,42.415019516008932],[-75.374711949989106,42.415140556438473],[-75.374683473297011,42.415276965348596],[-75.37466101937251,42.415384512691034],[-75.374656979442449,42.415604545110369],[-75.374619020687305,42.41600651733954],[-75.374675011198704,42.416183572345439],[-75.374841958088609,42.416317578223605],[-75.37501703734921,42.416388509617676],[-75.375124711767086,42.416384434737253],[-75.375227983494241,42.41638052581726],[-75.375343881538768,42.416323314715491],[-75.375394009632785,42.416298567670694],[-75.375650016907485,42.416060510913866],[-75.375685225428839,42.416009573173461],[-75.375961028327552,42.415610541903845],[-75.376057558463401,42.415475189791273],[-75.37616002498423,42.415331516715085],[-75.376349038449376,42.415191570101541],[-75.376505040614205,42.41510153909433],[-75.3765747221466,42.415087248876503],[-75.376685676805437,42.415064494755192],[-75.376704973467398,42.415060537703518],[-75.376916015280258,42.415068489433637],[-75.376998263825868,42.415091748632072],[-75.377097617557709,42.415119847626457],[-75.3772380335203,42.415159558282426],[-75.378076982326732,42.415678515364299],[-75.378431007151406,42.415876557273734],[-75.378925956700712,42.416265513896519],[-75.379136986554144,42.41655255783305],[-75.379214053573406,42.416897501822056],[-75.379245345114413,42.417199876840144],[-75.379258969923129,42.417331531815456],[-75.379224976419266,42.417520501570912],[-75.379155320023358,42.417618198192116],[-75.379103005522012,42.417691569576114],[-75.378987294408191,42.417754612137614],[-75.378891964947897,42.417806550448667],[-75.378602965400589,42.417872528638405],[-75.377859035410367,42.417921544394261],[-75.37778797424842,42.417929689971153],[-75.377571046227018,42.417954556091473],[-75.377436986460012,42.417995520982373],[-75.377326040468844,42.418060550291123],[-75.377225991349363,42.418158505714565],[-75.377171403366845,42.418231617308642],[-75.376993028214685,42.418470518755818],[-75.376984009835738,42.418577842392402],[-75.376982024132744,42.418601500623218],[-75.377015943462354,42.418724505274177],[-75.3770819482897,42.418806511287293],[-75.377204014746411,42.418872572683981],[-75.377337008252766,42.418896542058448],[-75.377397299902285,42.418884176386868],[-75.377419954723109,42.418879528926716],[-75.377537127256389,42.418855498011354],[-75.377814949417598,42.418798515795423],[-75.378092048441204,42.418773553614976],[-75.378325961397422,42.418822496174599],[-75.378531282127184,42.418910796797512],[-75.378746995227431,42.419003565419295],[-75.378870059117659,42.419134556420389],[-75.379069059513583,42.419380575196961],[-75.37909718430943,42.419474160259234],[-75.379134474021299,42.419598238606604],[-75.379179947546959,42.419749542713525],[-75.379158029313302,42.419904518670002],[-75.379091970441891,42.420036493295861],[-75.378746961650009,42.420331497562294],[-75.378548022474604,42.420478505374554],[-75.378461510436622,42.420594760037403],[-75.37843830558289,42.420625945727878],[-75.378414060596185,42.420658527614414],[-75.378364339764246,42.420760805012435],[-75.378326048610532,42.420839564839468],[-75.378309344370919,42.421493285683624],[-75.378309104541017,42.421502636153285],[-75.378303023871837,42.421740513069096],[-75.378247032480232,42.422192526665135],[-75.378113964850854,42.422380557766445],[-75.377936044620682,42.422487507018047],[-75.37778467345295,42.42255136163439],[-75.376926048496699,42.422913575176786],[-75.376805386875418,42.422985380671619],[-75.376748000393448,42.423019530914871],[-75.376626012591188,42.423150514635239],[-75.37660657207114,42.423200044920364],[-75.376571055497081,42.423290559452568],[-75.376571051369694,42.423584857565217],[-75.37657105060039,42.423716543906792],[-75.376585637824761,42.423838523090652],[-75.376624127406686,42.424160359919874],[-75.376625943841333,42.424175575733081],[-75.376718354364371,42.424400879821484],[-75.376760036466735,42.424502507133496],[-75.376980974510758,42.424797538215437],[-75.377492005478786,42.425141504704797],[-75.377880943625954,42.425355555933834],[-75.378301986246569,42.425510508842457],[-75.378654145003466,42.425604170949903],[-75.378978947212985,42.425690553872776],[-75.379877993172826,42.425969556449822],[-75.380255967599211,42.426117531959534],[-75.380756944217566,42.426402529889856],[-75.381020007070461,42.426643557126695],[-75.381750033864392,42.427392495741081],[-75.382046176116773,42.427894199708717],[-75.382127710344847,42.428327879691835],[-75.38214523960643,42.428566104833159],[-75.382276478468285,42.428991002994373],[-75.382326281490293,42.429246992037442],[-75.382538209503792,42.429716894820871],[-75.382854059772214,42.430085180283008],[-75.383305852133731,42.430327911363129],[-75.383796836160087,42.430403710027448],[-75.384103037319633,42.430460534715436],[-75.384468945586917,42.430935543335551],[-75.38492403886876,42.431540566813069],[-75.385078994698588,42.431810500042658],[-75.385568032611701,42.432933522333194],[-75.385668056648981,42.433285497245699],[-75.385678996317068,42.433800512205138],[-75.385733998440941,42.434938499938461],[-75.385722947095203,42.436288533445641],[-75.385745027759413,42.436796573978604],[-75.38562304796838,42.438277563423654],[-75.3856410938388,42.438955938854328],[-75.385657017492733,42.439554497886768],[-75.385766957777591,42.441560563208924],[-75.38587881935392,42.442414651105395],[-75.385977955578156,42.443171557065376],[-75.386058031898457,42.443831899193384],[-75.386142026772589,42.444524511074121],[-75.386179000020718,42.444794457624809],[-75.38620694893963,42.444998545706333],[-75.386259611434895,42.445208121598085],[-75.38631801184809,42.445440544244953],[-75.386426440434818,42.445681385628816],[-75.386516991258759,42.445882513649622],[-75.386838020313249,42.446397560113112],[-75.387393058933029,42.447215499096558],[-75.387935985011282,42.447959534174487],[-75.388069000898184,42.448114526310157],[-75.388245999842795,42.448262527153226],[-75.389120006245292,42.449054517026951],[-75.38953094934422,42.44970857488228],[-75.389763994458448,42.45001056117836],[-75.390309529686959,42.450588586966347],[-75.390333094190694,42.450613553788152],[-75.390350973174137,42.450632495306735],[-75.390414534836921,42.45076029093493],[-75.390549974436951,42.451032582289635],[-75.390782066369084,42.451531532028753],[-75.391292061879312,42.45316653070379],[-75.391514017605829,42.453714503126534],[-75.391630252369907,42.453925948236154],[-75.391658060716324,42.453976538381688],[-75.392192335839525,42.454876508057772],[-75.392333068190652,42.455113566834669],[-75.392734055519924,42.455719553456703],[-75.392883210456844,42.455954515866438],[-75.393013981982648,42.45616051530574],[-75.393256986676533,42.456511543761387],[-75.393388503395869,42.456734364903525],[-75.393617028888485,42.457121540357541],[-75.39373417707175,42.457317796107553],[-75.393782959925645,42.457399522410888],[-75.393819968537528,42.45750851730385],[-75.393893984901808,42.457726507940073],[-75.394025962313307,42.458388533187396],[-75.394181999813483,42.458853509410169],[-75.394348027509537,42.45910753531512],[-75.394524951153215,42.459352520018292],[-75.395198013356065,42.459988540232146],[-75.395360254291234,42.4601185956042],[-75.39536679128139,42.460123835432398],[-75.395454968814278,42.460194519665443],[-75.395677001492558,42.460300562834675],[-75.39578591311988,42.460327323993916],[-75.395909058331071,42.460357580638018],[-75.396346617578217,42.460415319428691],[-75.39637330816447,42.460418841345373],[-75.396931948304569,42.46049255401465],[-75.397797951146472,42.460590512041819],[-75.398067490674407,42.4606354183177],[-75.398302025550365,42.460674494659635],[-75.398463073479761,42.46073355668419],[-75.398610986101929,42.460793561226581],[-75.398821981507282,42.46088450636821],[-75.399132006408806,42.461075522440716],[-75.399154636422026,42.461100529979539],[-75.399184741507398,42.461133798229667],[-75.399398053969392,42.461369538235594],[-75.3995969838344,42.461704496902101],[-75.399786058747011,42.462039580304975],[-75.399864821206279,42.462222565664852],[-75.399940995562858,42.462399543729902],[-75.399977677240273,42.462558373193517],[-75.400007041494803,42.462685523914772],[-75.40001806662201,42.462946567386943],[-75.399770791770777,42.463982491922906],[-75.399740949837707,42.464107497164001],[-75.399685997162536,42.464474495566805],[-75.399686001007311,42.464500042637326],[-75.399686010995936,42.46454591612207],[-75.399686040422296,42.46475778473404],[-75.399686041806092,42.464767521194247],[-75.399686040811048,42.464768542092848],[-75.399718986018129,42.465128570866177],[-75.399759355764189,42.465341913896083],[-75.399760906192441,42.465350105280798],[-75.3998069670739,42.465593513135985],[-75.400050984675914,42.466321508215707],[-75.400153923471549,42.466620019119532],[-75.400262033082967,42.46693353321497],[-75.400419126080493,42.467443211616917],[-75.400463007708183,42.467585579819421],[-75.400679988629577,42.46825721005095],[-75.400750958407968,42.468501665802691],[-75.40086918179675,42.468852695296668],[-75.400923068447085,42.469012690313555],[-75.401140115836014,42.469859752559564],[-75.401591624255559,42.471621750065822],[-75.401634017603996,42.471785529744167],[-75.401601047602043,42.472070504678967],[-75.401594596322028,42.472086535007712],[-75.401539858432145,42.472222521913807],[-75.401502017085349,42.472316532333394],[-75.40142718152903,42.472425394711031],[-75.401378957196016,42.47249554884899],[-75.401255544298181,42.472715576141645],[-75.40124604533149,42.472732512195364],[-75.401193739364743,42.472781474078225],[-75.400793042530523,42.473156563170804],[-75.400749015266626,42.473201894851307],[-75.400626017236021,42.473328530687283],[-75.400504957711249,42.473516546172434],[-75.400393969536594,42.473720557065334],[-75.400371962578618,42.473932542695039],[-75.400416064773083,42.474152584827316],[-75.400538066296036,42.47434056025908],[-75.400715040699126,42.474544556005362],[-75.401353964449967,42.475057547201892],[-75.402174497297807,42.475554699310941],[-75.402231954591343,42.475589510783244],[-75.402363880812686,42.475680666072115],[-75.402574967921382,42.475826515350455],[-75.402803172561235,42.476057218239681],[-75.402809653146662,42.476063766946758],[-75.402849991206807,42.476104547007473],[-75.403277997570939,42.476712562226659],[-75.403410374239115,42.477006688761854],[-75.403548042849977,42.477312576730263],[-75.403676120219359,42.477562686758191],[-75.403824022532973,42.477851507952707],[-75.404087380340982,42.478253399960074],[-75.404134022566396,42.478324573640236],[-75.404403850779374,42.478975675006147],[-75.404465967729209,42.479125557226311],[-75.404510957791061,42.479386571761061],[-75.404499331225992,42.479523891032429],[-75.404496694438805,42.479554988954256],[-75.404496474420768,42.479557574067869],[-75.404491057400406,42.479621514959597],[-75.404438259315,42.479676299747737],[-75.404356061655619,42.479761583006137],[-75.404244954359683,42.47985158417017],[-75.403990060929573,42.479851582948761],[-75.403537048408282,42.47978653360439],[-75.403271040660385,42.479835563014348],[-75.403101025028235,42.479922526628279],[-75.402563053224327,42.480307526652211],[-75.402494764585512,42.480335513734943],[-75.402462557419724,42.480348713827908],[-75.402447965756693,42.480354691609023],[-75.402414860169884,42.480368258743688],[-75.402154678684624,42.480474884550397],[-75.401865061418633,42.480593573307857],[-75.401732008836873,42.480715528618354],[-75.401710023711672,42.480854567406908],[-75.401743013452773,42.48100953163015],[-75.40178729144381,42.481099081572943],[-75.401832007748936,42.481189518281013],[-75.401884597865845,42.481236082264239],[-75.401912527116934,42.481260811622761],[-75.401990541432482,42.481329894129082],[-75.401998051985288,42.481336541721021],[-75.402219024489739,42.481491569076873],[-75.403027031638956,42.481891564444958],[-75.403160021708416,42.482005560551279],[-75.403326052513307,42.4821685265984],[-75.40341498144187,42.48235652372567],[-75.403437031334192,42.482511526940172],[-75.403382004429943,42.482658516400733],[-75.403293035062276,42.482748530257759],[-75.403240703938636,42.482772965770494],[-75.403170996468077,42.482805518301724],[-75.403115882979421,42.482805529593556],[-75.403005040499394,42.482805555661258],[-75.40295619477611,42.482795718561356],[-75.402889416030447,42.482782270293889],[-75.402275042597822,42.482658538733759],[-75.401875965495663,42.482658587100808],[-75.401655013429846,42.482772562620063],[-75.401653599474031,42.482773178228989],[-75.40165218310301,42.482773792912738],[-75.401467189261638,42.482854121249865],[-75.401411004910187,42.482878517086412],[-75.401347752565897,42.482892001648572],[-75.401255964783203,42.482911571150368],[-75.401184110175166,42.482907519663492],[-75.401113068399823,42.48290351432825],[-75.400814069161811,42.482837557285414],[-75.400710276341513,42.482804126932422],[-75.400466972851078,42.482725760942202],[-75.400460011752315,42.482723519441123],[-75.400317033838974,42.482698128793089],[-75.400093971933856,42.482658516912529],[-75.399905972328767,42.482674570247667],[-75.399830826735325,42.482707690273365],[-75.399794955056635,42.482723498555721],[-75.399753195356737,42.482766211793056],[-75.399706953586275,42.482813507008522],[-75.399667803381732,42.482912569835968],[-75.399651990495769,42.482952569336959],[-75.399486052450854,42.48331950936452],[-75.399319023282089,42.483629529114246],[-75.399187039429705,42.48382550808315],[-75.399020968565097,42.484038535935404],[-75.398843055875901,42.484225579100759],[-75.398489061238337,42.48442953259476],[-75.398064025318959,42.484655525252869],[-75.398010523568004,42.484686174317005],[-75.397299915039355,42.485093228648552],[-75.396120967409217,42.485768538633579],[-75.396101015226094,42.485782720932463],[-75.396056158148298,42.485814610076666],[-75.395909706470746,42.485918711359673],[-75.395850272570982,42.485960953720891],[-75.395833999256283,42.48597252280112],[-75.395775123979632,42.486032425187844],[-75.395601022765334,42.486209552048678],[-75.395571425518611,42.486241820623178],[-75.395510488457433,42.486308257259545],[-75.395435023977242,42.48639053025196],[-75.39536899087355,42.486462519060829],[-75.395302620743649,42.486566384661451],[-75.395191989916782,42.486739518968385],[-75.395156028855112,42.486871365917892],[-75.395127325982742,42.486976590635443],[-75.395127107864155,42.486977382411055],[-75.395127078911756,42.486977498245544],[-75.395126830658739,42.486978404042866],[-75.395121544858171,42.486997785142187],[-75.395113973068717,42.487025543848041],[-75.395112309947962,42.487083463408389],[-75.395111357428704,42.487116757178967],[-75.39510781686495,42.487240255363048],[-75.3951029948296,42.487408512427315],[-75.395124971505197,42.487710583325175],[-75.395223033424529,42.488442512931307],[-75.395223015336214,42.488961523021182],[-75.39526477755372,42.489111803901082],[-75.395289999497038,42.489202560381564],[-75.395368013592815,42.48939852755808],[-75.395466994764945,42.489561555125135],[-75.395932035105133,42.49001852907076],[-75.396209053569081,42.490279549265217],[-75.396364005824267,42.490556577057006],[-75.396429994595024,42.490850568877235],[-75.396449581495304,42.491010373115415],[-75.396462960940852,42.49111955128641],[-75.396487177556679,42.491345178863007],[-75.396488538549335,42.491357863334322],[-75.396527996751189,42.491725512115373],[-75.396535203180804,42.491822454708569],[-75.396539969468265,42.491886584260875],[-75.39654788355638,42.492035205972385],[-75.39654865190721,42.492049640727281],[-75.396563025872567,42.492319510828445],[-75.396506959953243,42.494154561338206],[-75.396507299119065,42.494266442937658],[-75.396507971625127,42.494488583787302],[-75.396530629909734,42.494605876671429],[-75.396531053078618,42.494608073206052],[-75.396552009577817,42.494716551042522],[-75.396639978813781,42.494945536781458],[-75.396739972623664,42.495132514427425],[-75.397027985560953,42.495491569330376],[-75.397227043672729,42.495702343397632],[-75.39750298632498,42.495994520907182],[-75.398310995475441,42.496829532072262],[-75.398597983185383,42.497139506880508],[-75.398753046407691,42.497391582313263],[-75.398830993898756,42.497669502059665],[-75.398871659106945,42.497898622713826],[-75.39888602712233,42.497979561215985],[-75.398918993470573,42.498321582212832],[-75.398952039588963,42.498753565010901],[-75.398900167069272,42.499050547380307],[-75.398875009443231,42.499194580372915],[-75.398812951404608,42.499464524107992],[-75.398669013808089,42.499738532312563],[-75.398462000511785,42.500026539093952],[-75.398293245274971,42.50022385661449],[-75.398267016124663,42.500254524844316],[-75.398009067144798,42.500437520829699],[-75.397587395185823,42.500624007763903],[-75.396925999050168,42.500916514328367],[-75.396890362983271,42.500942816679881],[-75.396865643974252,42.500961063031973],[-75.396431938715764,42.501281196236434],[-75.396188581519269,42.50146082186405],[-75.39618127694105,42.501466216211412],[-75.396174069887934,42.50147153594623],[-75.395884963206314,42.501752526924726],[-75.395837805247055,42.501824242337179],[-75.39571004297018,42.502018531838203],[-75.395606985527152,42.502428565966603],[-75.395634604425226,42.502585094392245],[-75.395657980041889,42.502717567819623],[-75.395772019955274,42.503006531612627],[-75.395887044526461,42.50309920417817],[-75.395997964908119,42.503188569736068],[-75.3962350498131,42.503264573294587],[-75.396554979370691,42.503295525288202],[-75.396896852542454,42.503280446992818],[-75.397643013614754,42.503247535559538],[-75.397978066923287,42.503340575701252],[-75.398111993437482,42.503424585636282],[-75.398184065861443,42.503561583690143],[-75.398204961761294,42.503690564915622],[-75.398164013466598,42.503835523644788],[-75.398143638017999,42.503918650574128],[-75.398112050452497,42.504047518403027],[-75.397998022575379,42.504184535252669],[-75.39794886562494,42.504237859092527],[-75.397844021468217,42.504351589065024],[-75.397648977813546,42.504534543432264],[-75.397445647987624,42.504644144435112],[-75.397352403633334,42.504694406381653],[-75.397242060524817,42.504753884648956],[-75.396480097876278,42.505164598439869],[-75.396380059152563,42.50521852081954],[-75.396363274791128,42.50522609825552],[-75.396122495552149,42.505334823726834],[-75.396111952641974,42.505339584937666],[-75.395988035789117,42.505491581247533],[-75.395885029838482,42.505871535322719],[-75.395878258145544,42.506041847705667],[-75.395875052480449,42.5061225620491],[-75.395865034807557,42.506464547621022],[-75.395905992062154,42.50664758829209],[-75.39600901646466,42.50679150281627],[-75.396163998855428,42.507027553101295],[-75.396472968860806,42.507247578178223],[-75.396802984282203,42.50740754933571],[-75.396949181579046,42.507432042330009],[-75.397029988347143,42.507445579863742],[-75.397271221530943,42.507465329678311],[-75.39729802658546,42.507467523784904],[-75.397333142668089,42.507461128041392],[-75.397544957619942,42.507422538960952],[-75.397782996885127,42.507300583402824],[-75.397836102497337,42.50726354221505],[-75.397968037641647,42.507171518885897],[-75.398071853265378,42.507030619000602],[-75.398164022406647,42.506905526068337],[-75.398454916587596,42.506635582651796],[-75.39880304512748,42.506312520251242],[-75.399041035904148,42.506145534731523],[-75.399160907659109,42.506101416327141],[-75.399329072120409,42.506039524085182],[-75.399453566874669,42.506017851761669],[-75.399565053310226,42.50599844593264],[-75.399638981193959,42.505985579580312],[-75.399854981498308,42.50597852255094],[-75.400091985168459,42.506077571299151],[-75.400246996809571,42.506183566671233],[-75.400371073095087,42.506381530563175],[-75.40037934372836,42.506444546345989],[-75.400391029651203,42.506533571861958],[-75.400380061566338,42.506617087955227],[-75.40037525250581,42.506653699845955],[-75.400371067035508,42.506685568369925],[-75.400184969229969,42.507125524650512],[-75.400052119431763,42.507470893045834],[-75.399948009919058,42.507741538912654],[-75.399909936718473,42.507825615871148],[-75.399875997400741,42.50790056540086],[-75.399861725591677,42.50799171576827],[-75.399844998388048,42.508098533307326],[-75.399850833031991,42.508226283673629],[-75.399855046704587,42.50831851081184],[-75.399889957402237,42.508417112867598],[-75.399917020831978,42.508493547649238],[-75.400020021478639,42.508630528955088],[-75.400070424261003,42.508670001225873],[-75.400134743543973,42.50872036994388],[-75.400194958468703,42.50876752641264],[-75.400370033784284,42.508850580205255],[-75.400452553734311,42.508864321168041],[-75.400555978192088,42.508881541308668],[-75.40078303262267,42.508888582279077],[-75.400867007661191,42.50887871588634],[-75.40097897841234,42.508865559741487],[-75.401014593525261,42.508852141446418],[-75.40142207281032,42.508698570724853],[-75.401700063627402,42.508637527777104],[-75.402565966471414,42.508577577780287],[-75.403112027447861,42.508599521440047],[-75.403257668619119,42.508627789880073],[-75.403307993408816,42.508637558355645],[-75.403460962526012,42.508707535694001],[-75.403566074306397,42.508812533809611],[-75.403617957845015,42.508949508655924],[-75.403627991595229,42.509071589870558],[-75.403620583785511,42.509190183044701],[-75.403618060876227,42.509230581706156],[-75.403587026407976,42.509344523032716],[-75.403463046474144,42.509656563336215],[-75.403391035055535,42.509777588191568],[-75.403267027594154,42.509914548807856],[-75.40303996800435,42.510059534261487],[-75.40291701002711,42.510188568557822],[-75.402218621060371,42.510990213049652],[-75.402206983679221,42.511003570973159],[-75.40198301013352,42.511174565061857],[-75.401648980133572,42.511305513448519],[-75.401476205924922,42.511340765832934],[-75.40135217542516,42.511366074974369],[-75.401247074856698,42.511387523565233],[-75.401126723916732,42.511399144073224],[-75.40100900246351,42.511410508902209],[-75.400778757237191,42.511405706805185],[-75.400628068996667,42.511402564447067],[-75.398782056642531,42.511129551390454],[-75.397824010716462,42.510985544707715],[-75.397442040483512,42.51094751277504],[-75.397008981239225,42.510954510393951],[-75.396094426710704,42.510989336081877],[-75.396036019553534,42.510991560455821],[-75.395695021656124,42.511023536827018],[-75.395317979472068,42.511091570430963],[-75.395064903423048,42.511156004422894],[-75.394992037456134,42.511174555883215],[-75.394510978829828,42.5112915790343],[-75.394204971612439,42.511390529997364],[-75.394026005601148,42.511424553641476],[-75.39378202044368,42.511436560373703],[-75.393551348368845,42.511415990981021],[-75.393540983888499,42.51141506592522],[-75.393535020522222,42.511414534968665],[-75.39257995440208,42.511240572570209],[-75.392433327664534,42.511184808729979],[-75.39233799857027,42.511148550068995],[-75.392324088000095,42.511139054432881],[-75.392295967890092,42.511119852086793],[-75.392181677336595,42.511041806658632],[-75.392070033391164,42.510965569354497],[-75.391461961631521,42.510684505134471],[-75.391331455768736,42.51064849462955],[-75.391048969543945,42.51057054925797],[-75.390760978002405,42.510532535676006],[-75.390705631689272,42.510528856440196],[-75.390461041126045,42.510512576076145],[-75.390060040548761,42.510525558227272],[-75.389823034848945,42.510563556852269],[-75.389617034044861,42.510654589405029],[-75.389441038896294,42.510775505223258],[-75.389307057166974,42.510958508712513],[-75.389191431453057,42.511184029291528],[-75.389162974213505,42.511239530262358],[-75.389146491575175,42.511338501080814],[-75.389101008730577,42.511611589709794],[-75.38904804223364,42.51225659068534],[-75.388905011679043,42.513670542120586],[-75.388802013895727,42.513982585016215],[-75.388583969767723,42.514371564996445],[-75.388162999569147,42.514977554339303],[-75.387885034069313,42.515304505368817],[-75.387884862413259,42.515304636817142],[-75.387884817961265,42.515304670563445],[-75.387884784579356,42.515304698123373],[-75.387884690722885,42.515304770065633],[-75.387830686124474,42.515345848375169],[-75.387723008975797,42.515427747304521],[-75.387655154394011,42.515479361754963],[-75.387576061622426,42.515539522135299],[-75.387344639318982,42.515684019280584],[-75.387174061261447,42.515790525270027],[-75.387040379698547,42.515854797694786],[-75.386974076151461,42.515886675229673],[-75.386500066028518,42.516114575969311],[-75.386158113604111,42.516319720224445],[-75.385875067601717,42.516489526094674],[-75.385587022471896,42.51672455715655],[-75.385479237074236,42.516848668000854],[-75.385349971972786,42.5169975085972],[-75.385092035310493,42.517377521989303],[-75.38499522735134,42.517547217685646],[-75.384845004906836,42.517810542950116],[-75.384755524138399,42.518037094710948],[-75.384608006566197,42.518410588013495],[-75.384033859362916,42.520169462627337],[-75.384010993141089,42.520239513177657],[-75.384004930717495,42.520445309389544],[-75.384002763252397,42.520518923758779],[-75.384000005710377,42.520612570916384],[-75.384040493474416,42.520892396856681],[-75.38404398919171,42.520916552402454],[-75.384055928700036,42.520941338281332],[-75.384197266253082,42.52123468376881],[-75.384216012774672,42.521273593076579],[-75.384239378802192,42.521301383855096],[-75.384400953620585,42.521493528881351],[-75.38444803047507,42.521544653159239],[-75.384575971111147,42.521683596060299],[-75.384676327563099,42.521768014801644],[-75.384720988884979,42.521805586340335],[-75.384806805129642,42.521862216584815],[-75.384926969931328,42.521941517234715],[-75.385163980280112,42.522055542019004],[-75.385378636763974,42.52211052381103],[-75.385549279255883,42.522154231159647],[-75.385562474381373,42.522157610038072],[-75.385591193589065,42.5221649656023],[-75.386472026091909,42.522390570205452],[-75.386698985425454,42.522473553782241],[-75.38682200145179,42.522579587629473],[-75.386905063703395,42.522762579105731],[-75.386915617206299,42.522882906853027],[-75.386924971414373,42.522989549777158],[-75.386967063909339,42.523339551567467],[-75.386942780986089,42.523462647589149],[-75.386925035827701,42.523552591254983],[-75.386822013118703,42.523726574392285],[-75.386772591430102,42.523793724790274],[-75.386719027483807,42.523866509867666],[-75.384060995056615,42.525839527430406],[-75.383689959777683,42.526189567333716],[-75.383434747151497,42.526472895021932],[-75.383422322779879,42.526486691078169],[-75.383390045134504,42.526522525616883],[-75.38335189038331,42.526598904042174],[-75.383342537477674,42.526617623381952],[-75.382591693865535,42.528120704119694],[-75.382396948349893,42.5285105482576],[-75.3822980354755,42.528802573887297],[-75.382256435201327,42.528924592401417],[-75.382223030630072,42.529022567081512],[-75.38217366201981,42.529181617436898],[-75.382106961372315,42.529396514781908],[-75.382021048224487,42.529724521240063],[-75.382012476759925,42.529826582311074],[-75.382011517792563,42.529838004684862],[-75.382000047320375,42.529974594618039],[-75.38200998089836,42.530285532231595],[-75.382045745815915,42.530469653368371],[-75.382071954060422,42.530604583015069],[-75.382092051424195,42.530925572337637],[-75.382103456444241,42.531006692066747],[-75.382122981015712,42.531145573091266],[-75.38211301648731,42.531328511669187],[-75.382085017036701,42.531549517794289],[-75.382001963252407,42.531787547720334],[-75.381885955155141,42.531973544411521],[-75.381721017283425,42.532102516638069],[-75.381545955190234,42.532208559901974],[-75.381309063580062,42.532299585211682],[-75.381112311557686,42.532334547873525],[-75.381011053581261,42.532352540344093],[-75.380433357439074,42.532466706990917],[-75.379589050675619,42.532633558660613],[-75.379441590704957,42.532673884184476],[-75.379311033166317,42.53270958783515],[-75.378877979559135,42.532883571864041],[-75.378343052563238,42.533126515185572],[-75.37767452835125,42.533440139652619],[-75.377615640166596,42.533467765700287],[-75.377550029174699,42.53349854570731],[-75.377384998413078,42.533635529281497],[-75.37727196435263,42.533771531288721],[-75.377262335216784,42.533816786899983],[-75.37723004344204,42.533968534440575],[-75.377261053927327,42.534143596172456],[-75.377313005512605,42.534318589324073],[-75.377344852958672,42.534365284382012],[-75.377415956551786,42.534469545676025],[-75.377910040466418,42.535084547356959],[-75.378022957480368,42.535251593030466],[-75.378075060982113,42.535410550156868],[-75.378074960204231,42.535555546049004],[-75.378013023918584,42.535684532128052],[-75.377904038931035,42.535765585755804],[-75.377851519238732,42.535785152252004],[-75.37773503046246,42.535828551675728],[-75.377540041584226,42.535843512102829],[-75.37620100346598,42.535699593430337],[-75.375912034374608,42.535699550183956],[-75.375335001618495,42.535729537065841],[-75.374532024126097,42.535850591881072],[-75.374006968301728,42.535979559430928],[-75.373481019300456,42.536162561396416],[-75.373392431717562,42.536207515864675],[-75.373152007862572,42.536329520680439],[-75.37284200945993,42.536602592857463],[-75.372615986436713,42.536867560634548],[-75.372501960410531,42.537065522193352],[-75.372435943067245,42.537239977449929],[-75.372410004005928,42.537308522845485],[-75.3723269916904,42.537725580701604],[-75.372151984363413,42.538522533862491],[-75.372049011613569,42.53875755933462],[-75.371956968499632,42.539007588762345],[-75.371854040932561,42.539167596719743],[-75.37167899146695,42.539364580839873],[-75.371524058523065,42.539523584798495],[-75.370887179370314,42.539901577108175],[-75.370680029576206,42.540024519284501],[-75.370546014027781,42.54013851510188],[-75.370473985058538,42.540252581756853],[-75.370423455962623,42.540340311983229],[-75.370391047969676,42.540396582673083],[-75.370350020773444,42.540563594029557],[-75.370359986744745,42.540745569176735],[-75.370409005669472,42.540900579027848],[-75.370971967447034,42.541715583691001],[-75.371064953889203,42.541867739196782],[-75.371213988440587,42.542111595670569],[-75.371328045535648,42.542369512223324],[-75.371410010431617,42.542657523393999],[-75.371435051517579,42.542957515352974],[-75.371384016308411,42.543511537335696],[-75.371362467863534,42.543627246647119],[-75.371361099704814,42.543634596299256],[-75.371316972937066,42.54387153430271],[-75.371306881444369,42.543890473446197],[-75.371301490928417,42.543900583956429],[-75.371203989777882,42.544083537681225],[-75.371093931748973,42.544230339078908],[-75.371039047559862,42.544303543661698],[-75.370854064761915,42.544470568611061],[-75.370667979699149,42.544575548307385],[-75.370288051364767,42.544688537822111],[-75.369619057136958,42.544833530379563],[-75.369454017858672,42.544893591118395],[-75.36886697199833,42.5451815956894],[-75.368607950483138,42.545352548628166],[-75.368415049388659,42.545583536389458],[-75.368290984440904,42.545818537959036],[-75.368239975023059,42.546091575891722],[-75.368239999772783,42.546185521803118],[-75.368240056301147,42.54639552226071],[-75.368266484152883,42.546545078097651],[-75.368290952760361,42.546683542661569],[-75.368424987222966,42.547252549410679],[-75.36846575458371,42.547526729740945],[-75.368467895968493,42.547541119679636],[-75.368486997502075,42.547669588413449],[-75.368424956486862,42.547972561818547],[-75.368353052030628,42.548275569220706],[-75.368250011590987,42.548503566295324],[-75.367961984464984,42.549026556923238],[-75.367713023891696,42.549586525270037],[-75.367620953269281,42.550003518666003],[-75.36756228961886,42.550164197328883],[-75.36754902751062,42.550200526077717],[-75.367435022790602,42.550395452925223],[-75.367365968965402,42.550513523608707],[-75.367272025585109,42.550736537890309],[-75.367199031508363,42.551063591351699],[-75.367064992490796,42.551469550775401],[-75.366936014338563,42.551783545637932],[-75.366832061405248,42.552003530097842],[-75.366668028452622,42.552363565238387],[-75.366539038406472,42.552572551558526],[-75.366424991590705,42.552649555645651],[-75.366270984916994,42.552725516676517],[-75.366170970678596,42.552744568706593],[-75.365926949245278,42.552799563845753],[-75.365696016520275,42.552885585419972],[-75.365207058286202,42.553048528298326],[-75.365080948962813,42.553104585222556],[-75.364987036835316,42.553167565271607],[-75.364920966746823,42.55324252307296],[-75.364864960852557,42.553330598394226],[-75.36474196395541,42.553628541449932],[-75.364651051892054,42.55378859282893],[-75.364573060944124,42.553866561020456],[-75.364487947468149,42.553913570940246],[-75.364365992973859,42.553951603087171],[-75.364266023396638,42.553957595678966],[-75.364150054284039,42.553935538746842],[-75.363983024136914,42.553888518798928],[-75.363717003765586,42.553785527389728],[-75.363557038268681,42.55367553425873],[-75.363342041900253,42.553569586773605],[-75.363122997220088,42.553479594254362],[-75.363086934531765,42.553461447193797],[-75.362955997520601,42.553395557227127],[-75.36277297751775,42.553279601695941],[-75.362673209161713,42.553187477727676],[-75.362521374214808,42.553047278786643],[-75.362425627846306,42.552958871408464],[-75.362396039680618,42.552931551073428],[-75.362133984145885,42.552712549573535],[-75.361897060042196,42.552563531372762],[-75.361748990055204,42.552486548046339],[-75.361746048524253,42.552486035045931],[-75.361730067949168,42.5524832458104],[-75.361599990591486,42.552460540732355],[-75.361526931508905,42.552480142607486],[-75.361477034841229,42.552493530296566],[-75.36140698983462,42.552576515396069],[-75.361419627471889,42.552630073286487],[-75.361432958990875,42.552686574316489],[-75.361494422145427,42.55282123498948],[-75.361495357498441,42.552823284048593],[-75.361521042795502,42.552879560306174],[-75.361585376368851,42.553065963254703],[-75.361608006833535,42.553131537189557],[-75.361643973928153,42.553369535687601],[-75.361626057646291,42.553473519792753],[-75.361597789587265,42.553528465393747],[-75.361573057756715,42.553576533814798],[-75.36150304875494,42.553666541351191],[-75.361459846097645,42.553710370612656],[-75.361433054685506,42.553737549060138],[-75.36120600575785,42.553801576359135],[-75.360952047466071,42.553782561715316],[-75.360721937443301,42.55371562639624],[-75.360663737744233,42.553698696266885],[-75.360662891420148,42.553698449567342],[-75.360488032129012,42.553647586903729],[-75.360121060990508,42.553569578432466],[-75.360012948597543,42.55356020390326],[-75.359683061222796,42.553531599107181],[-75.359471286499385,42.55353413643828],[-75.359184047255795,42.553537575804363],[-75.359022845088248,42.553564161961404],[-75.358868983330794,42.553589537169792],[-75.358725299613155,42.553623453672643],[-75.358597960157695,42.553653516953688],[-75.358484001224994,42.553705566091836],[-75.358473505712837,42.553721781865008],[-75.358405036716391,42.553827570173802],[-75.358344037410561,42.554130535328198],[-75.35833379482392,42.554156101167145],[-75.358299963895504,42.554240543725065],[-75.358194997646947,42.554395591771225],[-75.358068708583829,42.554569729418283],[-75.358055044174179,42.554588572423263],[-75.357790857175047,42.554955435828433],[-75.357522619040068,42.555327918772804],[-75.357426241078528,42.555461750669323],[-75.357337055138487,42.555585591860272],[-75.357257142314708,42.555679478918243],[-75.357206015230474,42.555739548819147],[-75.357107663871915,42.55582596256459],[-75.357066019390004,42.555862554346255],[-75.356838000550908,42.556036537100312],[-75.356610993668326,42.556152516743602],[-75.356361024002354,42.556236597877906],[-75.356052976232945,42.556261599952265],[-75.355773024266554,42.556235541644611],[-75.355692274628808,42.556213245823713],[-75.355563052565927,42.556177565847449],[-75.355361012622041,42.556100563113887],[-75.355182601408515,42.555953894824484],[-75.355125058983489,42.555906589747146],[-75.354984843932385,42.55573721738957],[-75.354976034413468,42.555726576426764],[-75.35495152168329,42.55567545177891],[-75.354871009439833,42.555507519684816],[-75.354865939512436,42.555490918593641],[-75.354809944420424,42.555307601950261],[-75.35480100200779,42.555126523709156],[-75.35482103043671,42.555059174142414],[-75.354844990730868,42.554978601435892],[-75.35485280090451,42.554969477344763],[-75.354866956857109,42.55495294285415],[-75.354993953979601,42.554804598834338],[-75.355081013273136,42.554669603175988],[-75.355098944996143,42.554566523262103],[-75.355090038498133,42.554456589159599],[-75.355046013687954,42.554340551135923],[-75.354985047793889,42.554243566373025],[-75.354888967695331,42.554205588785123],[-75.354739984419979,42.554160570988259],[-75.354476973306774,42.554134547140549],[-75.354397936384672,42.554141480333861],[-75.354329045421224,42.554147523920328],[-75.354117971451373,42.554237514387381],[-75.354116827417869,42.554238415874977],[-75.354115680931855,42.554239318236476],[-75.353987001229527,42.554340584078091],[-75.353891061265514,42.554456514287686],[-75.35382995828968,42.554572517572574],[-75.353804330105902,42.554628703100896],[-75.353777015886649,42.554688584991474],[-75.353795042474488,42.554817582783272],[-75.353847040594928,42.555030588942053],[-75.353851186156177,42.555096243289817],[-75.353856003570201,42.55517258189937],[-75.353812023327052,42.55536553204815],[-75.353768400612097,42.555426017639007],[-75.353742043504326,42.555462559808376],[-75.353654944070783,42.55552659030554],[-75.353558037854327,42.555558589648079],[-75.353514254501675,42.555568143156144],[-75.353326148097196,42.55560918769828],[-75.352911321644442,42.555699699007938],[-75.35270104752837,42.555745578306343],[-75.352482051577823,42.55583658074292],[-75.352415270566112,42.555889061304057],[-75.352323059507825,42.555961527089437],[-75.352231331819553,42.556057522615212],[-75.352174954041416,42.556116524648253],[-75.352099044052835,42.556242672200497],[-75.352078041678269,42.556277573637466],[-75.351972943706727,42.556412534238191],[-75.351700097089321,42.556623907745298],[-75.351614056502981,42.556690563299718],[-75.351506070574999,42.556748961555122],[-75.351405049535643,42.556803595900526],[-75.351289912402294,42.556852482363446],[-75.351186060159435,42.556896578268358],[-75.351054728501538,42.556933757138729],[-75.350913990983443,42.556973599372363],[-75.350776575720019,42.557027955106712],[-75.350775760824376,42.557028276734549],[-75.350774944675834,42.557028600149415],[-75.350773823165952,42.557029465834979],[-75.35077198193288,42.557030890939821],[-75.350690593866574,42.557093837270827],[-75.350665054228827,42.557113591416076],[-75.350530021872487,42.557255577400305],[-75.350450985755984,42.557327438002183],[-75.350396947556405,42.557376568692391],[-75.350170001335954,42.557528560844723],[-75.349683755035159,42.557790956451235],[-75.349665983304789,42.557800543684998],[-75.349430043446574,42.557891590051383],[-75.349358020271296,42.557929543417472],[-75.349295988863474,42.558012588392586],[-75.349264952103681,42.558126605623535],[-75.349268721726233,42.558140410253202],[-75.349272149331398,42.558152970644933],[-75.349296041591913,42.558240519589603],[-75.349414678024303,42.558312310853744],[-75.349419985004204,42.558315521608222],[-75.350047007123862,42.558429603165216],[-75.350134872567608,42.558479801087543],[-75.350179972212189,42.558505566619658],[-75.350283047758708,42.558595579045651],[-75.350375981460047,42.558724528175759],[-75.350386001354622,42.558860576577146],[-75.350303969900295,42.558982583330753],[-75.350179971925229,42.559050597371467],[-75.350046946885044,42.559072526293065],[-75.349872014166849,42.559050544905013],[-75.349716834437032,42.559026110274935],[-75.349440030126004,42.558982518966019],[-75.348936057502087,42.558959561392065],[-75.348740991553669,42.55899753001777],[-75.348693308592274,42.559028619703234],[-75.348693272823411,42.559028642724414],[-75.348693238272006,42.559028665758802],[-75.348648988447565,42.559057515672102],[-75.348629524422009,42.559088362971899],[-75.348616941519168,42.559108300392886],[-75.348594970997326,42.559143116013686],[-75.348577017938894,42.55917156599952],[-75.34854594097888,42.559322599329242],[-75.348512396230205,42.559585053316582],[-75.348483958299127,42.559807566624663],[-75.348433033857134,42.560026562417512],[-75.348386655244894,42.560119898059504],[-75.348350029676482,42.560193600686759],[-75.348237006981037,42.56032957063217],[-75.348165988690354,42.560377333350445],[-75.348124007611801,42.560405565627875],[-75.347918957513784,42.560465537292586],[-75.34765103149239,42.560503541210267],[-75.347288005521051,42.560536991358433],[-75.347075963593753,42.560556527584239],[-75.346767026824068,42.560579528861389],[-75.346489957764945,42.560571539009004],[-75.346099022550689,42.560503557391783],[-75.345923966785278,42.560481571345512],[-75.345008061231653,42.560539539643564],[-75.344011974074675,42.560549558012717],[-75.34365869198048,42.560540194035127],[-75.343648830616019,42.560539934290254],[-75.343370977741131,42.560532567594571],[-75.343068962403152,42.560507086580579],[-75.342766948547037,42.560481604786595],[-75.342673473011303,42.560484163023496],[-75.342549039212756,42.560487567053414],[-75.342445411235914,42.560497301829393],[-75.342347042876966,42.560506543424815],[-75.341994875124428,42.56055328315464],[-75.341856942443229,42.560571588859816],[-75.341235604217758,42.560601611925613],[-75.340988944734178,42.560613530716623],[-75.340423004576252,42.560644573182699],[-75.340042966430147,42.560742599136013],[-75.339714010591692,42.560871549352179],[-75.339313026661642,42.561083561909221],[-75.338243976350697,42.561863560438766],[-75.338029041405917,42.562014591153009],[-75.337771905422585,42.562147755327409],[-75.337750959949034,42.562158601663775],[-75.337329260899139,42.56230040600046],[-75.33724536153116,42.562328616806951],[-75.337191943530101,42.562346580183117],[-75.336944698685741,42.562445390975746],[-75.33683495697197,42.562489248570543],[-75.336448938506976,42.562643521072083],[-75.336273990871206,42.562733553785534],[-75.336195039705558,42.562784324071657],[-75.336134009435639,42.562823568958812],[-75.33603800790307,42.562913547817061],[-75.336002967537269,42.563036580594392],[-75.336002981428663,42.563152575092289],[-75.336082044039273,42.563287520803421],[-75.33620400544936,42.563403515816098],[-75.336440040414743,42.563481534403628],[-75.336448464473449,42.563483173623567],[-75.336737977730522,42.563539557087267],[-75.336969723325723,42.563587543097547],[-75.336978887610272,42.563589439701943],[-75.337018006734596,42.563597540832717],[-75.337272032541719,42.56366857027276],[-75.337417077391251,42.563719829190184],[-75.33747294661589,42.563739574371475],[-75.337595740441529,42.563813357663548],[-75.337665937157198,42.563855538061091],[-75.337727027031136,42.563932539422176],[-75.33775813218999,42.563985366096915],[-75.337758277154421,42.563985608941472],[-75.337780018054161,42.564022531617091],[-75.337779961960464,42.564125557159684],[-75.337752954795405,42.564267567849029],[-75.337675036392213,42.56443557264565],[-75.3375699874654,42.564564576800265],[-75.337437991363558,42.564622604258446],[-75.337263037614079,42.564667516671939],[-75.336965999556199,42.564731522164919],[-75.33672898406958,42.564744555740482],[-75.336151968000507,42.56469356564638],[-75.335625994476587,42.564596581720735],[-75.335450956342541,42.564602592206882],[-75.335385426414675,42.564619100331022],[-75.335320044518483,42.564635573119617],[-75.335161344502609,42.564743198315192],[-75.335093046110231,42.564789515076448],[-75.335005013420968,42.564867583046784],[-75.334969973120906,42.564989535155746],[-75.33497423046957,42.565020394585297],[-75.334986950431656,42.565112593297087],[-75.335145035252197,42.565511536238759],[-75.335312957514205,42.565974572643391],[-75.335347971789005,42.566187543925828],[-75.335340438073899,42.566306600736695],[-75.335338983414317,42.566329595414196],[-75.335234031409357,42.566432563945185],[-75.335067032324204,42.566484566319303],[-75.334907974125571,42.566495569133487],[-75.33484877772031,42.566493262202918],[-75.334678025451041,42.566486604795301],[-75.334486572124689,42.566460432619166],[-75.334400043591799,42.566448604409494],[-75.334009973652968,42.566342568701728],[-75.333970395223119,42.566339047435612],[-75.333966041683595,42.566338658764089],[-75.333763025295823,42.566320594818926],[-75.333535040905417,42.566315889812778],[-75.333372993233596,42.566312543827827],[-75.33335531971386,42.566312878556552],[-75.332951002475355,42.566320525566496],[-75.332673992614815,42.566373562699127],[-75.332437024552789,42.566441525959512],[-75.332241960551812,42.566554573770681],[-75.332066993434964,42.566736548200907],[-75.332016008612626,42.566762300412485],[-75.331870445750823,42.566835822369441],[-75.331676948789962,42.566933549579112],[-75.331122007541836,42.567281518019861],[-75.331019987547506,42.567332531281622],[-75.330926004465425,42.567379525344435],[-75.33083160741981,42.567399723217925],[-75.3307109625908,42.567425537011538],[-75.330414030623743,42.567435364566492],[-75.330257935942939,42.567440532663731],[-75.330184868243265,42.567449891052277],[-75.330093936528016,42.567461537788866],[-75.330052425133175,42.567507454927046],[-75.329970021229386,42.567598601830774],[-75.32994998811435,42.567727528728255],[-75.329950019179989,42.567871534729242],[-75.330031997293318,42.567984590686144],[-75.330145013426474,42.568090532881342],[-75.330371057140454,42.568166519100863],[-75.330618056980754,42.568219573159986],[-75.330941809007783,42.568302402607827],[-75.331861019767175,42.568537574760704],[-75.332056034950824,42.568643550100134],[-75.332200033445133,42.568779567654765],[-75.332230973361249,42.568915555909292],[-75.332221017453577,42.569036532347837],[-75.332189942431256,42.569127577851511],[-75.332087026732367,42.569226580240219],[-75.33196209705504,42.569285875825109],[-75.331768969563385,42.569377540354516],[-75.331557325240581,42.569518638680073],[-75.331555156303054,42.569520087798722],[-75.331552984966024,42.569521535090601],[-75.331418947702659,42.569657548391262],[-75.331264962735304,42.569914570009388],[-75.331245872434351,42.569961019769792],[-75.331204753466238,42.570061069396608],[-75.331157202524039,42.570176751847612],[-75.331130956584573,42.570240607220853],[-75.33102215952367,42.570606723660973],[-75.330895007653183,42.571034602029592],[-75.330832959748207,42.57139753283775],[-75.330808604030167,42.571535117106961],[-75.330781964625231,42.571685595049082],[-75.330823523695798,42.571864069277325],[-75.330832954465563,42.571904556883489],[-75.330904958618902,42.571972524612391],[-75.331049013861332,42.572025600148201],[-75.331294977675881,42.572063524352743],[-75.331542033920584,42.572078571902196],[-75.331829955716486,42.572124565943625],[-75.331938721547502,42.572171420316259],[-75.332003984545537,42.572199532388296],[-75.332138003494961,42.572336570776692],[-75.332246682205536,42.572487011653507],[-75.332301995395937,42.572563580913958],[-75.332374033734808,42.572729529051699],[-75.332395023287518,42.572873561230068],[-75.332373940386645,42.573009518770114],[-75.332312966557311,42.573160542194323],[-75.332209993441353,42.573342575318883],[-75.332038965497219,42.573516807981811],[-75.331891017239528,42.573667529385233],[-75.331664979459731,42.573826592667551],[-75.331466966559788,42.573908201392797],[-75.3314378699217,42.573920194424183],[-75.331407955352873,42.573932522407226],[-75.331193008482188,42.573977542041249],[-75.330441998440904,42.574174593917625],[-75.330123964103379,42.574310598112596],[-75.329969973442999,42.574431538027461],[-75.329784950395265,42.57462857783942],[-75.329692035447579,42.574825532363576],[-75.329670531150043,42.574955318899264],[-75.329662041897208,42.575006543167348],[-75.329661983835749,42.575203588264316],[-75.329706946425432,42.575388806924934],[-75.329730436554399,42.575485572953632],[-75.329755009203481,42.5755867989742],[-75.329785046164545,42.575710528099926],[-75.329799128491629,42.575772853698737],[-75.329825964293676,42.57589160629243],[-75.329813796303924,42.576105320294204],[-75.329807003513992,42.576224604288555],[-75.329823990552939,42.576372518156084],[-75.329823948256291,42.576456541055244],[-75.329805004858443,42.576538551238961],[-75.32973603851103,42.576608543940878],[-75.329666177369219,42.576627855141162],[-75.329631029354971,42.576637571363491],[-75.329567207320565,42.576644488180982],[-75.329456027436933,42.576656539351653],[-75.32932599355938,42.576699601234218],[-75.329086024908804,42.576784583414593],[-75.328998054561438,42.576811758617715],[-75.328963029165649,42.576822578787286],[-75.328892988401705,42.576827553712427],[-75.328840936430112,42.576824029124765],[-75.328840272231645,42.576823984941427],[-75.328818998936868,42.57682254385724],[-75.328686019535439,42.576769521117129],[-75.328652680372443,42.57674508412768],[-75.328480024415853,42.576618544044493],[-75.32825400952099,42.576482575070287],[-75.328208408592502,42.576477426590188],[-75.328120986478538,42.576467556295846],[-75.327986984900861,42.576474602660099],[-75.327813049904293,42.576535528038377],[-75.327795339250216,42.576555721086478],[-75.327627967503886,42.57674652474897],[-75.327614878179659,42.576764837376928],[-75.327606491255096,42.576776567577916],[-75.327572657496034,42.57682390205732],[-75.327525019875338,42.576890551395429],[-75.327482506580338,42.57691478113022],[-75.32743196056488,42.57694358790539],[-75.327233568572296,42.577041431053225],[-75.327062963295319,42.577125569711171],[-75.32695503960565,42.577204768041135],[-75.32693902423614,42.577216520764694],[-75.32684696207231,42.57734457503409],[-75.32675020356578,42.577586555180062],[-75.326641034423389,42.577859572166723],[-75.326611023404368,42.57808660190922],[-75.326652025859318,42.578191580973289],[-75.326658371642921,42.578202956860252],[-75.32666585441271,42.578216371688356],[-75.326723987933548,42.57832060777254],[-75.326749769044312,42.578334834570818],[-75.326847052759206,42.578388521360552],[-75.3269910421471,42.578426565217143],[-75.327186053489513,42.578434562427219],[-75.327247430088775,42.578424747423689],[-75.327329971442936,42.578411549006347],[-75.327534943515417,42.578320546853348],[-75.327586560631403,42.578289529957004],[-75.327648036831732,42.578252584899822],[-75.327874045058593,42.578199526105863],[-75.328058982452177,42.578191524664874],[-75.328253948445351,42.578237524647953],[-75.328448983203401,42.578388533285711],[-75.328590471478236,42.578669935681916],[-75.328623967156773,42.578736552157721],[-75.328674966972201,42.578887523184704],[-75.32873697936526,42.579001540561293],[-75.328839941828264,42.579092561024169],[-75.329126988530689,42.579198546053306],[-75.32917897098018,42.579281608012259],[-75.329193546711878,42.579380827819541],[-75.329198940722563,42.579417535269137],[-75.32915802406751,42.579538602605517],[-75.329045007490947,42.579621599299251],[-75.328954846301428,42.579656805926035],[-75.328870983501034,42.579689551736777],[-75.328631105287826,42.579723611977009],[-75.328602973434755,42.5797276052852],[-75.3283569379157,42.579751544389524],[-75.328130971362924,42.579757693286808],[-75.328060986390753,42.579759598442436],[-75.327829489666655,42.579766762853758],[-75.327673051357706,42.579771605798221],[-75.327267991417187,42.579771591162171],[-75.327090997021685,42.579808570229218],[-75.326998054228369,42.57990853061127],[-75.326980971646677,42.580044563247128],[-75.327041787165442,42.580243452333221],[-75.327070468839921,42.580337258106148],[-75.327099002045884,42.580430575205796],[-75.32723400145197,42.580846523726279],[-75.327318028043877,42.580951561907959],[-75.327427936342048,42.580995554037223],[-75.327555006288463,42.580989609003176],[-75.32772295799073,42.580970575693186],[-75.327908987411519,42.580914569700688],[-75.328027037988221,42.580815530991877],[-75.328111998953233,42.580610584876808],[-75.328171017965929,42.580548545094551],[-75.328280008081308,42.580510590735919],[-75.328414976882513,42.580523532157422],[-75.328486551421278,42.580549799606601],[-75.328583956134764,42.580585547798108],[-75.328854016894269,42.580703559391083],[-75.329072981584687,42.580746606858],[-75.329159128527564,42.580740482083158],[-75.329241937727744,42.580734596183973],[-75.329250575041598,42.580729287415167],[-75.32926865751736,42.580718173676715],[-75.329403008434227,42.580635607446553],[-75.329596956116461,42.580510590960763],[-75.329849991499756,42.580473571292778],[-75.330060949779849,42.580523574650748],[-75.330196049558779,42.580653589696091],[-75.33030494950512,42.580852572680705],[-75.330314056023099,42.581007533777871],[-75.330272023525168,42.581194527395866],[-75.330167000509036,42.581383588559397],[-75.329519789588119,42.582371969707772],[-75.329137000680319,42.582956522412687],[-75.329064963957407,42.583138555240183],[-75.328991645393444,42.58334476286457],[-75.328901040762389,42.583599578440875],[-75.32877797534627,42.583788601823407],[-75.328633054739754,42.583924554400589],[-75.328253009670021,42.584121612313389],[-75.327276554523493,42.584531189024808],[-75.327153979479718,42.58458260344316],[-75.326969037638406,42.584733527365287],[-75.32675716229565,42.584916623162364],[-75.326733732968265,42.58493686761954],[-75.326732944476532,42.584937548564021],[-75.326600006793342,42.58508157018727],[-75.326527956459088,42.585263602085121],[-75.326519183483441,42.585345780780109],[-75.326507043518006,42.585459535786924],[-75.326528010971799,42.585694526338116],[-75.326569008730985,42.585913607697876],[-75.32667105076905,42.586223564806119],[-75.326733036385065,42.586518600097918],[-75.326773952899202,42.586745606283152],[-75.326742952173959,42.587040539859387],[-75.326701868522761,42.587164262756126],[-75.326630042524116,42.587380558893749],[-75.326487021636268,42.587531542084491],[-75.326445059299658,42.5875499158808],[-75.326399392279029,42.587569915381238],[-75.32626096910468,42.587630528344143],[-75.325686024411027,42.587781570421519],[-75.325552760053284,42.587851191259254],[-75.325439045190819,42.587910601681756],[-75.325347006008883,42.588023526901942],[-75.325284946419572,42.588136540899214],[-75.325215963015026,42.588416548414649],[-75.325241961009482,42.588564528294022],[-75.325260524776866,42.588607594932654],[-75.325260779621317,42.588608190096771],[-75.325280846313802,42.588654735603818],[-75.325293194338997,42.58868337766733],[-75.325295002036569,42.588687572884886],[-75.325408968084332,42.588829545342541],[-75.325874051320383,42.589087586725334],[-75.326004977452868,42.589210591891344],[-75.32611003265211,42.589326558409368],[-75.326188964482583,42.589597584656516],[-75.326295345448202,42.589814710594126],[-75.32638200441292,42.58999157505955],[-75.326452734173074,42.590062739028703],[-75.326549002507605,42.590159596320589],[-75.326675187529275,42.590244898381833],[-75.326678285206313,42.590246991235972],[-75.326759006994635,42.590301558654915],[-75.326986938370922,42.590397538808666],[-75.327197958361054,42.590475556718104],[-75.327438394665649,42.590495957447672],[-75.327465799040212,42.590498283434357],[-75.327504985724744,42.590501607316],[-75.32790599654065,42.590505594705952],[-75.327978848628732,42.590492983792984],[-75.328131193918409,42.590466614751357],[-75.328663038337766,42.590374552785946],[-75.3289610347463,42.590328578589229],[-75.32920698853205,42.590351557623002],[-75.329283395782269,42.590371193992972],[-75.329382000689634,42.590396534207372],[-75.329627946551923,42.590510559176913],[-75.329717353184506,42.590596016256498],[-75.329833011481909,42.590706563333192],[-75.329864219572769,42.590766291682058],[-75.329904050787377,42.590842525951224],[-75.329910495960888,42.590931717751218],[-75.329914968596512,42.590993611252841],[-75.329883991657155,42.591129594686102],[-75.32979286400672,42.591217317360055],[-75.329749991739163,42.591258582988758],[-75.329703442830805,42.591285173883101],[-75.329617053415134,42.591334521938528],[-75.329528358634022,42.591365456164858],[-75.329428849309323,42.591400161039751],[-75.32942352550792,42.591402017603492],[-75.329422038428504,42.591402536076146],[-75.329349992334315,42.591470559088322],[-75.329318979538016,42.591575563417436],[-75.329329984491764,42.591674593581558],[-75.329422033531415,42.591772584291149],[-75.330150989854786,42.592437537862715],[-75.330244305516644,42.592563707915922],[-75.33029302459812,42.592629581930467],[-75.33060303797231,42.593125535741812],[-75.330736047902491,42.593269601606586],[-75.330859962735914,42.593360256815721],[-75.330911019733534,42.593397609162032],[-75.331074994533608,42.593450536841942],[-75.331300973158193,42.593473572121141],[-75.33141361374652,42.593449984995985],[-75.331515982453396,42.59342855144984],[-75.331721977088051,42.593314572584717],[-75.331895966021762,42.593095588638676],[-75.331910399093289,42.593063941331373],[-75.331942633486264,42.592993249229927],[-75.331944109244844,42.592990009142],[-75.331988974865581,42.592891610234659],[-75.332060005942253,42.592770548797802],[-75.332121301686712,42.592734139632043],[-75.332225002528048,42.592672537286013],[-75.332474284861846,42.592591140837641],[-75.332573958373175,42.592558594818911],[-75.33307695045437,42.59241556187073],[-75.333303045129071,42.592369608212451],[-75.333497980332993,42.592377595716279],[-75.333703026009843,42.592430582401121],[-75.334317969780557,42.592597554884478],[-75.334986977890452,42.592913591640468],[-75.335397043373831,42.59317157814732],[-75.335703948909753,42.593488581935603],[-75.336023042164001,42.593896597935938],[-75.336321055475636,42.594326555852859],[-75.336340044010797,42.594381903820462],[-75.336453338803778,42.594712089595546],[-75.336495033769751,42.594833607347027],[-75.336538772661157,42.594984562124864],[-75.336670026933916,42.595437557283418],[-75.336835128807593,42.596039942668263],[-75.336913969979335,42.596327595178671],[-75.336988050220228,42.596571523764524],[-75.337079324701364,42.596758187147628],[-75.337124981462537,42.596851558183381],[-75.337398968515885,42.59727456019769],[-75.337441753242913,42.597361185795947],[-75.337521958869914,42.597523565701287],[-75.337502053280431,42.597719587647973],[-75.3374090514004,42.597878545333558],[-75.337315608794114,42.597949953284918],[-75.337111997501609,42.598105550610001],[-75.337040038270786,42.598233554016034],[-75.336958003301646,42.598369600420213],[-75.336937040505205,42.598596609056742],[-75.336887949558289,42.598851522784365],[-75.336929974594582,42.598981533252868],[-75.336984608618607,42.599037725319853],[-75.33703894190667,42.599093604402597],[-75.33724997238393,42.59914359438752],[-75.337322053270839,42.599160069768942],[-75.337495044931941,42.599199607771837],[-75.337807025578797,42.599298562639731],[-75.337940986384169,42.599410558969488],[-75.338043954038994,42.599573395668635],[-75.338051027900349,42.599584582552296],[-75.338075956555528,42.599776603236776],[-75.338093005024646,42.599931541569966],[-75.338043012589139,42.600086584790617],[-75.337940994421842,42.600223594858356],[-75.337864837486919,42.600268468113271],[-75.337772944469634,42.600322612948212],[-75.337419016884624,42.600471527697103],[-75.337287907599929,42.600557148688132],[-75.337200000426833,42.600614553006238],[-75.337048033862445,42.600757561942771],[-75.336977984614848,42.600991558959883],[-75.336938402002374,42.601299752017738],[-75.336932001906675,42.601349576939477],[-75.336906028323284,42.602456545004351],[-75.336925156167169,42.602590684184477],[-75.336946947967618,42.60274352802405],[-75.336999380858515,42.60289128661762],[-75.337030011740936,42.60297760991903],[-75.337235059404861,42.603317603398715],[-75.337494047663668,42.603667525016981],[-75.338034952241117,42.604435555729069],[-75.338169016385933,42.604677593887175],[-75.33826604404679,42.604945589559271],[-75.338642953681216,42.605772547587705],[-75.338804984481484,42.606112573074455],[-75.338867007515802,42.606286561065097],[-75.338870941758174,42.606450544600719],[-75.33881497382464,42.606921527652233],[-75.338810238570318,42.606956390573934],[-75.338788202488942,42.607118650654101],[-75.338773946619298,42.607223607968834],[-75.33879395059887,42.607540550043431],[-75.338832925787756,42.607748805869846],[-75.338866013560491,42.607925600633216],[-75.338947996753845,42.608205525208319],[-75.338951131599984,42.60823605789713],[-75.338954540405538,42.608269235792456],[-75.338979014469004,42.608507576088101],[-75.338948016578556,42.608771536258295],[-75.338937433723899,42.608815401160101],[-75.338906387280105,42.608944107384019],[-75.33888601791854,42.609028559918343],[-75.338803952877029,42.609409563863387],[-75.338720967857199,42.609616130025429],[-75.338681013950136,42.60971558033409],[-75.338619027118185,42.610021598170327],[-75.338547985547166,42.610365555772994],[-75.338517002894619,42.610700568928181],[-75.33851784487959,42.610849770879021],[-75.33852000974494,42.61123252608261],[-75.338443987125729,42.611603603421194],[-75.338372978999416,42.611778143427152],[-75.338352061826114,42.611829558853834],[-75.338115951164383,42.612267571431431],[-75.337901886300017,42.61253030175174],[-75.33783895485908,42.612607543942062],[-75.337562201854197,42.612925251662638],[-75.337427920568928,42.613079404595275],[-75.337169956218943,42.613375536876504],[-75.337115181368091,42.613418753380408],[-75.337046928759051,42.61347260459997],[-75.33692397888818,42.613569612716532],[-75.336556947706796,42.613834558759415],[-75.336156011510468,42.614053582829584],[-75.335866819037946,42.614196939419877],[-75.33568395558062,42.614287586153083],[-75.332246989074406,42.615646564784022],[-75.331860006234322,42.61585652915236],[-75.331308050043077,42.616182599149248],[-75.331096042351732,42.616418533203614],[-75.330972980354019,42.616579193730601],[-75.330958476501422,42.616598129415053],[-75.330768967036093,42.616845535792827],[-75.330717024264985,42.616973779728127],[-75.330677013546421,42.617072565683934],[-75.330644543128471,42.617231101579627],[-75.330626021544219,42.617321540446177],[-75.330420981274827,42.617630573850306],[-75.330164045652438,42.617857538871618],[-75.329989990282826,42.617962594809924],[-75.329866523558096,42.618020208264461],[-75.329795011375538,42.618053574814873],[-75.329599989162546,42.618113575603211],[-75.32959940078473,42.618113618677249],[-75.329598814771941,42.618113665378132],[-75.329501893999264,42.618121102909242],[-75.32940497315127,42.618128543058184],[-75.329360841508176,42.618126652884051],[-75.329040120972365,42.618112939999349],[-75.328892003372118,42.618106604394242],[-75.328687025504635,42.618128532077179],[-75.328559015168267,42.618157759071785],[-75.328389008468946,42.618196572611026],[-75.327943976672287,42.618318613183533],[-75.327747948916155,42.618400258836253],[-75.327547946636145,42.61848355934675],[-75.326953027708925,42.61874056890813],[-75.326789043582522,42.618860543073218],[-75.32671704403009,42.618966563084989],[-75.326676012210683,42.619117618239038],[-75.326601997305289,42.619304604084043],[-75.326565139844959,42.619409963436617],[-75.326522939529156,42.619530600763099],[-75.326328054199223,42.619781603739796],[-75.326242034499572,42.619840569423204],[-75.326050990900441,42.619917569343841],[-75.325906948610026,42.619910594013959],[-75.325600233535624,42.619771670341471],[-75.325589037304567,42.619766596953177],[-75.325451274633494,42.619749789983892],[-75.325343056065208,42.61973658600062],[-75.325252903008931,42.619758818687011],[-75.32518900456445,42.61977457791032],[-75.324994013662959,42.619842584258372],[-75.324840993435075,42.61996261391797],[-75.324802556397614,42.620023316592537],[-75.324791389169377,42.620040950370807],[-75.324778951554165,42.620060593045075],[-75.324751594282475,42.62018618388759],[-75.324727977316797,42.620294615701361],[-75.324799962782919,42.620513606610864],[-75.324817165128707,42.620656343374826],[-75.324819970466436,42.620679616765614],[-75.324850987451512,42.620876574110646],[-75.324799939095982,42.621095553730534],[-75.324767873470762,42.621179885835573],[-75.324717052448193,42.621313547030319],[-75.324646034486449,42.621562574339578],[-75.324533023659114,42.621661599285822],[-75.324368968479163,42.621676560761671],[-75.324070980504885,42.621706581883643],[-75.323856019611881,42.621781576799656],[-75.323784002805638,42.621932535915114],[-75.323749875547676,42.622053676835669],[-75.323732993678689,42.622113603362877],[-75.323764012708693,42.622310560972217],[-75.323619981534989,42.62256654936305],[-75.323405031497003,42.622785540643314],[-75.323250779398705,42.62284803420858],[-75.323199986708133,42.622868613251498],[-75.323185639853818,42.622873892913816],[-75.323056003214973,42.622921612084653],[-75.322995003440766,42.623034535836624],[-75.322990086988312,42.623111952440134],[-75.322984964837588,42.623192615768069],[-75.323009949332629,42.623235230141745],[-75.323086959293178,42.623366587908514],[-75.323207722444366,42.623513111758122],[-75.323353985593442,42.62369057925072],[-75.323599976319855,42.623954559579843],[-75.323681983723461,42.624060595753299],[-75.323702898827207,42.624113058927747],[-75.323733014294206,42.624188601149108],[-75.323730602911979,42.624195924243168],[-75.323660980118945,42.624407551019083],[-75.323682014792581,42.624513579253403],[-75.323773938996212,42.624626613085738],[-75.323882236477786,42.624674097195957],[-75.323979034226042,42.624716537633091],[-75.324205029157355,42.624769571695843],[-75.324430954020031,42.624784603354591],[-75.324614943178176,42.624754544970557],[-75.324797902591001,42.624711208949947],[-75.324902013780957,42.624686548992024],[-75.325097007438814,42.62468653310615],[-75.325208847823134,42.624705725033614],[-75.32527203767161,42.624716566615234],[-75.325506936497604,42.624792539644069],[-75.325604321997019,42.624840182283791],[-75.325877016522341,42.624973583920735],[-75.326013651099416,42.625056224705872],[-75.326163029541561,42.625146578060416],[-75.326716942399926,42.625476585077543],[-75.327429945240496,42.625843603589715],[-75.327453460374699,42.625856423435721],[-75.327516043541934,42.625890547393581],[-75.327675910400373,42.626017940045948],[-75.327709820381259,42.6260449626335],[-75.327928983388816,42.626219607916767],[-75.328017048636269,42.626316614872621],[-75.328077941896296,42.626439547272454],[-75.328131009438749,42.626535578260317],[-75.328130966904922,42.626621176779068],[-75.328130944476925,42.62666354840843],[-75.328070037369443,42.626791600851497],[-75.327954985363391,42.626874603941758],[-75.327862711279224,42.62692698983399],[-75.327290982511528,42.627251587778183],[-75.327075030558731,42.627372610938188],[-75.326961968721633,42.627502862637215],[-75.326911012489376,42.627561566019011],[-75.326889591233339,42.627601839418432],[-75.326862154313943,42.627653416932645],[-75.326818992461355,42.627734558867871],[-75.326811196045895,42.627813965944554],[-75.326798964333378,42.627938593222247],[-75.326809054476428,42.628142543833057],[-75.326880944496565,42.628293542882396],[-75.326929896422499,42.628361672052812],[-75.326972959091023,42.628421610992277],[-75.327134114389722,42.62855375828272],[-75.327157045667434,42.628572561116911],[-75.3279879756074,42.629047577110718],[-75.328265032892915,42.629251571269016],[-75.328459975281831,42.629447606395836],[-75.328529104488581,42.629519411956082],[-75.328562000225148,42.629553581921968],[-75.328684961504536,42.629605549582401],[-75.328829030032651,42.62965853958886],[-75.329063948456181,42.62971154115688],[-75.329202461505204,42.629762003190336],[-75.329269967482304,42.629786594260246],[-75.329453992444442,42.629877563848453],[-75.329577030173766,42.630013554898561],[-75.33005906151493,42.630854558231896],[-75.330110055410458,42.631042540022385],[-75.330110056362344,42.631139283995658],[-75.330110055993813,42.631226614988115],[-75.330086767454645,42.631376389673875],[-75.330069008143127,42.631490600340769],[-75.330053176988244,42.631525608716608],[-75.330007429559288,42.631626791782033],[-75.329979851979232,42.631687784136062],[-75.329946042007833,42.631762563061812],[-75.329803043923349,42.63198154305357],[-75.329756078441548,42.632027964270286],[-75.32974354163224,42.632040354882527],[-75.329728487228181,42.632055235026471],[-75.329633440166418,42.632149183266463],[-75.329627962184674,42.632154598602163],[-75.32950482268599,42.632221689234186],[-75.329497218398743,42.632225830848732],[-75.329491121630483,42.632229152636327],[-75.329393007425026,42.632282610984561],[-75.329248970526947,42.632327602921833],[-75.329135992624785,42.63232054318545],[-75.329033954952862,42.632282560881876],[-75.329023323419335,42.632271099577288],[-75.328891770832712,42.63212931257646],[-75.328725962915001,42.631950596686053],[-75.328531047258735,42.631807606615155],[-75.32828501470064,42.631754547903604],[-75.327988038940106,42.631754587695355],[-75.327742045489089,42.631800591223005],[-75.327527055352647,42.631898556875207],[-75.327437306164271,42.631959706924576],[-75.327372954055406,42.632003551784202],[-75.327300981382677,42.632116597709427],[-75.327296597647262,42.632129549180149],[-75.327260024733221,42.632237571862326],[-75.327300990840627,42.632886583684581],[-75.327291010303284,42.63300656422274],[-75.327198987556017,42.633134531426137],[-75.327085995921067,42.633217617340343],[-75.326951591914565,42.633289329557833],[-75.326788020813296,42.633376601986939],[-75.326673046730647,42.633524532884778],[-75.326650117610725,42.633576129136706],[-75.326585047564564,42.633722548559049],[-75.326254954184918,42.634108573136594],[-75.326195769997952,42.634141986175784],[-75.326122038557102,42.634183608197013],[-75.326068057470181,42.634195783887002],[-75.325989007534375,42.634213611593729],[-75.325814032144095,42.634198532840685],[-75.325793945119273,42.634185834928225],[-75.325769841883044,42.634170599242182],[-75.325711201386056,42.634133527036155],[-75.325703598794064,42.634128720882686],[-75.325599033457578,42.634062618340003],[-75.325343008709908,42.633942579721058],[-75.325087054142557,42.633881618061885],[-75.324731805259432,42.633877320968836],[-75.324501946541758,42.633874540370478],[-75.324164021729715,42.633858564873655],[-75.324051026972583,42.633872186655836],[-75.323906960518869,42.633889553814036],[-75.32378536041783,42.633947426773602],[-75.323764004453039,42.633957590670576],[-75.323600003481374,42.634130600301667],[-75.323518045591285,42.634296538581879],[-75.323491980794131,42.634491581590758],[-75.323507539399756,42.634662014171631],[-75.323544468415761,42.635066426675657],[-75.323560610493018,42.635243244783155],[-75.32356995033139,42.635345547757737],[-75.323583570187026,42.635612468789631],[-75.323599953181599,42.63593353388729],[-75.323636163226737,42.636422179635758],[-75.323661980313858,42.636770615029782],[-75.323686840555979,42.636888636765754],[-75.32375401847348,42.637207575818849],[-75.323764060504928,42.637403603687822],[-75.323744020248569,42.637584583566671],[-75.323662036941215,42.637698557674504],[-75.323477058116111,42.637803546122079],[-75.323312987759678,42.637894605226208],[-75.323288728756339,42.637912487292603],[-75.323180056725818,42.63799260185796],[-75.323153438713263,42.638046411890898],[-75.323097975422073,42.638158536559935],[-75.323026047642443,42.638331558004388],[-75.322985053336041,42.638564560027589],[-75.323046985426473,42.638865535830696],[-75.323084428449192,42.638961452869609],[-75.323089651463292,42.638974830343138],[-75.323200020538422,42.63925756885871],[-75.323445940795793,42.639755607078364],[-75.323609948131363,42.640004600726414],[-75.323896951492259,42.640426605929406],[-75.32405105125838,42.640833583584829],[-75.324133039461344,42.641119549770551],[-75.324184042946172,42.641451538731609],[-75.324179784796613,42.64154399195148],[-75.324173959004284,42.641670582277506],[-75.324154973769566,42.641740579970147],[-75.324122969216106,42.641858584961426],[-75.324051043569114,42.642054572175184],[-75.323896982989822,42.642243585037505],[-75.323662001170561,42.64246956664207],[-75.323549008526356,42.642627578841065],[-75.323445959208428,42.642914609739037],[-75.323315996416298,42.643281593964495],[-75.323067049328614,42.643592539573191],[-75.323011352567605,42.643767368858882],[-75.322995030472256,42.643818605757112],[-75.323004949406652,42.644014540294599],[-75.323035878311572,42.644092234895538],[-75.323077000588285,42.644195532023765],[-75.323210006238796,42.644368604172882],[-75.323517946016707,42.644542534429256],[-75.323834941431855,42.644768581275926],[-75.324092005709318,42.644987591980048],[-75.324418983263726,42.645115537626729],[-75.324587900518779,42.645162109990999],[-75.324730986452209,42.645201557328662],[-75.324891027038689,42.645364558267019],[-75.325085947408937,42.645642549369327],[-75.325268960554922,42.645906612227066],[-75.325312671442447,42.646019663187097],[-75.325342044191132,42.646095616990763],[-75.325403038399486,42.646306535884293],[-75.325401599669092,42.646316691028211],[-75.325348699381564,42.64648831391731],[-75.325132587566927,42.646878007698866],[-75.325015129508841,42.647191375676456],[-75.325015140702618,42.647193542683731],[-75.325015151914528,42.647195708790953],[-75.325002938488424,42.647225612118781],[-75.324962040558759,42.64740656443248],[-75.325013045955146,42.647526554566078],[-75.325156034546424,42.647669609230583],[-75.325381946722274,42.647760551947883],[-75.325391208080987,42.647762399229599],[-75.325412032546325,42.647766549384798],[-75.325573127717149,42.647798638607135],[-75.325648045007497,42.647813562627292],[-75.325710478506522,42.647818374844647],[-75.325842946998662,42.647828584964635],[-75.326242970480664,42.647760536927571],[-75.326255880600215,42.647758749393205],[-75.326317387493759,42.647750228418566],[-75.326683039796293,42.647699575132513],[-75.326850887851492,42.647690826013552],[-75.326970011413579,42.647684617454189],[-75.327360050849322,42.647760595664799],[-75.32765695794059,42.647895547399521],[-75.327809959603826,42.647993542445668],[-75.32794396675024,42.648144541554196],[-75.328024204435749,42.648284505724789],[-75.3280250856116,42.648286047594915],[-75.328025967988637,42.648287590378395],[-75.328056000161652,42.648430600765963],[-75.328056018462632,42.6485965742012],[-75.328019558963433,42.648725068672178],[-75.327809994622058,42.649463622795174],[-75.327788939797799,42.649705574336991],[-75.327822467391513,42.649835843225304],[-75.327850961358536,42.649946566680086],[-75.327928578408844,42.650068130908643],[-75.327985042402688,42.650156553992773],[-75.328198495497872,42.650315235569288],[-75.328198639710521,42.650315341577645],[-75.32819900257212,42.650315612025587],[-75.328199411297078,42.650316088231321],[-75.328321997083108,42.650458539029344],[-75.328394033432943,42.650632588933782],[-75.328434961656484,42.650805563381191],[-75.328428560917828,42.650860727622494],[-75.328416379573326,42.650965686649592],[-75.328413960149931,42.650986543962972],[-75.328342000184023,42.651129581854548],[-75.328033783418789,42.651480143661999],[-75.327814855141028,42.651729146678932],[-75.327461056599063,42.652131548231068],[-75.327415252470701,42.652196610640623],[-75.327327965232996,42.652320597221248],[-75.327248934311072,42.652446577384303],[-75.327205039601139,42.652516547158179],[-75.327147970609659,42.652731587766787],[-75.327145968979494,42.652816370409354],[-75.327143982062466,42.652900542847966],[-75.327194985427127,42.653088615391816],[-75.327287026876391,42.653284582934447],[-75.327390015132835,42.653450534833112],[-75.327563966676635,42.653608534116422],[-75.327748016924971,42.6537145459382],[-75.32788103464668,42.65376756983747],[-75.327982554403121,42.653781034739701],[-75.327982963104148,42.653781088732295],[-75.328026096420288,42.653786809867619],[-75.328051642398961,42.65379019836967],[-75.328107019658674,42.653797540857504],[-75.328219752459347,42.653783175920324],[-75.328341966327486,42.653767602200809],[-75.328438687180153,42.653764016652012],[-75.328557992341359,42.653759597239812],[-75.328623213734062,42.653781707757034],[-75.328669946381609,42.653797548986205],[-75.328718006610657,42.653852913652486],[-75.32874200042653,42.65388055281884],[-75.328813956312544,42.654083602779131],[-75.328815946341876,42.654101398049406],[-75.328816332863795,42.654104861011916],[-75.328819541469699,42.654133567956066],[-75.328850061050304,42.654406532345533],[-75.328842121766968,42.654514871411301],[-75.328843975134333,42.654617550778603],[-75.328804869484841,42.654750404163394],[-75.328793033454957,42.654790607156308],[-75.32860800379963,42.655009613161404],[-75.328372942027841,42.655295587015281],[-75.328312301147577,42.655415031026436],[-75.328281045373402,42.655476591866446],[-75.328214005882813,42.655666803918955],[-75.328127049062346,42.655913533582911],[-75.328054997297968,42.656109615088148],[-75.328034053718127,42.656251115078966],[-75.328024953845272,42.656312596367052],[-75.328034970052329,42.656523570595596],[-75.328101293553516,42.656803529827727],[-75.3281169470484,42.656869604442889],[-75.328218747908807,42.657144282654393],[-75.328239973247463,42.657201555428784],[-75.328307564415738,42.657310680606912],[-75.32852062850472,42.657654676353609],[-75.329458022961845,42.659044548042679],[-75.329528056481891,42.659145595241363],[-75.330593059976835,42.660493548997678],[-75.330828977795221,42.660711611605244],[-75.330992990354261,42.660922590365708],[-75.331104986358383,42.661080587290584],[-75.331150201524437,42.661184861372433],[-75.331166998258425,42.661223597812864],[-75.331190560525371,42.661354860242355],[-75.331198055074495,42.661396595414352],[-75.331177052380582,42.661577577079228],[-75.33114473535079,42.661663066237544],[-75.331126032742404,42.66171253885588],[-75.331045253469355,42.661827854272147],[-75.330962056607646,42.661946619023908],[-75.330861863667153,42.662060013376525],[-75.33084901301234,42.662074555780386],[-75.330623990457013,42.66223262494394],[-75.330083826947259,42.662604888071719],[-75.330063833712344,42.662618665349534],[-75.330021941083558,42.66264753679431],[-75.329701938613539,42.662797588821633],[-75.329509050652845,42.662873110627473],[-75.329374989340963,42.662925601627208],[-75.329249213860621,42.662958974759626],[-75.329036001147074,42.663015549124118],[-75.328746619215522,42.663041577264501],[-75.328642645708044,42.663050927952654],[-75.328523993606453,42.663061595932597],[-75.32831004049099,42.663098595004747],[-75.328144976776869,42.663151571274923],[-75.327971003268715,42.663249596710777],[-75.327847984870715,42.663339556121507],[-75.327812207494716,42.663390150865574],[-75.327788567232645,42.663423581424361],[-75.327766185063609,42.663455228889475],[-75.327714994808233,42.663527613308098],[-75.32770154144022,42.663581868251335],[-75.327685003079836,42.663648552300103],[-75.327715038514796,42.663791566060496],[-75.327786980457944,42.663874573648449],[-75.327805907816,42.663893196441606],[-75.32780751658882,42.663894779594351],[-75.327870269768169,42.663956522654956],[-75.327870493437857,42.663956742964778],[-75.327870719546624,42.663956963301338],[-75.327970966424658,42.664055601311738],[-75.328127037225599,42.664146946904616],[-75.328175988616536,42.664175597850786],[-75.32966103927285,42.665033620933926],[-75.329910549980539,42.665176511880404],[-75.33012198860817,42.665297597816952],[-75.330194359590507,42.665350868241184],[-75.330428982596672,42.665523564164843],[-75.330541963590235,42.665658594578041],[-75.330655059415619,42.665884578292577],[-75.330737037762859,42.66611056277862],[-75.330777000087082,42.666351617768576],[-75.33079718706864,42.66657113339658],[-75.33088032155554,42.667252749036827],[-75.330911015065965,42.667368592644976],[-75.33117502750568,42.667886554162948],[-75.331196992041157,42.668000590899325],[-75.331196552582185,42.668020477793775],[-75.33119653278041,42.668021342707739],[-75.331196235736385,42.668034803446851],[-75.331195025326281,42.668089571606465],[-75.331168238746599,42.668160992768641],[-75.33114400152121,42.668225615276647],[-75.331032953922275,42.668317612003136],[-75.330663999213613,42.66844556604611],[-75.330539992218235,42.668556602860846],[-75.330509061876384,42.668684571204743],[-75.330528666058385,42.668756400604273],[-75.330550004359154,42.668834577652056],[-75.330643015881634,42.669045580359821],[-75.330710651925287,42.669300238063329],[-75.330715435791305,42.669318249261501],[-75.330744997460954,42.669429555893231],[-75.330805041443682,42.669729537679949],[-75.330812946779673,42.669837415209578],[-75.33082520432913,42.670004669714281],[-75.330854523597836,42.67040473266254],[-75.330857003588477,42.670438577276059],[-75.330897994747346,42.671424575154397],[-75.330878045604749,42.671552603297101],[-75.330816972373867,42.671634551297338],[-75.330694029272749,42.671717576295144],[-75.330561003824215,42.671762534994492],[-75.330350198648119,42.671778403975438],[-75.329683681993501,42.671828571919001],[-75.328154981427019,42.671943621615618],[-75.32799103609868,42.671981555096586],[-75.327797018263752,42.672101616091666],[-75.327658221528708,42.672253906666185],[-75.327561009257039,42.672360569773055],[-75.327499038376601,42.67243558420239],[-75.327529989590232,42.672518620423453],[-75.327581026963301,42.672593575755613],[-75.327662986558423,42.672653593018595],[-75.327703820907445,42.672666651233733],[-75.327734991836309,42.672676620106891],[-75.327818795344044,42.672682021967027],[-75.327858050730995,42.672684553428745],[-75.328717015885729,42.672646608662141],[-75.32918564403677,42.672651535790699],[-75.329383028244536,42.67265360873138],[-75.329597983097784,42.672684601194995],[-75.329741004239835,42.672751551918509],[-75.329874021542821,42.672819611906512],[-75.329874775281112,42.672820289933199],[-75.329875526580039,42.67282096793317],[-75.329965991421034,42.672902560834729],[-75.330011593415065,42.672986012377045],[-75.330047941781871,42.673052535376435],[-75.330214074692648,42.673452561255758],[-75.330273050513583,42.673594567411847],[-75.33032404055777,42.673820548679927],[-75.33039600043162,42.674203618735618],[-75.330391658584077,42.674275873021074],[-75.330388561203264,42.674327356205119],[-75.330386017490852,42.674369619798014],[-75.330355043388877,42.674489573565275],[-75.330295050132747,42.674564343747555],[-75.33029405906764,42.674565578835541],[-75.330222046273249,42.674587578718615],[-75.330138292987854,42.674587553588857],[-75.330132354029402,42.674587550723359],[-75.330131436601562,42.674587549687537],[-75.330109033680216,42.674587542222753],[-75.330024636256198,42.674572035757329],[-75.329945943319856,42.674557577417268],[-75.329809412817411,42.674500660040721],[-75.329801980533588,42.674497563798219],[-75.329699963123943,42.674384568240775],[-75.329556949745978,42.674226570108814],[-75.329474997904583,42.674053535610099],[-75.329472312485095,42.674048205605409],[-75.329472174057784,42.674047930417387],[-75.329469586022128,42.674042793229546],[-75.3294408865452,42.673985825208575],[-75.329402969580698,42.673910555237725],[-75.329363455719374,42.673881277178424],[-75.329362616672711,42.67388065492954],[-75.329290984347992,42.673827575773544],[-75.329211105326465,42.673802628762814],[-75.329146982480921,42.673782602091464],[-75.328849968004491,42.673790568098511],[-75.328656037688177,42.673835612759895],[-75.32844102446613,42.673933579802586],[-75.328286987528074,42.674023539017654],[-75.327775998361503,42.67425662428429],[-75.327570997587344,42.674309622684412],[-75.327120962609996,42.674437617751728],[-75.326977052937153,42.674527543127823],[-75.326864999519927,42.674640613639156],[-75.326824053361818,42.674745553584977],[-75.326803042414269,42.674881602108925],[-75.326803054355253,42.674941740881884],[-75.32680306550499,42.675001555559675],[-75.326854053803999,42.675136585371916],[-75.326893679974646,42.675189698439205],[-75.326916000227783,42.675219616054193],[-75.327008013277151,42.675287620236546],[-75.327131025832344,42.675332566247448],[-75.327298380245722,42.675391150893226],[-75.32799095758638,42.675633593653544],[-75.328143946404197,42.675738613256989],[-75.328225944388024,42.675874542230339],[-75.328277016878317,42.676024609903493],[-75.328275453408367,42.676059859614881],[-75.328269729479786,42.676188711045626],[-75.328266980977205,42.676250590328266],[-75.328205977161204,42.676370629406463],[-75.328082944480883,42.676438611144434],[-75.328049072659724,42.676452714850846],[-75.327938998316327,42.676498550351113],[-75.327651979249183,42.676505585704383],[-75.327391484735784,42.676513129058272],[-75.327375948091586,42.676513579852021],[-75.327211982602449,42.676573574085353],[-75.327156130578516,42.676602854845541],[-75.327068971948293,42.676648549233704],[-75.327022971526702,42.676697581186545],[-75.326976973490005,42.676746612246312],[-75.326956001623572,42.676867619098324],[-75.326955981459207,42.676979556313256],[-75.326955945994115,42.677228560942311],[-75.327006995848478,42.677491560185743],[-75.327088973550929,42.677739610781806],[-75.327233020390651,42.678070603109965],[-75.327261023505883,42.67819901501138],[-75.327284047378001,42.678304601674263],[-75.327323447234349,42.678475609073459],[-75.327375968037188,42.678703560860427],[-75.327450718516744,42.678845112058355],[-75.327499000988183,42.678936542114414],[-75.327535445142857,42.67899197956546],[-75.327566378526726,42.679039039284099],[-75.327662022660618,42.679184537401575],[-75.32770965460503,42.679294485330551],[-75.327714043084384,42.679304615206711],[-75.327724025337048,42.679462541763172],[-75.327702977839081,42.679568603018623],[-75.327673820492876,42.67962866412239],[-75.327652022956272,42.679673571180587],[-75.327047955588284,42.680298576309049],[-75.327007049075334,42.68033282187303],[-75.326946260731205,42.680383711681358],[-75.326835926547659,42.680476079218508],[-75.326679985290397,42.680606624071537],[-75.326507735418602,42.680753253441686],[-75.326423955898377,42.680824570032399],[-75.326001952937716,42.681071622948146],[-75.325767022902312,42.681162046313439],[-75.325646017957027,42.681208621062403],[-75.325614333060855,42.681219340646258],[-75.325582648135835,42.681230061121234],[-75.325380035501297,42.681298619815053],[-75.325312438936479,42.681309537234249],[-75.325145026582476,42.681336574281751],[-75.324806995884558,42.681373553809948],[-75.324404543830312,42.681409554172646],[-75.323967993786596,42.681448602696506],[-75.323702062636244,42.681501588438323],[-75.323394945651643,42.681591611787184],[-75.321777951459993,42.682118575651309],[-75.321408967438572,42.682261542020058],[-75.321350005731247,42.682291915439691],[-75.321205058056719,42.682366580934733],[-75.321088767382278,42.682452127259467],[-75.321031050441334,42.682494587314636],[-75.320994946599868,42.682531364694775],[-75.320947497908776,42.682579696698397],[-75.320869130416781,42.682659525666416],[-75.320765010527907,42.682765588084422],[-75.32062101346574,42.682938537711124],[-75.320564270316595,42.6829836657624],[-75.320498967512648,42.683035602425235],[-75.320365942509113,42.683111621725146],[-75.320170950766126,42.683171602112552],[-75.32007262152473,42.683189420784664],[-75.320002899422008,42.6832020571754],[-75.319985735543654,42.683205169019438],[-75.31996705432573,42.683208554000011],[-75.319891103295049,42.683250565670733],[-75.319843998504652,42.68327662103205],[-75.319761949030934,42.683366544379794],[-75.31974389918814,42.683423659742701],[-75.319730960059658,42.683464611014656],[-75.319741306142063,42.68349055116375],[-75.319741428121731,42.683490854088951],[-75.319748497329897,42.683508580330248],[-75.319767113617843,42.683555241553059],[-75.319782024473,42.683592619158347],[-75.31990499167442,42.683720604863872],[-75.320058960488765,42.683825543325092],[-75.320160968225181,42.683961597755314],[-75.320237020657402,42.684223626799472],[-75.320218964315615,42.684320577647],[-75.320156940174343,42.684436565213382],[-75.320106234492272,42.684519430028352],[-75.320033957141803,42.68463755502728],[-75.319937055473801,42.684760566706764],[-75.319867261308872,42.684798524978568],[-75.319812048294622,42.684828550939116],[-75.319700028214385,42.684836606411295],[-75.319453948792884,42.684836572935048],[-75.319298781483155,42.684857108976338],[-75.319234994569982,42.68486554957466],[-75.319138057994181,42.684910580762278],[-75.319110840305385,42.684944497435055],[-75.319065042752101,42.685001560251209],[-75.319066200546914,42.685012580228324],[-75.319067344548415,42.685023438010511],[-75.319095964403559,42.685295595761559],[-75.319069643427383,42.685367596037494],[-75.319055033433898,42.685407560119209],[-75.318994017579442,42.685505618238885],[-75.318840030171614,42.685588629609278],[-75.318665943336555,42.685633598983323],[-75.318615875325477,42.68564458804984],[-75.318556682061327,42.685657580177022],[-75.318493050608595,42.685671544128226],[-75.318330161424868,42.685715967776787],[-75.318158251473491,42.685584439292072],[-75.317666242934507,42.685251476366986],[-75.317298520955219,42.685108728844519],[-75.31705039137249,42.685052426141233],[-75.316420110500033,42.684954094432527],[-75.315954905187411,42.684926784574095],[-75.315684016843335,42.685006161924647],[-75.315529575091929,42.685120959277462],[-75.315482034523512,42.685299795290042],[-75.315541108039184,42.685485484776599],[-75.315803903278038,42.685720650944148],[-75.315988680915467,42.685855956895431],[-75.316134595435614,42.685969926365225],[-75.316241790173237,42.686091149003936],[-75.316339550571371,42.686262435561375],[-75.31637899560458,42.686398143271191],[-75.316291914680917,42.686554029960149],[-75.316206657738832,42.686616442688432],[-75.315505008626744,42.687219589034321],[-75.315393653856503,42.687329676844307],[-75.315239009251059,42.687482563206387],[-75.315152985688741,42.687594597581061],[-75.315023993521194,42.687762597281242],[-75.31492796280952,42.687915596644494],[-75.314857155293396,42.688250198181478],[-75.314850942456388,42.688279540090818],[-75.314758967985227,42.688437573331178],[-75.314614947107628,42.68858755079129],[-75.31441099501032,42.68873859433242],[-75.314344933028096,42.688790764766402],[-75.314315704540121,42.688813847052607],[-75.314232731751261,42.688879375897649],[-75.314134992547892,42.688956565645753],[-75.31360301254368,42.689347603914577],[-75.313387992393189,42.689557572982345],[-75.313284975181716,42.689753545426818],[-75.313228049063028,42.689916612159806],[-75.313219681145881,42.68994081763104],[-75.313204301929261,42.689985293380673],[-75.313102386481361,42.690280010340452],[-75.312956953490996,42.690700567397613],[-75.312925497342064,42.690838557721733],[-75.312896993340573,42.690963601180833],[-75.312897299397036,42.690970079071953],[-75.312898046296951,42.690985941410283],[-75.312900396787185,42.69103568570781],[-75.312902828145127,42.691087150352296],[-75.312906958570821,42.691174578458693],[-75.312948280780461,42.691324592994917],[-75.31296054555412,42.691369118764328],[-75.312967017586004,42.691392620089196],[-75.313048946945074,42.691565568383588],[-75.313130955325704,42.691851543886315],[-75.313152012511054,42.69200962204922],[-75.313127733833198,42.692154515786221],[-75.31312508843682,42.692170307188356],[-75.313122030487833,42.692188557059616],[-75.31307005117273,42.692437612298392],[-75.312988056838421,42.692640552200388],[-75.312934508413591,42.6927146120671],[-75.312828321523867,42.692861476985406],[-75.312628192507077,42.693138276606099],[-75.312466000584976,42.693362604403163],[-75.312363980379132,42.693565594372295],[-75.312241020185255,42.693926602419062],[-75.312231773912259,42.694028827752014],[-75.312212002977347,42.69424742492339],[-75.31219000894302,42.694490581934474],[-75.312144461437668,42.694623208588318],[-75.312107944139257,42.694729540556331],[-75.311810958361676,42.695323547968115],[-75.311740033331589,42.695594626121085],[-75.311566050514472,42.696300597699242],[-75.311545036819581,42.696364174807691],[-75.311494014440655,42.696518546750639],[-75.311177257440889,42.697231923548031],[-75.31117697719435,42.697232558701586],[-75.311106007571382,42.697397553100664],[-75.311013956551236,42.697495602252637],[-75.310839986055484,42.697570552174788],[-75.310497972402032,42.697660545257349],[-75.310418927567767,42.697696528649999],[-75.310380641997341,42.697713955672278],[-75.310297955568004,42.697751591846433],[-75.310164962442983,42.697866593041681],[-75.310074181509492,42.697946637347727],[-75.309929017559426,42.698074631075301],[-75.30978605650462,42.698247562718542],[-75.309754257935126,42.698294632572249],[-75.309680008081344,42.698404547425589],[-75.309571955441754,42.698600620430476],[-75.309366943954075,42.699088553838081],[-75.308558998789707,42.700975596666247],[-75.308068026536674,42.702230580829124],[-75.307761965745257,42.703252544205036],[-75.307662202383014,42.703635046939304],[-75.30760102955341,42.703869584910628],[-75.307442995528817,42.704382605045502],[-75.307274405487775,42.704826858183424],[-75.307217957278283,42.704975595066514],[-75.307075028089287,42.705358624435355],[-75.306920957308719,42.705636589207792],[-75.306900523622602,42.705664434345906],[-75.306887051400011,42.705682793890361],[-75.306780193497261,42.705828428215078],[-75.306656056727036,42.705997608072451],[-75.306454658138293,42.706230455118074],[-75.306386617591656,42.706309123173298],[-75.305529057108004,42.70730056980269],[-75.305183000555147,42.707724575443009],[-75.304936993190978,42.707957569128595],[-75.304722990231724,42.708168603717759],[-75.304630977975961,42.708280605155345],[-75.304527969431064,42.708491608381365],[-75.304496184522094,42.708527448222895],[-75.304394992714222,42.708641546226531],[-75.304183833759893,42.708791100421834],[-75.303864053000538,42.709017585450589],[-75.303597952403692,42.70918957698408],[-75.303351999305136,42.709385554718622],[-75.302749027502983,42.709993587379948],[-75.302544938320537,42.710211610930656],[-75.302512840609523,42.71031853988098],[-75.302484012495142,42.710414574763696],[-75.302493935582532,42.710572594646855],[-75.302510599887398,42.710639478354182],[-75.302535035964354,42.710737554712736],[-75.302581894410423,42.710871659767442],[-75.302605992965326,42.710940626914542],[-75.302677969611238,42.711075609678907],[-75.302830488655715,42.711229488634977],[-75.303117050741037,42.711518598131065],[-75.303158022537119,42.711631601398913],[-75.303164159482932,42.711723521616889],[-75.303168036453684,42.711781609241797],[-75.303127041598756,42.711939580184712],[-75.303106855364902,42.71197289808751],[-75.303054957379402,42.712058556579017],[-75.302953484191917,42.712161521406614],[-75.30291302453395,42.712202573365992],[-75.30285063442507,42.71225126794247],[-75.30280526231958,42.712286680795067],[-75.302639815014004,42.712415819034845],[-75.302626033725232,42.712426574834325],[-75.302351677127746,42.712582192109515],[-75.301778053773404,42.712907548728744],[-75.301654940071529,42.713004590649099],[-75.301634820715833,42.71306497361347],[-75.301628109421728,42.713085118617656],[-75.301627033473537,42.713088343810831],[-75.301624964800112,42.713094546664458],[-75.301635048605874,42.713335596759194],[-75.301624983163009,42.713425589245105],[-75.301521942458137,42.713507630937599],[-75.301389974365591,42.713567593720292],[-75.301280569650118,42.713591499883876],[-75.301216013977751,42.713605607598929],[-75.300786962879471,42.713597548154965],[-75.300661507401344,42.713607630952872],[-75.3006120341838,42.713611606797713],[-75.300534943542203,42.713619604288496],[-75.300410347467121,42.71363252856758],[-75.300091934442349,42.713665560055631],[-75.299907959643349,42.713703600165829],[-75.29983602716139,42.713778621453237],[-75.299815544512313,42.713823599745183],[-75.299785028403264,42.713890604085258],[-75.29981600634548,42.714033618247747],[-75.299863473826889,42.714120525696117],[-75.299897934017565,42.714183617553289],[-75.299902535400392,42.714186804628547],[-75.299905096686345,42.714188577982156],[-75.299931952788768,42.714207177067152],[-75.300061025445586,42.714296568927097],[-75.300448943193359,42.714536630924137],[-75.300581981028628,42.714671547230374],[-75.30064397165421,42.714814571836115],[-75.300727007011361,42.715242566439443],[-75.300728407485622,42.71530254026564],[-75.300735940496395,42.715625546786242],[-75.300695017261717,42.715850612715194],[-75.300593051664279,42.716004603087129],[-75.300460021059905,42.716124548801744],[-75.300377404899777,42.716168543060149],[-75.300275962071709,42.716222560165477],[-75.299622045693852,42.716515604209526],[-75.299468010368486,42.716635595975404],[-75.299356036823156,42.716740623753481],[-75.299295039935544,42.716830567968572],[-75.299289866599466,42.716897145103687],[-75.29928399958014,42.716972614149014],[-75.299274915600492,42.717096512887935],[-75.299274027324728,42.717108625445846],[-75.299346052160388,42.717280622824688],[-75.299375711285776,42.717320831108658],[-75.299447340687735,42.71741794543172],[-75.299540034575543,42.717543616228838],[-75.299548946059218,42.717590550669549],[-75.299559958449109,42.717648568003739],[-75.299560013882825,42.717761587281387],[-75.2995242745463,42.71781902470687],[-75.299508993432781,42.717843580956547],[-75.299396996345877,42.717918620877228],[-75.29934334969218,42.717935537012202],[-75.299263953616517,42.71796057526916],[-75.299089991901539,42.717975617343882],[-75.298864989015499,42.717941623627731],[-75.298538001842189,42.717881599364439],[-75.298181020988437,42.717881628703353],[-75.297905026383148,42.717911612849456],[-75.297688000563667,42.717949741972276],[-75.297608985552515,42.717963624090174],[-75.297261041689197,42.718091594768808],[-75.297119825389927,42.718145868163376],[-75.297006015131032,42.718189606833633],[-75.296771028416742,42.718316565342725],[-75.296678974060939,42.718399565020384],[-75.296575998050614,42.718549593755085],[-75.296514976441301,42.718661599939317],[-75.296505007246026,42.718824622415404],[-75.296505015524602,42.718865514609739],[-75.296505031479356,42.718922753287721],[-75.296505053520335,42.719014551007568],[-75.296526392802136,42.719164211155039],[-75.296534999077537,42.719224572932376],[-75.296586983400289,42.719420578310618],[-75.296750493470995,42.719581578052939],[-75.296914003125138,42.719742579354829],[-75.296982194722162,42.719813447234827],[-75.297016001926991,42.719848581291686],[-75.297051937320845,42.719982580108912],[-75.297037787549314,42.720013347714904],[-75.297005037008702,42.720084552720195],[-75.296943976950786,42.720137574635913],[-75.296821010870261,42.720167611363919],[-75.296672969588784,42.720164570820245],[-75.29658289418434,42.720162838577181],[-75.296413043694955,42.72015957335082],[-75.29634595079439,42.720172124784888],[-75.296290040628051,42.720182584589836],[-75.29618796203043,42.720264619562442],[-75.296105938137927,42.720377581340038],[-75.296064982074498,42.72049755117007],[-75.296077356703435,42.72059034743512],[-75.29608499613424,42.720647619573995],[-75.296087844183987,42.720654190864543],[-75.296091000870661,42.720661483108266],[-75.296109173844258,42.720703426583555],[-75.296136983833676,42.720767618654477],[-75.296279951496842,42.720910619382352],[-75.296463947768274,42.721052609103587],[-75.296534964855212,42.721165625386377],[-75.296528565586769,42.721242912116473],[-75.296525028953752,42.721285602732983],[-75.296462036156242,42.721368908930557],[-75.296422955560516,42.721420590431457],[-75.296361005349084,42.721496740649599],[-75.296331038047626,42.721533576200969],[-75.29628000524805,42.721615570032696],[-75.296285807942226,42.721659057878334],[-75.296290013603809,42.721690559207012],[-75.296382031671058,42.721803609943173],[-75.296678051491298,42.721999614378127],[-75.296830967737478,42.722179602321475],[-75.296963981291171,42.722359634764231],[-75.297004969560021,42.722554588203323],[-75.296942933474455,42.722659572143598],[-75.296928312077284,42.722668577649621],[-75.296821031834028,42.722734635937634],[-75.296443026665486,42.722840619312912],[-75.296290011406199,42.722922604059939],[-75.296167000072813,42.723072595272221],[-75.296156240058409,42.723095020605243],[-75.296095038096723,42.723222632640152],[-75.296084447533801,42.723298035735233],[-75.296074956686184,42.723365602080115],[-75.296126028809581,42.723523607557091],[-75.29620804836874,42.723793560611526],[-75.29620796279157,42.72398159617893],[-75.296204879648982,42.724013553013876],[-75.296199140233654,42.724073000936684],[-75.296195217129849,42.724113634653094],[-75.29618701011195,42.724198592574709],[-75.2960750054324,42.724506602360698],[-75.296064942847707,42.724701597065419],[-75.296078827972494,42.724812370740395],[-75.296095028571202,42.72494160625434],[-75.296100489968936,42.724952536122821],[-75.296105952626505,42.72496346420472],[-75.296237955982193,42.725227610774496],[-75.296319633437449,42.725347513065145],[-75.296381010311507,42.725437610096812],[-75.296514056490494,42.725572617430274],[-75.296573183479651,42.725615993235841],[-75.296576647471781,42.725618533897965],[-75.296675220682062,42.725690848758759],[-75.296698036140455,42.725707584711351],[-75.296739706447411,42.725722372840501],[-75.296924586467384,42.725787995240459],[-75.296932450730637,42.725790786072395],[-75.296994008461311,42.725812632954003],[-75.297096005647191,42.72586559135366],[-75.297177955539397,42.725940573699958],[-75.29719257569343,42.726000335834371],[-75.297198011527357,42.726022563250162],[-75.297178014466155,42.726105556836629],[-75.297154951410704,42.726117574250026],[-75.297116528620109,42.726137594135139],[-75.297109922559244,42.726141038037639],[-75.297106977503418,42.726142572260407],[-75.297067659485862,42.726133705392989],[-75.296973938526932,42.726112567645394],[-75.296841024159946,42.726082566076208],[-75.296676950691335,42.726075605850347],[-75.296597438583859,42.726098197673153],[-75.296493979573569,42.726127591658432],[-75.296339995259487,42.72618760620999],[-75.296271542934861,42.726230334213476],[-75.296207005556866,42.726270619742309],[-75.296160432592359,42.726329054141161],[-75.296105014592257,42.726398581658742],[-75.296100156404194,42.726485898876469],[-75.296094998274498,42.726578626704516],[-75.296044046862278,42.726728613839285],[-75.295901038767397,42.72686361339764],[-75.295758051409138,42.726975561718341],[-75.295686012590267,42.727110561316422],[-75.295645980559044,42.727245564278277],[-75.295645996830871,42.727403614221963],[-75.295686032600074,42.727628558317541],[-75.295891039296876,42.728228606844304],[-75.295925488494078,42.728305266095362],[-75.295962026443192,42.728386557992692],[-75.296063952497022,42.728551635607353],[-75.296138777801133,42.728615489162451],[-75.29619477339071,42.728663268981784],[-75.296207570297838,42.72867418856422],[-75.29624902548619,42.728709567204938],[-75.296453031746807,42.728866632789405],[-75.296657002502641,42.728964623638277],[-75.296861016408158,42.728994625662644],[-75.297019822873494,42.728994597407102],[-75.297198032359887,42.728994563590533],[-75.297372027163661,42.72897961307433],[-75.297586952739493,42.728941589849221],[-75.297692306729189,42.728907971589329],[-75.297821979802862,42.728866594379113],[-75.297994968399877,42.728769606287145],[-75.298081130585786,42.728718115150848],[-75.298159036444332,42.728671558175122],[-75.298250947269878,42.728529571909377],[-75.298276643979264,42.728493761954368],[-75.298332003945973,42.72841661141188],[-75.298431647407853,42.728362918079625],[-75.298486004427346,42.728333630429141],[-75.298669955567775,42.72828154983349],[-75.298883971718212,42.728258565803429],[-75.299232016757045,42.728266575870343],[-75.299301530808165,42.728283672888601],[-75.299414969581832,42.728311573571197],[-75.299680956412033,42.728401562608816],[-75.299874963262099,42.72848462726926],[-75.300068960486172,42.728641625567839],[-75.300192046212288,42.728784580326156],[-75.300284052410689,42.728941576911971],[-75.300305236087794,42.729007249253634],[-75.300335019896053,42.729099577421756],[-75.300327278334706,42.729191985694293],[-75.300324967464149,42.729219559947744],[-75.30025299751874,42.729316559057665],[-75.300192038526347,42.729391551149746],[-75.300031347466856,42.729535822692817],[-75.299956939218987,42.729602627589458],[-75.299909800449583,42.729672262301008],[-75.29990920470884,42.7296731432508],[-75.299896051033699,42.729692571326765],[-75.2998639757609,42.729804592909488],[-75.299812944692476,42.729962594605162],[-75.299788486991332,42.729988370421211],[-75.299720941789616,42.730059553378226],[-75.299434978457768,42.7302625668598],[-75.299416065951903,42.730273758929442],[-75.29901596329259,42.730510590656607],[-75.298881729334425,42.730590242616699],[-75.298822364727641,42.730625468899603],[-75.298815939925845,42.730629282224029],[-75.298805597491523,42.730635418307507],[-75.298804322919523,42.730636174607085],[-75.298803771521108,42.730636503307437],[-75.298801945569181,42.73063758740733],[-75.29872997076545,42.730682620628514],[-75.298723676154239,42.730729704037337],[-75.298721881803274,42.730743100928819],[-75.298719945611523,42.730757572003313],[-75.298747500096923,42.730923757377091],[-75.298754736492839,42.730967416857524],[-75.298771018051752,42.731065609271447],[-75.298751032540537,42.731253605950378],[-75.29871988847998,42.731291498333071],[-75.298658975671387,42.731365605169266],[-75.298602694157879,42.731458359967128],[-75.298577044970571,42.731500629654327],[-75.298352053399384,42.731733559334145],[-75.298076984712523,42.73194356214055],[-75.297820977539047,42.732078592008484],[-75.297614873913844,42.73216572585968],[-75.297269939214402,42.732311552628609],[-75.297096040797385,42.732348565962063],[-75.296942946469684,42.732341580870909],[-75.296855183693594,42.732318861639811],[-75.296769020721996,42.73229655371513],[-75.296565410896363,42.732196108628024],[-75.296544323199569,42.732185706284447],[-75.296463029560229,42.732145604901099],[-75.296360778661438,42.732145609907121],[-75.296357138419168,42.732145611307459],[-75.296319985264262,42.732145612365905],[-75.296176959370641,42.732175610093734],[-75.295880991118679,42.732333614902657],[-75.295870379551857,42.732339687376992],[-75.295859146425158,42.732346113854149],[-75.295605051800877,42.732491560593836],[-75.295427998973295,42.732636557107732],[-75.295366490670688,42.73272254389294],[-75.295360040838588,42.732731558263261],[-75.29535810582,42.732750238758783],[-75.295355958035628,42.732770998190745],[-75.295349995441683,42.732828573695272],[-75.295462960049164,42.733155631663578],[-75.295522982006275,42.733473552766135],[-75.295512997713388,42.733660623290156],[-75.295462026241708,42.733885622223148],[-75.295083961767801,42.734560568136096],[-75.294912766774061,42.734864716311627],[-75.294909369018029,42.734870751926366],[-75.294767050990714,42.735123599345243],[-75.294185044529968,42.736023571918032],[-75.294061840750743,42.736204248003794],[-75.293827014650006,42.736548612328043],[-75.293667883961845,42.736763283832936],[-75.293643954200974,42.736795562991311],[-75.293336954728886,42.737107576610285],[-75.293108979661099,42.737334789741439],[-75.293050957548317,42.737392613926474],[-75.293040997853083,42.737407713763687],[-75.293034054104552,42.737418244715137],[-75.292888052244024,42.737639601382547],[-75.292844222704019,42.737725821051434],[-75.292827039762642,42.73775962002987],[-75.292815966368224,42.737924628604567],[-75.292860419506908,42.73806273574462],[-75.29289804616883,42.7381796357827],[-75.29305097755892,42.738434551807167],[-75.293276026549378,42.73864461421141],[-75.293959955674225,42.739192554666666],[-75.29427701766059,42.739507564398458],[-75.294415555222258,42.739644687339933],[-75.294423797201631,42.739652846150896],[-75.294586885539331,42.739814271396888],[-75.294648188159726,42.739874945277002],[-75.29466097192244,42.739887597806927],[-75.294838968385449,42.740092555337704],[-75.295001967060387,42.740302593984907],[-75.295055430600385,42.740399386616822],[-75.295175967626761,42.740617606598086],[-75.295403478541914,42.741057315383244],[-75.295560026950412,42.741359872693629],[-75.295564011483094,42.741367573939478],[-75.29568698571444,42.741509633587007],[-75.296054045790456,42.741929602619827],[-75.296160987507335,42.742091607011396],[-75.296176355697355,42.742176134690148],[-75.296196995497951,42.742289634231199],[-75.296203122259243,42.742406259171752],[-75.296208926512037,42.742516749034351],[-75.296219955751951,42.742726649442361],[-75.296228963509435,42.74289806939926],[-75.296233628103451,42.742986844656407],[-75.296237973013177,42.743069583894147],[-75.296206954283576,42.743354596569212],[-75.296145955958181,42.743579619564791],[-75.296054048162119,42.74380463624334],[-75.295980640420723,42.743934597854285],[-75.295979141763766,42.743937255581962],[-75.295890736520562,42.744093772678177],[-75.295883049522232,42.744106799866579],[-75.295855791423492,42.744152984745931],[-75.295763943762267,42.744308614119383],[-75.295603114460917,42.744504310125073],[-75.295560950477821,42.744555616142861],[-75.295348945347271,42.744782562894642],[-75.295066953041612,42.745015639249964],[-75.294955748733656,42.745121984197866],[-75.294861030737366,42.745212569714035],[-75.294765295452009,42.745324657331572],[-75.294696994547223,42.745404627414885],[-75.29464833335814,42.745496871618862],[-75.294602044414475,42.745584614355636],[-75.294584645547886,42.745650644653338],[-75.294558774647513,42.745748821232837],[-75.294546973958035,42.745793600750908],[-75.294499004323583,42.745886573749459],[-75.294415202393893,42.746021677339428],[-75.294190032690352,42.746384622224426],[-75.294114629292579,42.746506161885229],[-75.294014899296016,42.74666691064936],[-75.293771315701065,42.747051759606322],[-75.293336955540127,42.747759630847334],[-75.293202939410548,42.747946569109047],[-75.293146125297156,42.747995782658776],[-75.293068957437612,42.748062632742979],[-75.292993787710202,42.748117765433221],[-75.292934037612582,42.748161586742675],[-75.292836690835514,42.748203300902006],[-75.292803448228,42.748222293741946],[-75.292755234975999,42.748246961220161],[-75.292705717164523,42.748267155151787],[-75.292653535823248,42.748281144385942],[-75.292598172323565,42.748291495921009],[-75.29254608699506,42.748300856322594],[-75.29249514409625,42.748311257637425],[-75.292441363319085,42.748323856799345],[-75.292381557742502,42.748335188012696],[-75.292321985388398,42.748346521824111],[-75.292309000975138,42.748347420598506],[-75.292262330459465,42.748350651960095],[-75.292202618598992,42.748357524413649],[-75.292135688443196,42.748364489188212],[-75.292083437399356,42.748370587789651],[-75.29202235350273,42.748376415718631],[-75.291970051327581,42.748384917296789],[-75.291910207704049,42.748398132908967],[-75.291859443259227,42.748411107900381],[-75.291805760696391,42.748418907862387],[-75.291749109170141,42.748424099663708],[-75.291695419481456,42.748432241579643],[-75.291641773745141,42.748438325147866],[-75.291582081844993,42.748444170343888],[-75.291527018942588,42.748451265930584],[-75.291467319917373,42.748457453072433],[-75.291407650591381,42.748462268572837],[-75.291355493197869,42.748463909976067],[-75.291300546551781,42.748465347940986],[-75.291239524146633,42.748468090168849],[-75.291178527788787,42.748469460712741],[-75.291123408527497,42.748468153654358],[-75.291062456134867,42.748467466714565],[-75.291010345012822,42.748466880421859],[-75.290956816755539,42.748467305270118],[-75.290900171028397,42.748472153730148],[-75.290841849905874,42.748479214013322],[-75.290789810501067,42.748486344271726],[-75.290786074115729,42.748486988069779],[-75.290736075574088,42.748496713287388],[-75.290676249383708,42.74850907233477],[-75.29062374153267,42.748527514877942],[-75.290581829094762,42.748551222707675],[-75.290537804866759,42.748586912101743],[-75.290499926912076,42.748629186710346],[-75.29046786893997,42.748671355072432],[-75.290447648588568,42.74871502902392],[-75.290428982299346,42.748762151281184],[-75.290414855506683,42.748803664165258],[-75.290403729729761,42.74884623989044],[-75.290395462130391,42.748885761909364],[-75.290391850811446,42.748925163658122],[-75.290384908816606,42.748967960363309],[-75.290376717652123,42.749015027141013],[-75.29037591808175,42.749053432577604],[-75.290379726119497,42.749094118999857],[-75.290384958488488,42.749133449558791],[-75.290390178940839,42.749173294912246],[-75.290402698877784,42.749220252551815],[-75.290418117349589,42.749262099922724],[-75.290429437494467,42.74929961323987],[-75.290432990966352,42.749341324843144],[-75.290433681485752,42.749386435784601],[-75.290441869834751,42.749429059433979],[-75.290454521712533,42.749469673759926],[-75.290467236534639,42.74950720191849],[-75.290473862440535,42.749546721047857],[-75.290477531584017,42.749594093677494],[-75.290484041075345,42.749639096570839],[-75.290492247279047,42.749680864301226],[-75.290504622501231,42.749734851060254],[-75.290515858377915,42.749776307306554],[-75.290529877670636,42.749818309905301],[-75.290545575953388,42.749857930553652],[-75.290559645193284,42.749897531908211],[-75.290585460828154,42.749942924693499],[-75.290607182834478,42.749983814238426],[-75.290622487607919,42.750031147173161],[-75.290635049399555,42.750076048236593],[-75.290649284259288,42.750118911168123],[-75.290663148145313,42.75016845769121],[-75.290672818120754,42.750206981309667],[-75.290685517812648,42.750245368085061],[-75.290701216296199,42.750284988711911],[-75.290721220328493,42.750330145717818],[-75.290744313463094,42.75037225071371],[-75.290768897465,42.750409741769268],[-75.290778940732196,42.75042454772813],[-75.290847147401621,42.750585452553828],[-75.290863471394516,42.750623960335268],[-75.290881988013382,42.750667640355637],[-75.290916429520735,42.750765746843207],[-75.290922273483929,42.750800591241202],[-75.290924477764108,42.750840060432331],[-75.290923588291093,42.750882923667518],[-75.290925998435597,42.750923596083346],[-75.290929622414225,42.750962051438101],[-75.29093043443639,42.751001332071091],[-75.290932478391454,42.751048517090524],[-75.290933309459703,42.751086940022347],[-75.290936961173827,42.751135171245053],[-75.290939188086583,42.751173610830442],[-75.290938318768795,42.751215445332335],[-75.290934572198367,42.751261364094574],[-75.290926130007762,42.751309286876484],[-75.290913323941652,42.751354417415364],[-75.290902218253464,42.751396136382127],[-75.290876321812036,42.751432888401553],[-75.290851865240754,42.751467596049174],[-75.29081099232495,42.751497147345518],[-75.290777790149491,42.751527127298367],[-75.290735575990297,42.751554089681257],[-75.290697840834568,42.751572954662798],[-75.290687605612419,42.751578073037514],[-75.290639480361264,42.751598280877282],[-75.290585831795084,42.751604363909912],[-75.290531035217398,42.751587282841683],[-75.290474796458426,42.751572415324567],[-75.290422983402678,42.751557424906295],[-75.290374248731212,42.75153972533424],[-75.290322799308498,42.751507246682905],[-75.290272672052481,42.751478213700203],[-75.290228505709223,42.751453534886124],[-75.29017698747063,42.751424314210531],[-75.290140347822941,42.751395775569918],[-75.290118881413449,42.751353688830754],[-75.290101834744561,42.751311823945485],[-75.290078177635849,42.751273818388725],[-75.290075713161343,42.751269856567127],[-75.290043776153368,42.751227822602374],[-75.29001032442234,42.751191432142662],[-75.289975156951471,42.751159308271014],[-75.289929709190957,42.751129127089072],[-75.289883981857884,42.751101172591312],[-75.289841203441654,42.751076852290602],[-75.289785340987478,42.751043980561136],[-75.28974253889902,42.75102086085775],[-75.289693999861456,42.750993902579076],[-75.289642249195083,42.750975827436989],[-75.289594869503205,42.750960199857587],[-75.289538611383009,42.750946359720068],[-75.289474794576122,42.750937922827909],[-75.289441382745238,42.750936980858199],[-75.289413859983625,42.750936206248419],[-75.289357352230255,42.750934367717129],[-75.289300811144983,42.75093407266916],[-75.289248582633391,42.750938971122586],[-75.289189012040538,42.750950131369244],[-75.289137968895645,42.750965159910265],[-75.289087142314855,42.750981050592124],[-75.289037735328222,42.750995756395163],[-75.28898537247251,42.75101831744734],[-75.288931246114188,42.751047374377904],[-75.28887788688715,42.751072671607915],[-75.288848969073811,42.751229594407874],[-75.288809939517847,42.751403589100583],[-75.288763150698017,42.751483921155092],[-75.288715017767672,42.751566556975305],[-75.288559175398078,42.751702726690624],[-75.288549016927064,42.751711600584265],[-75.288362206839679,42.75181245868707],[-75.28824904172123,42.751873556426453],[-75.288185976901744,42.751949630634222],[-75.28809834282093,42.752204914854531],[-75.288089503390736,42.752211914952142],[-75.288047498229346,42.752239907659714],[-75.288002300209229,42.752264779159859],[-75.287955663434303,42.752291691382467],[-75.287903163492672,42.752309619618863],[-75.287851066986676,42.752319320729448],[-75.287797428280001,42.752324887635005],[-75.287740793091729,42.752329049568395],[-75.287682562112636,42.752331650430492],[-75.287615650057305,42.752326435396995],[-75.287582963778348,42.75232159141234],[-75.287559275640135,42.75231808074944],[-75.287513728197766,42.752292700192008],[-75.287467886830939,42.752270230321479],[-75.287429865245784,42.75224116025062],[-75.287403790338217,42.752196962940374],[-75.287398981646191,42.75218363288748],[-75.287371934531166,42.752141600413019],[-75.287309012469478,42.751984612652677],[-75.287280981594478,42.751876253875444],[-75.287269944732614,42.751833599580905],[-75.287269803610187,42.7518319307651],[-75.287269661266535,42.751830261935517],[-75.287256713457722,42.751679603002373],[-75.287248005327484,42.751578252419066],[-75.287246054396917,42.751555576149599],[-75.28721644031333,42.75145485675241],[-75.287159022190266,42.751259596865538],[-75.287112591479499,42.75118433092301],[-75.287047978568722,42.75107959188442],[-75.286983466079533,42.751017104256221],[-75.286945190912434,42.750980029039688],[-75.286922042874906,42.750957607008544],[-75.286857209664333,42.750928506864128],[-75.286848560449954,42.750924626187725],[-75.286698236434191,42.750857153597664],[-75.286695079043099,42.750855737798794],[-75.286687620681349,42.750852390925395],[-75.286677026799424,42.750847633901145],[-75.286480057598837,42.750795626244418],[-75.286187040186164,42.750743585339485],[-75.285839970002414,42.750708610775597],[-75.285550774197219,42.750708621207757],[-75.285546954560743,42.750708621129263],[-75.285335921557106,42.750738595044297],[-75.285064993700217,42.750783581362093],[-75.284959843175855,42.750813355135385],[-75.284859973770395,42.750841634906351],[-75.284769139713902,42.750881207762838],[-75.284694425817108,42.750913757954805],[-75.284664973668512,42.750926588844507],[-75.284196046765601,42.751125603037437],[-75.283951023218904,42.751201587305765],[-75.283691057776622,42.751294628187509],[-75.283501025183341,42.751398568261159],[-75.28302703943217,42.751775629900919],[-75.282936531456841,42.751838043724753],[-75.282900957076777,42.751862575984603],[-75.282666120686216,42.752025157869774],[-75.282614940281888,42.752060590954805],[-75.282559400316003,42.752134680602779],[-75.282527964153843,42.752176617006555],[-75.282481042108358,42.752309563148827],[-75.28247294962101,42.752466648833227],[-75.282468444422435,42.752548824271983],[-75.282461067738808,42.752683248597037],[-75.282458176460608,42.752735918564923],[-75.282445519159182,42.752773102630599],[-75.282428292869199,42.752817838994254],[-75.282419951510803,42.752860616578594],[-75.282407447514643,42.752902148670444],[-75.282393171980203,42.752939372859302],[-75.282375898987283,42.75298633764185],[-75.282358788616548,42.75302558573415],[-75.282337300252649,42.753062728867945],[-75.282314217497188,42.753109284646314],[-75.282286606082764,42.753149959104121],[-75.2822561369629,42.753182539564513],[-75.282222675094943,42.753224691418957],[-75.282196813510765,42.753259553174701],[-75.282170697093974,42.753295441886841],[-75.282154417548725,42.75331575503904],[-75.281951939419301,42.753486536853892],[-75.281793025541276,42.753620563941972],[-75.281637666800989,42.753730669915633],[-75.281555985845429,42.753788560303136],[-75.281457800584249,42.753849465994229],[-75.281457695344073,42.753849533214868],[-75.281424047961224,42.753870394187466],[-75.281405979877988,42.753881593717885],[-75.281355409979341,42.753901586196285],[-75.28120546643774,42.753960865200384],[-75.281201048108429,42.753962611807715],[-75.281192964196862,42.753964750640378],[-75.280663309474974,42.754104860033841],[-75.280527673396932,42.754140739308362],[-75.280508876730281,42.754145713449994],[-75.280498004385962,42.75414858840027],[-75.280300046395539,42.754229574386478],[-75.280269971433,42.754251780095657],[-75.280173986810809,42.754322647307475],[-75.280102958899164,42.754426557675941],[-75.280092650591371,42.754459581253307],[-75.28008138105956,42.754495686163786],[-75.280062974213251,42.754554622376475],[-75.280078971734881,42.754687593091219],[-75.28014994311566,42.754844574606167],[-75.28019871906919,42.754961661165062],[-75.280199277434193,42.754962997152177],[-75.280237039192059,42.755053642962316],[-75.280258830801543,42.755174681375372],[-75.280277626783899,42.755279063933919],[-75.28030798150958,42.755447635346357],[-75.280327238602837,42.755541795680671],[-75.280327295137553,42.755542070892695],[-75.280370957665085,42.755755561010972],[-75.280381874440479,42.755843803772407],[-75.280388365276181,42.755896253630389],[-75.280396556573791,42.755962463873281],[-75.280399191324065,42.755983756270986],[-75.280411044141275,42.756079567967568],[-75.280404566549876,42.756148861111015],[-75.280388771759391,42.756317789579128],[-75.280378976498284,42.756422574151685],[-75.280308050961892,42.756764597100897],[-75.27979553755857,42.758309105129364],[-75.279767114693087,42.758394760233124],[-75.279730996485441,42.758503609334554],[-75.279564958100124,42.75903056587714],[-75.279454966420843,42.759164566825675],[-75.279312989413839,42.759280640034198],[-75.279147045216178,42.759367586090654],[-75.278768031063635,42.759494579921309],[-75.278696928075178,42.759514913406882],[-75.278586038224645,42.7595466233563],[-75.278516647266741,42.7595701891386],[-75.27848294782649,42.759581633176779],[-75.278381019502689,42.759639617274914],[-75.278342572460062,42.759672718782269],[-75.278293970512905,42.759714563651016],[-75.2782309768602,42.759836563401862],[-75.278206971803414,42.760016645279272],[-75.278207123954473,42.760019116329275],[-75.278223041394767,42.760277579355865],[-75.278246018179232,42.760578573810825],[-75.278308957747242,42.760958632197976],[-75.278323278434669,42.761015677885176],[-75.278374610486722,42.761220170908743],[-75.278381004199531,42.761245640902111],[-75.278708551401863,42.762418970698057],[-75.278742840899866,42.762541799954974],[-75.278758971892984,42.762599593580347],[-75.27882029033519,42.762738364941654],[-75.278846023570281,42.762796601929537],[-75.278884046378934,42.762856409370201],[-75.278949037454396,42.762958633788834],[-75.279023617504734,42.763067472414335],[-75.279034344638902,42.763083127069841],[-75.279155968607284,42.76326061781122],[-75.279259789639681,42.763376557202285],[-75.279265557972295,42.763383000983097],[-75.279266283798322,42.763383811348866],[-75.279266998914409,42.763384608089325],[-75.279399037489583,42.763498590241255],[-75.279415212519581,42.763510462041232],[-75.279425330437732,42.763517890676759],[-75.279471354134159,42.763551666324879],[-75.279627967395101,42.763666602304454],[-75.279707024760256,42.763770605036413],[-75.279727078728826,42.763834635818853],[-75.279738024564324,42.763869590097755],[-75.279726578443004,42.763943965924071],[-75.27972294403213,42.7639676049386],[-75.279682967984925,42.764019572558666],[-75.279564955164304,42.764112617399263],[-75.279516130818394,42.764161149782488],[-75.279407019776428,42.76426960682457],[-75.27934400760256,42.764351357870375],[-75.279306042709578,42.764400613377234],[-75.279042987122622,42.76477363270876],[-75.278916966214936,42.764935586000099],[-75.278859125614403,42.764974140828492],[-75.278857586596331,42.764975168455436],[-75.27873821256523,42.765054741271058],[-75.278655948711389,42.765109574646743],[-75.278532706519215,42.765175733948652],[-75.278392317312282,42.765251097841002],[-75.2781399421456,42.76538657589365],[-75.277517988455116,42.765668606073042],[-75.277344010476497,42.76573863978976],[-75.277298077760378,42.765748547686258],[-75.277154012620727,42.765779623030006],[-75.27707476159793,42.76578202099369],[-75.276989034562419,42.765784615987755],[-75.276885165109746,42.765771511074888],[-75.276806939177959,42.765761643299513],[-75.276747835976664,42.765742167735631],[-75.276679669974115,42.765719706207292],[-75.276649042763509,42.765709612686635],[-75.276562905637007,42.765653140811906],[-75.276431089787408,42.765566722819557],[-75.276428493366126,42.765564984560939],[-75.276356871040434,42.765518066626342],[-75.276285957062456,42.765471574436141],[-75.276103673445448,42.765347915670283],[-75.276097521490996,42.765343744018544],[-75.276091580384573,42.765339713408018],[-75.275573112916618,42.764987991176561],[-75.275520989048729,42.764952631923016],[-75.275394544714501,42.764839090928135],[-75.275275937056875,42.764732588141982],[-75.275224685926005,42.764668894278643],[-75.275194730645609,42.764631666299614],[-75.275172950350751,42.764604596208642],[-75.27509402973412,42.764529589941574],[-75.275090020461505,42.764528400850928],[-75.274976053124661,42.764494570915808],[-75.274926526351052,42.764506691857861],[-75.274832962409832,42.764529587559473],[-75.274738933404379,42.764575559605596],[-75.274596984486834,42.764674599408117],[-75.27447001935866,42.764790624684224],[-75.2742412556575,42.765065527799841],[-75.274004013544811,42.765350620349039],[-75.27384595505805,42.765622602384262],[-75.273782972830503,42.765697588196538],[-75.273735991210117,42.765825576687106],[-75.273773752527305,42.765915568192341],[-75.273774387692342,42.765917084231098],[-75.273774915844569,42.76591834428271],[-75.273775022876364,42.765918599369819],[-75.273781912590323,42.765927531863063],[-75.273845951477099,42.766010557263058],[-75.273865680485898,42.766019346709506],[-75.27396499256173,42.766063591390306],[-75.274139025025207,42.766144578634155],[-75.27461872986126,42.766312720115785],[-75.274774315483441,42.766367254043509],[-75.275346027131647,42.766567639334589],[-75.275449795464652,42.766643667406562],[-75.275472945166911,42.766660625565017],[-75.275590953436662,42.766810557054747],[-75.275643158480733,42.766940690914225],[-75.275645107655663,42.766945551875267],[-75.275653970358604,42.766967640146248],[-75.275659566928994,42.766993629593777],[-75.275670983988221,42.767046639099966],[-75.275694034207845,42.767153597708074],[-75.275653936487117,42.767344610089701],[-75.275575024245072,42.767466644256331],[-75.275361986423931,42.767686618316311],[-75.275285741570286,42.767729751168979],[-75.275157039221284,42.76780256188151],[-75.274898994867712,42.767908642256081],[-75.27482095746339,42.767923254146311],[-75.274691013199757,42.76794758572202],[-75.274473683022293,42.76796389656532],[-75.274224988553811,42.767982562590788],[-75.27406693273646,42.768034634716614],[-75.273933041237129,42.768161577245174],[-75.273903354999135,42.768243544270447],[-75.273870007731659,42.768335616734646],[-75.273882773403713,42.768445011098351],[-75.273885486341243,42.768468248074313],[-75.273892997449153,42.768532608098688],[-75.273953856727658,42.768639328727744],[-75.273995208817922,42.768711849143543],[-75.274012502494443,42.768742149452059],[-75.274035040225542,42.768781622679171],[-75.27413802167527,42.768938611680817],[-75.274217039579,42.769117628741149],[-75.274237209999328,42.769214051776018],[-75.274256994305858,42.769308621333622],[-75.274271971105989,42.769627566910856],[-75.274263969495181,42.769711549953492],[-75.27425899454451,42.769763795129094],[-75.274252586510784,42.769831056742582],[-75.274252212917105,42.769834987345767],[-75.27425153353623,42.769842123747722],[-75.274241012436406,42.769952556237321],[-75.274178000536992,42.770270600239158],[-75.27417042831722,42.770307502919948],[-75.274126806820448,42.77052010401804],[-75.274121985061143,42.770543605017338],[-75.274092800514524,42.770636861186247],[-75.274034976269348,42.770821626093031],[-75.273893990777708,42.771143644871884],[-75.273677888933733,42.771589829044821],[-75.273675828339648,42.771594083334293],[-75.273662994673671,42.771620578634511],[-75.273488937800678,42.771956625756424],[-75.273332135557439,42.772233635356116],[-75.273291955618006,42.772304616419959],[-75.273157963207282,42.772495582399927],[-75.273000049700713,42.772663641080136],[-75.272924221052619,42.772738935718081],[-75.272841952093927,42.772820629194328],[-75.272612938050429,42.773028560908557],[-75.272280999778118,42.773266645961804],[-75.272083320773078,42.773376971381893],[-75.271877989508823,42.773491567688801],[-75.269588931766449,42.774672647448725],[-75.268231044266827,42.775315574723606],[-75.268056969300034,42.775402611719016],[-75.267867973906419,42.775483561675941],[-75.267732982749791,42.775530626322663],[-75.267705400549389,42.775538565341414],[-75.267674663489473,42.775547412436069],[-75.267615034710403,42.775564579569874],[-75.267535880566655,42.775561622894514],[-75.267531631380692,42.775561465138161],[-75.267481039441947,42.775559575726525],[-75.267479106344808,42.775558532659836],[-75.26747707896574,42.775557440797897],[-75.267475056473529,42.775556348992019],[-75.267473124598268,42.775555305939285],[-75.267432825899846,42.775533546269799],[-75.267394031426264,42.775512597869408],[-75.26737027071664,42.77548255085366],[-75.26730702083276,42.775402565675378],[-75.267244007472726,42.775275647410744],[-75.267228798598481,42.775194584959706],[-75.267219992424572,42.775147646093842],[-75.267220010125769,42.775010240923166],[-75.267219988462514,42.774863616123803],[-75.267195505895117,42.774791277346161],[-75.267172933489192,42.774724585106078],[-75.267106249577751,42.774650949211342],[-75.267097369478265,42.774641142739384],[-75.267054480622988,42.77459378235443],[-75.267047045308345,42.774585572376829],[-75.267039578843494,42.774582871399275],[-75.267012480412745,42.774573064336685],[-75.267011175576727,42.774572592023475],[-75.266919960608647,42.774539583695393],[-75.266802690416867,42.774536533980331],[-75.26669097839283,42.774533627277229],[-75.266526015937885,42.774550589033595],[-75.26611496601079,42.774672568251844],[-75.265989356177343,42.774720969373831],[-75.265845020353979,42.774776587125501],[-75.265712319906285,42.774863730226109],[-75.265545015845518,42.774973599828293],[-75.265277028902361,42.775222584617303],[-75.264835026478636,42.775715574103927],[-75.264692985569326,42.775918625422761],[-75.264598012066941,42.776120557740235],[-75.264576178879963,42.776198910039021],[-75.264535033561046,42.776346564021857],[-75.264492576544626,42.776548064938552],[-75.264480039283725,42.776607571918134],[-75.264472243081045,42.776821510706583],[-75.264455953695546,42.77726862786708],[-75.264401000609112,42.777511631727933],[-75.264324693021862,42.777628285636695],[-75.26431403942523,42.777644573948358],[-75.264242989671473,42.777725607190717],[-75.264107934794282,42.777789587357468],[-75.264058058612378,42.77780185075629],[-75.263989965826696,42.777818589886003],[-75.263917638435984,42.777821354653959],[-75.263855445083195,42.77782373023382],[-75.263832053472754,42.777824623759585],[-75.263689975328134,42.777789558454238],[-75.263547999354657,42.777691638889756],[-75.26342902257241,42.777540613743298],[-75.263351000119982,42.77733160292118],[-75.263345315854906,42.77731155607627],[-75.263338425508351,42.777287249882548],[-75.263286955686809,42.777105621072579],[-75.263282684797943,42.776999430316266],[-75.263280850258965,42.776953828249553],[-75.263279030827732,42.776908608050626],[-75.263279453793501,42.776906242643562],[-75.263311035471958,42.776729590768987],[-75.263316393216314,42.776691603770196],[-75.263373935964353,42.776283589025617],[-75.263413603389722,42.776166806833167],[-75.263444926969115,42.776074584614662],[-75.263452942878828,42.776011319414032],[-75.263461016548561,42.775947577760498],[-75.263456797050921,42.775895336068395],[-75.263455297406594,42.775876822826739],[-75.26345301340298,42.775848636663568],[-75.263421965761978,42.775761611723411],[-75.26335260135123,42.77571687228712],[-75.263287012585266,42.775674568225753],[-75.26309797944171,42.77563456956667],[-75.262972588729752,42.775615462261264],[-75.262903300132663,42.775604903045384],[-75.262828988337205,42.775593578282859],[-75.262457938448861,42.775582642271303],[-75.26230708259537,42.775601778964052],[-75.262048035434105,42.775634640430781],[-75.261203008461507,42.775819647340789],[-75.261123990677348,42.775866563685554],[-75.261083942478677,42.775935637041101],[-75.261107949883652,42.776034643378033],[-75.261128087668297,42.776096129699162],[-75.261162936552807,42.776202556609171],[-75.261138994481428,42.776323648016444],[-75.261112281273597,42.77637310289338],[-75.261092048115614,42.776410565124209],[-75.261029100436829,42.776480149103293],[-75.260997025855488,42.776515604806761],[-75.260895035958583,42.776567618306707],[-75.26076903116693,42.776602568799959],[-75.260657927488097,42.776636598417781],[-75.260614768892353,42.776638359414747],[-75.260215968437279,42.776654636024205],[-75.260065944950554,42.77667756930397],[-75.259925281367572,42.776714358751356],[-75.25937517578231,42.776858232763182],[-75.258826998247301,42.777001599795973],[-75.258709027426562,42.777059593893128],[-75.258558958557686,42.777158638385302],[-75.258549540049941,42.77717573714466],[-75.258511038080954,42.777245649369604],[-75.258487941870925,42.777337637719398],[-75.258494942441217,42.777430563947355],[-75.258510873641598,42.777455283810788],[-75.258551042396562,42.777517610880572],[-75.258620129423917,42.77760045456894],[-75.258656793922611,42.777644423355234],[-75.258676968410086,42.777668614343817],[-75.259111025880912,42.778039645273488],[-75.259181943519408,42.778131611026268],[-75.25920599967354,42.778270600710961],[-75.259202978365522,42.778314718021413],[-75.259198057594162,42.778386608595234],[-75.259172308780308,42.778462545154539],[-75.259150947069614,42.778525579160487],[-75.259088514234293,42.778612544062398],[-75.259071945078489,42.778635622249659],[-75.258948976945263,42.778785572179736],[-75.258828200277165,42.778900394588618],[-75.258826965434707,42.778901567696053],[-75.25855098922878,42.779063568234797],[-75.258448002559831,42.779168623416119],[-75.258384962480392,42.779295563312999],[-75.258352928221484,42.779432138747659],[-75.258350004642381,42.779444592782546],[-75.258350300892047,42.779468121686627],[-75.258352930550359,42.779677643446448],[-75.258365777473642,42.779717046244208],[-75.258439982500477,42.779944640854218],[-75.258534963701422,42.780088602212537],[-75.258635451566818,42.780197392551663],[-75.258635709618602,42.780197670104521],[-75.258668943260446,42.780233649327222],[-75.258763761703975,42.780324068870023],[-75.258881853721405,42.780436678825573],[-75.258930008843251,42.780482597967428],[-75.258999152519763,42.780585432353703],[-75.259001347448915,42.780588697635615],[-75.259007998605185,42.780598590572332],[-75.259008478673309,42.780599689893229],[-75.259008958722276,42.780600790114129],[-75.259040813574813,42.780673782964918],[-75.259056014424516,42.780708619978299],[-75.259040046501696,42.780778629117066],[-75.259031281499759,42.780796811227233],[-75.259001018936274,42.780859584693218],[-75.258941317568656,42.780895226171737],[-75.2589139463348,42.780911563658051],[-75.258771959871282,42.780928635007662],[-75.25861398598272,42.780893600978885],[-75.258613756010419,42.780893496593272],[-75.258448020282714,42.78081859897793],[-75.258322391647098,42.780716879560622],[-75.258226974835623,42.780639620263514],[-75.258076848403817,42.780497820997233],[-75.258029986895878,42.780453562074662],[-75.257895932812787,42.780349578732412],[-75.257737964178361,42.78028563656332],[-75.257597720860232,42.780265855394319],[-75.25745392964518,42.780245572056991],[-75.257372394389151,42.780248338584428],[-75.257274609524799,42.780251657745609],[-75.257130009433098,42.780256565416686],[-75.256578967587885,42.780357175578118],[-75.25639594702011,42.780390592726064],[-75.256096926747801,42.780482951008636],[-75.25595893590463,42.780525572941741],[-75.255946021194774,42.780529562438936],[-75.255812017908681,42.780615591355598],[-75.255792671217378,42.780637601600148],[-75.255725013986904,42.780714576415853],[-75.255699325270697,42.780796260760397],[-75.25565393821708,42.780940591704976],[-75.255634966445655,42.781055879036749],[-75.255614934160505,42.78117761224874],[-75.255678027725509,42.78132858168],[-75.255811929745263,42.781455618687282],[-75.255847536440655,42.781478123823717],[-75.255985986575254,42.781565635155125],[-75.256001841990312,42.781572395070732],[-75.256057603595877,42.781596169938176],[-75.256068550538103,42.781600836646639],[-75.256136012420683,42.781629600192524],[-75.256138559079147,42.781630182446932],[-75.256141107017129,42.781630762015453],[-75.256283640946805,42.781663291635667],[-75.25648385247429,42.781708985436367],[-75.256650512216993,42.781747020853672],[-75.256846004282352,42.781791636687238],[-75.256902586768177,42.781808641991816],[-75.257058991456304,42.781855646641354],[-75.2572239565297,42.781924615680595],[-75.257293239832094,42.781986379222033],[-75.257334990931241,42.782023600743628],[-75.257392751767412,42.782101938878682],[-75.257447643254537,42.782176380910805],[-75.257526473591184,42.782283302799911],[-75.257533221362664,42.782292445254022],[-75.257539958139731,42.78230158758037],[-75.257618873412341,42.782469317585502],[-75.257618947141552,42.782469470576437],[-75.257619018407908,42.782469624439067],[-75.257627268103562,42.782541369409763],[-75.257635003478342,42.782608638829238],[-75.25762387931087,42.782667358346842],[-75.257610955167976,42.782735573252985],[-75.257592476643609,42.782754066781997],[-75.257579501540761,42.782767054366197],[-75.257501011805601,42.782845601693332],[-75.257377102324739,42.782921520978171],[-75.257358943542158,42.782932643565339],[-75.257334689788436,42.782941541337344],[-75.257059005306289,42.783042644292784],[-75.256766925320591,42.783100574702438],[-75.25647493339001,42.783117620975048],[-75.256341841260962,42.783112472297645],[-75.256329080437652,42.783111979620905],[-75.256191002484556,42.783106637050935],[-75.256029427928993,42.783104431073461],[-75.255307030058304,42.7830945629239],[-75.254929024616089,42.783129625643618],[-75.254807754232289,42.78314499872647],[-75.254565991431576,42.783175647308504],[-75.254352939403987,42.783245635172875],[-75.254092002824095,42.783355630676745],[-75.253734781207669,42.783549045418638],[-75.253681999759053,42.783577623035299],[-75.25354794848306,42.78362358527874],[-75.25336862850213,42.783666355102532],[-75.253350941650567,42.783670575142324],[-75.253223745362007,42.783686723015961],[-75.253210007753623,42.78368846559394],[-75.253199686748218,42.783689776145501],[-75.253094452226748,42.783703136258019],[-75.252940970468345,42.783722619823038],[-75.252569926966331,42.78378656987811],[-75.252443195161987,42.783834184077293],[-75.252418583310146,42.783843432228707],[-75.25232493255902,42.783878609883033],[-75.252260149417594,42.783889810808965],[-75.252088036122188,42.78391957409896],[-75.252051649237131,42.7839298249446],[-75.252043054540763,42.783932243829675],[-75.251946009802907,42.783959595706342],[-75.251908922485583,42.783995226370784],[-75.251867946760655,42.784034595431457],[-75.251811930588389,42.784150623359764],[-75.251805948441742,42.784160244662253],[-75.251799966331745,42.784169864164383],[-75.25171803738526,42.784301583105524],[-75.251630594510146,42.78439044769231],[-75.251598948866842,42.784422609079641],[-75.251508760449923,42.784497859117089],[-75.251418009420803,42.784573574252775],[-75.251333967580621,42.784629011589686],[-75.251144580325018,42.784753938206741],[-75.251135975521464,42.784759613901528],[-75.251030929524759,42.784874573133465],[-75.250991984571343,42.78494958270641],[-75.251008009893397,42.785042572858664],[-75.251039025471528,42.785123643878407],[-75.251067953412516,42.785148081166064],[-75.251115474863269,42.785188224872407],[-75.251141953995159,42.785210592850085],[-75.251283941480565,42.785250624763698],[-75.25131373656842,42.785246997817787],[-75.251362674558308,42.785241038732231],[-75.251472986866631,42.785227606954493],[-75.251677952021012,42.785210584905585],[-75.251851998775564,42.785227585051324],[-75.25197398351186,42.785259225706731],[-75.251974512192476,42.785259364186402],[-75.252010003786253,42.785268570216083],[-75.252097710326453,42.785291705686909],[-75.252120035563323,42.785297596128366],[-75.252147421621828,42.785315759588293],[-75.252215043335994,42.785360607019214],[-75.252271341465971,42.785459019992373],[-75.252277964398431,42.785470602695831],[-75.252277965509194,42.785498841708232],[-75.252277966628668,42.785509569642294],[-75.252277961224792,42.785708826958732],[-75.252277958891852,42.78577156325693],[-75.252300932141864,42.785887592297641],[-75.252387967891707,42.786003572026843],[-75.252389468658237,42.786004945203068],[-75.252390228469565,42.78600564810472],[-75.252392532380028,42.786007755293753],[-75.252527988635194,42.786131590430401],[-75.25289604797868,42.786592578989456],[-75.252926827989711,42.786658034234172],[-75.252944018720186,42.786694595657309],[-75.253011005090073,42.786871584791044],[-75.253064987109042,42.78730660310773],[-75.253065005612015,42.787430607684314],[-75.253043037575409,42.787466380143357],[-75.253010954882299,42.787518621626148],[-75.252979497833451,42.787539765979169],[-75.25294401427422,42.787563614609475],[-75.252830010713325,42.787581608622034],[-75.25281984480003,42.787581296943188],[-75.252666032420009,42.787576565758705],[-75.25250296075987,42.787554593765499],[-75.252086951968053,42.787479593646765],[-75.25203540366239,42.787477587249519],[-75.251960018716119,42.787474650101551],[-75.25186301455625,42.787492605859995],[-75.251827825140424,42.787518279608676],[-75.251826209762768,42.787519458115412],[-75.251814981574455,42.787527650071738],[-75.251765932727182,42.787612587923753],[-75.251765959409028,42.787709577894361],[-75.251813602594822,42.787974781209435],[-75.251897563101707,42.788442146907045],[-75.251910936089715,42.788516593927419],[-75.251984977146037,42.788744628864329],[-75.252055986357547,42.788977622911567],[-75.252140039862056,42.789172586660563],[-75.252245961715943,42.789362514885653],[-75.252327991463261,42.789509604700278],[-75.252407475449829,42.789675467742271],[-75.252445245103914,42.789754280767426],[-75.252465984804815,42.789797564024447],[-75.252508934355305,42.789925616216053],[-75.252522021844783,42.789991301597006],[-75.252539015374339,42.790076570734556],[-75.252538967450974,42.790245604346985],[-75.252514985149702,42.790391632829767],[-75.252453252532618,42.790526763764937],[-75.25243002755748,42.790577601946666],[-75.252333943441073,42.790794574830564],[-75.252114930505428,42.791209576382983],[-75.252030627280647,42.791332919140366],[-75.252024007466645,42.791342605044576],[-75.251918247553135,42.791423300610148],[-75.251885046911752,42.791448637393934],[-75.251709978824891,42.791546640087304],[-75.251348025044109,42.79169260174433],[-75.251148006409139,42.79175860129498],[-75.250985038279794,42.791794618643742],[-75.250779970450623,42.791820643084854],[-75.250531417068387,42.79180266239181],[-75.250436538372412,42.791795799213503],[-75.250397919601184,42.791793004561633],[-75.250397038454096,42.791792941190693],[-75.250351023983356,42.791789611214952],[-75.250206026555276,42.791794612574641],[-75.250078929533146,42.791811641167385],[-75.250038427078778,42.791826843241907],[-75.250007018527796,42.791838632246133],[-75.249982076598201,42.791862633299409],[-75.24995196247086,42.791891614439642],[-75.249916039142491,42.79195860267744],[-75.249915998295123,42.79206963970227],[-75.249963937260333,42.792162562243782],[-75.250096948418275,42.792308610680742],[-75.250350991052898,42.792569571280843],[-75.25056562256394,42.792822749281051],[-75.2506409403791,42.792911591755271],[-75.251414019367672,42.793708586762371],[-75.251486924965121,42.793805595300903],[-75.251516967870927,42.793916566334502],[-75.251516979287274,42.794040570686853],[-75.251459003099413,42.79420573637077],[-75.251443964800643,42.794248578383382],[-75.251431928755409,42.79435558599107],[-75.251422569474499,42.794470579965484],[-75.251420045151335,42.794501590136974],[-75.251443986953589,42.794616629408864],[-75.251498941297598,42.794718626967288],[-75.251576975588634,42.794784648355723],[-75.251635150239565,42.794811623082602],[-75.251674003133232,42.794829640037172],[-75.251789002606344,42.79484262722476],[-75.251800159176199,42.794841828845733],[-75.251824218047361,42.794840109251325],[-75.251915033870091,42.794833614309034],[-75.252004892983663,42.794839415057936],[-75.252053981404089,42.794842583865886],[-75.252097319006367,42.794851377870337],[-75.252140656640577,42.794860170958579],[-75.252187010179341,42.794869577034127],[-75.252337459342982,42.794932714683881],[-75.252476621546407,42.794991112722187],[-75.25282102092045,42.795135637687338],[-75.252954030406514,42.795188566836401],[-75.25304499934299,42.795245640807956],[-75.253141002844828,42.795338635202228],[-75.253225985355286,42.795458579155586],[-75.253255965149677,42.795582605745452],[-75.253251080608081,42.795635332411713],[-75.253245965880438,42.795690530203515],[-75.253244017368147,42.795711589783579],[-75.253182940533037,42.795817631743994],[-75.253166391582326,42.795834934330536],[-75.253150773021972,42.795851259283843],[-75.253083102896866,42.795922009844745],[-75.25298398131811,42.796025642693202],[-75.252910782156007,42.79608229000047],[-75.25286902838279,42.796114603375834],[-75.252818641523902,42.79614819464804],[-75.252755361115547,42.79619038438161],[-75.252644800083488,42.796264093062945],[-75.252478958024781,42.796374656776287],[-75.252455854604406,42.796390059228443],[-75.25245499645348,42.796390630794441],[-75.252211031440552,42.796508597714165],[-75.252011928026107,42.79659359673736],[-75.251924353030631,42.796618489387313],[-75.25184300626178,42.796641608051878],[-75.25170393683392,42.796663616027054],[-75.251655182899256,42.79666672907959],[-75.251436440766511,42.796680694714681],[-75.25108952239043,42.796702845015801],[-75.250937044557091,42.796712578202154],[-75.250780032479327,42.796743628693882],[-75.250671960849104,42.796779620079832],[-75.2505750294075,42.796850613691667],[-75.250573853890373,42.796851789196538],[-75.250572678353862,42.796852965601374],[-75.250563675338043,42.796861962909226],[-75.25050901876412,42.796916588365931],[-75.250481129954821,42.796942307024359],[-75.250480806977222,42.796942603937403],[-75.250441264019017,42.796979069655464],[-75.250394007649575,42.797022650907401],[-75.250328016145104,42.797093581398386],[-75.250278973531479,42.797213638742264],[-75.250274977225118,42.797281862956261],[-75.250269018416304,42.797383591143166],[-75.250283599593217,42.797418943234888],[-75.250321011904276,42.797509643684158],[-75.250354663805012,42.797565340371214],[-75.250398935460822,42.797638609609187],[-75.250436763474667,42.797677043695352],[-75.250459963960409,42.797700615927013],[-75.250515629487239,42.797744071103892],[-75.250556017689235,42.797775600573218],[-75.250618486326417,42.797805265231567],[-75.250621461950544,42.797806678101495],[-75.250694953407589,42.797841577059131],[-75.250858021093009,42.797886605281128],[-75.251087945043665,42.79795265172271],[-75.251159352935247,42.797960304444494],[-75.251207395227553,42.79796545362931],[-75.251292985010636,42.797974624298242],[-75.251356348393216,42.797973432286881],[-75.251504038580592,42.797970651056708],[-75.251634008989114,42.797970635156901],[-75.251764018470737,42.797970621364364],[-75.251872987937347,42.798005588284809],[-75.251998967996172,42.79807258100994],[-75.252084050352551,42.798182630823909],[-75.252098287647868,42.798224841946109],[-75.252131945003669,42.798324621848096],[-75.252137959589874,42.798479587790339],[-75.252131998536456,42.798546603628104],[-75.252083965029698,42.798612631568247],[-75.252065161407302,42.798631446242496],[-75.252030359917697,42.798666268918346],[-75.251987016930343,42.79870965416022],[-75.251927013333415,42.798811636181448],[-75.251884961996765,42.798935642817113],[-75.25185992917757,42.799064565388505],[-75.25186533079777,42.799135840841799],[-75.251867890575042,42.799169590071308],[-75.251872977184973,42.799236629935514],[-75.251890420723413,42.799386313962948],[-75.251901991184468,42.799485567900682],[-75.251895939123173,42.799742593431638],[-75.251830034421701,42.799928611405804],[-75.251738962504675,42.800083610405657],[-75.251581947500938,42.800207598608516],[-75.251419042994115,42.80029558138876],[-75.251320167957076,42.800326118793016],[-75.251244018884478,42.800349638659441],[-75.251074999848242,42.80037558332193],[-75.250790943486933,42.800353602663094],[-75.250772925202142,42.800348656010058],[-75.25059799894467,42.800300623343851],[-75.250522799588396,42.800258934814124],[-75.25041024469526,42.800196541151962],[-75.250409173151695,42.800195945336121],[-75.250407595431724,42.800195068160875],[-75.25040495808085,42.80019360971189],[-75.250242038296321,42.800127593096427],[-75.25010894070796,42.800114651067823],[-75.249915970076927,42.800145597591225],[-75.249789025178387,42.800202607143447],[-75.249744172769951,42.80024653567483],[-75.249734929493513,42.800255591327549],[-75.249726115435919,42.800278641361452],[-75.249717499460189,42.800301176976902],[-75.249716433452917,42.800303966037511],[-75.249698987874936,42.800349591112131],[-75.249716987503646,42.800446632682508],[-75.249807044496961,42.80054865543341],[-75.249934030002393,42.800592587741576],[-75.250120879745893,42.800657058703166],[-75.25021802344466,42.800690580570468],[-75.250443717213841,42.800777194023702],[-75.250470957185954,42.800787646686445],[-75.250671010602559,42.800907605033082],[-75.250966024504123,42.801129574413338],[-75.251057000394383,42.80121762919029],[-75.251128950918741,42.80135057332582],[-75.25114402866339,42.801396631951171],[-75.251182692142876,42.80151481766201],[-75.251183307149219,42.801516693669264],[-75.251183920875476,42.801518572362262],[-75.251191380669042,42.801655761384183],[-75.251191872455564,42.801664804389617],[-75.251191874281986,42.801664833217828],[-75.251191874886231,42.801664862031835],[-75.251191877316884,42.801664919674032],[-75.251194121506842,42.801706525931195],[-75.2511959621187,42.801740618778311],[-75.25118797566347,42.80177012320592],[-75.251168651138187,42.801841527766065],[-75.251153095600472,42.801897604962591],[-75.251152231487126,42.80189941874886],[-75.251152184353757,42.80189950732197],[-75.251086973936836,42.802036603352761],[-75.251017309067294,42.802136810611316],[-75.250991040576238,42.802174594931969],[-75.250874465246568,42.802349010254382],[-75.250813457218413,42.802440290749189],[-75.25070694267859,42.802599649818951],[-75.250644348354555,42.802705517781568],[-75.250610020444341,42.802763578316906],[-75.250598039600149,42.80285663475447],[-75.250600067521418,42.802896851262048],[-75.250600333287267,42.802902125127936],[-75.250604024431794,42.802975571811686],[-75.250633951225339,42.803144628981684],[-75.250604038496348,42.803250598252383],[-75.250555984480044,42.80334363896926],[-75.250518138801382,42.803376363317099],[-75.250488952894457,42.803401601432348],[-75.250374991677361,42.803467587566473],[-75.25034061089633,42.80348321295844],[-75.250277835884916,42.803511739139161],[-75.250198961763601,42.803547582042206],[-75.249987937149086,42.803684562960846],[-75.249776986863324,42.803870625989632],[-75.249626606621192,42.804042176035871],[-75.2496139786642,42.804056583644623],[-75.249511010412775,42.804180631332997],[-75.249487940039742,42.804233982194404],[-75.249463027412062,42.804291592120023],[-75.249456629039372,42.804340785556356],[-75.249450923573349,42.804384643376174],[-75.249402984557676,42.804628611710143],[-75.249341947175381,42.804747617718547],[-75.249251997691417,42.80488559556219],[-75.248865018502599,42.805398573679561],[-75.248805370410409,42.805520033363173],[-75.248731936659553,42.805669564919079],[-75.248716976601614,42.805726965701183],[-75.248706812366152,42.805765958938352],[-75.248701947228611,42.805784632136913],[-75.248713971525504,42.805886637235474],[-75.248718672377223,42.805900341119475],[-75.248737981738898,42.805956645208084],[-75.248792952955071,42.806032619714998],[-75.248944005462221,42.806125591169199],[-75.249051929399229,42.806169572340934],[-75.24916101092289,42.806196619419374],[-75.249269997399935,42.806200617036595],[-75.249318937699357,42.806202271138673],[-75.249327240395701,42.806202552422114],[-75.249427646157031,42.806205951190798],[-75.249534941101572,42.806209584065357],[-75.249603524746959,42.806221995817886],[-75.249650972482584,42.806230582964716],[-75.249717817206957,42.806250128415392],[-75.249746969026063,42.806258650944578],[-75.249807020457766,42.8063205660374],[-75.249820376049982,42.806379413025233],[-75.249824955144334,42.806399594305056],[-75.249806963258578,42.806488607931939],[-75.249774929938596,42.806535956215065],[-75.249758941757406,42.806559584323658],[-75.249704973736058,42.806612563612198],[-75.249698049730284,42.806613891798996],[-75.249589972943582,42.806634607131947],[-75.249464977009225,42.806633621774395],[-75.249446930904469,42.806631426552741],[-75.248708036568928,42.806541608968978],[-75.248580927020015,42.806563591342851],[-75.248478950962536,42.806630630781804],[-75.248431011556491,42.806723580957247],[-75.24843096046277,42.806802648191045],[-75.248477073523745,42.806863249184282],[-75.248481001972593,42.80686841271735],[-75.248482856832709,42.806870849624225],[-75.248484935175838,42.806873582607203],[-75.248559719588499,42.806934302686678],[-75.248714024482069,42.807059587817825],[-75.248746445544612,42.807098316769661],[-75.248781003866512,42.807139600233356],[-75.248805028535415,42.807214646859286],[-75.248804933514933,42.807312610922395],[-75.248737987685956,42.807423623072296],[-75.248677938394167,42.807485622265254],[-75.248630908580864,42.807510723890225],[-75.248587988606005,42.807533634569616],[-75.248560741192264,42.807541486381687],[-75.248417943170907,42.807582634020058],[-75.248328973494353,42.807605752156498],[-75.248194963856562,42.807640568142524],[-75.247965957581883,42.807750569373489],[-75.247929554796528,42.807771955231871],[-75.247845032481848,42.807821614633546],[-75.247792309461175,42.807888767931118],[-75.247772011431323,42.807914621227653],[-75.247759953337379,42.808016583118729],[-75.247791047614655,42.808144584825314],[-75.247825740488281,42.8082082504203],[-75.247862995140679,42.808276618909183],[-75.24791916827887,42.808328139946155],[-75.247921699295006,42.808330462318708],[-75.247946946116343,42.80835361868639],[-75.247983517635845,42.80837327926011],[-75.248038030467228,42.808402586038262],[-75.248112997999044,42.808433430350433],[-75.248115742976395,42.808434559726564],[-75.24812794083536,42.808439579351464],[-75.248277048637661,42.808476588632303],[-75.248351689442458,42.808495120319478],[-75.248405989145667,42.808508597732782],[-75.248414057606098,42.808511427565165],[-75.248520016560434,42.808548598686116],[-75.248567202392152,42.808588201984939],[-75.248607025195511,42.808621624062198],[-75.24871294629456,42.808774574992],[-75.248744988196933,42.808895629702135],[-75.248746615136028,42.808927547833036],[-75.248752019641714,42.809033576196448],[-75.248734923007589,42.809170171977946],[-75.248720970595542,42.809281652362323],[-75.24869446278565,42.809345252415845],[-75.248665970900262,42.809413612182446],[-75.248596034480244,42.809511652335502],[-75.248526929564534,42.809634635426995],[-75.248465735661611,42.809723023578201],[-75.248448010141999,42.809748632413367],[-75.248429936217804,42.809846661377442],[-75.248442872963423,42.809928989347135],[-75.248447998636053,42.809961608127836],[-75.248489933687779,42.810045630812176],[-75.248680781296173,42.81028812612179],[-75.248744003449687,42.810368462012057],[-75.248848440979842,42.810501169429557],[-75.248850353565771,42.810503599800349],[-75.248851166617143,42.810504624720856],[-75.248851978407458,42.8105056514271],[-75.2489600289327,42.810700652595912],[-75.249055413497743,42.810916678230832],[-75.249080991541717,42.810974600944398],[-75.249146929512179,42.811160601404268],[-75.249177938825085,42.811359642231466],[-75.249175964914656,42.81138736388646],[-75.249173159975555,42.811426726452588],[-75.249164972414391,42.811541578720337],[-75.249135013461057,42.811726612874281],[-75.248874692382316,42.812289305243212],[-75.248850047653164,42.812342572731652],[-75.24868099165792,42.812705587414712],[-75.24860903022541,42.812908633881122],[-75.24855202939986,42.813100889185563],[-75.248469997340806,42.813377573711691],[-75.248205026994682,42.814134601820136],[-75.248101940883586,42.814325649662074],[-75.247981007742382,42.814488638379686],[-75.247788018515095,42.814679611338114],[-75.247565000177687,42.814825618036124],[-75.247407975914257,42.814895570882889],[-75.247227032534866,42.814949633741556],[-75.247152862668671,42.814956362365315],[-75.247128932885545,42.814958532570593],[-75.24703995204554,42.814966605124958],[-75.24690528792955,42.814961028224403],[-75.246823041088703,42.81495762044959],[-75.246723013227879,42.814934096769292],[-75.246716933840702,42.814932668270529],[-75.246635960485619,42.8149136249842],[-75.246393993033905,42.814847594673452],[-75.246336654129834,42.814827838724774],[-75.245566963516211,42.814562641987706],[-75.245499472239999,42.814542164748808],[-75.245421961294767,42.814518645582318],[-75.24531300582089,42.814495645593773],[-75.245283170471154,42.814499846598714],[-75.24521470094146,42.814509489769357],[-75.245165407390189,42.814516434031802],[-75.245150044482486,42.814518597728359],[-75.244962293487362,42.814574573216319],[-75.244885045479919,42.814597603297351],[-75.24464996716047,42.814695633972939],[-75.244307754448428,42.81486671408576],[-75.244075947415539,42.814982597094655],[-75.243834975605296,42.815137645196742],[-75.24368397636519,42.815279619417382],[-75.243586971459692,42.815403651143058],[-75.243521038371128,42.815527615201979],[-75.243437000885066,42.815651620301857],[-75.243355490743809,42.815727031594655],[-75.24330403144296,42.815774643030338],[-75.243188270492396,42.815867055370738],[-75.243165019489766,42.815885615706712],[-75.242816242610587,42.816118699602157],[-75.242767043863168,42.816151578233459],[-75.242751654440937,42.816167851267416],[-75.242645955444289,42.816279621164249],[-75.242531041227522,42.816453577021157],[-75.242417040035946,42.816705608294974],[-75.242362038858047,42.816873585168324],[-75.242326035472487,42.817019638344256],[-75.242289945657873,42.817112650728951],[-75.242150546143719,42.817301126103239],[-75.242109872866379,42.817356119069814],[-75.242096955406922,42.817373584047907],[-75.242061000875495,42.81753260709452],[-75.242049091508093,42.817580197864345],[-75.24204196979079,42.817608653041709],[-75.242060976866583,42.817683625057377],[-75.242109030637209,42.817740617979773],[-75.242169042132403,42.817758590714],[-75.242202671423755,42.817757209431441],[-75.242266028242142,42.817754604581879],[-75.242304714977251,42.81773478489508],[-75.242344038555032,42.817714635973985],[-75.242346105693301,42.817710252734123],[-75.242347829385409,42.817706597346174],[-75.242411008407331,42.817572568866048],[-75.242518994330979,42.817408623436599],[-75.242585069139523,42.817358366757325],[-75.24263997825652,42.817316603345773],[-75.242747973450989,42.817249641555961],[-75.242819496622005,42.817228143787048],[-75.242881028079992,42.81720965003457],[-75.24291189151451,42.817206832724722],[-75.242942588336433,42.81720402965977],[-75.243027062579372,42.817196325243238],[-75.243067994844111,42.817192591418205],[-75.243119014506178,42.817208142139066],[-75.243182999858774,42.817227646215514],[-75.243280033653519,42.817298584669956],[-75.243437771342741,42.817479569095823],[-75.243653955686383,42.817727614567922],[-75.243709575521692,42.81777536642732],[-75.243709607966025,42.817775392913191],[-75.243709637965338,42.817775419370442],[-75.243732016577795,42.817794630741652],[-75.243864998434162,42.817891604022783],[-75.244112046696998,42.818033634021489],[-75.244233040169433,42.81809965498622],[-75.244384011935878,42.818135624368146],[-75.244516957434456,42.818129576778126],[-75.244679973397027,42.818086634245027],[-75.244968997866522,42.817986595696851],[-75.24512801449157,42.817921598217595],[-75.245226028937608,42.817836647265935],[-75.245256532540736,42.817785429564836],[-75.245288001591206,42.817732591948889],[-75.245295808883995,42.817713047705283],[-75.245361725867383,42.817548041678158],[-75.245468967365468,42.817279594994318],[-75.245528955655701,42.81719958629612],[-75.245562531047057,42.817178681332621],[-75.245582302710133,42.817166370561267],[-75.245614002772015,42.817146633754376],[-75.245657150832415,42.817134606905888],[-75.245711025041302,42.81711958791486],[-75.245753449225191,42.817119583946557],[-75.245800932230892,42.817119576948109],[-75.245897954134904,42.817155571204268],[-75.245922171468251,42.817179814226435],[-75.245945977086464,42.817203643736391],[-75.245986945181755,42.817293611767155],[-75.246005953782884,42.817367595622677],[-75.246001057375651,42.8173855931406],[-75.245987988082945,42.817433641590974],[-75.245921968544593,42.817535637140509],[-75.245891421864584,42.817614640554446],[-75.245886007382055,42.817628645862648],[-75.245837010460562,42.817796610818213],[-75.245837031304532,42.817956638668164],[-75.24586982518602,42.818112296240123],[-75.245870112563949,42.818113657121323],[-75.245892010957959,42.818217587084582],[-75.245963996035755,42.818385651894715],[-75.246006041503932,42.818469582143692],[-75.246078967366515,42.818567583342521],[-75.246121873328192,42.818602918298858],[-75.246174941660811,42.818646625999513],[-75.246253986644973,42.818682568426652],[-75.246303839133105,42.818698183315639],[-75.246634044607916,42.818801611829642],[-75.24703203327303,42.818969601787479],[-75.247136610856714,42.819004583116154],[-75.24730995045968,42.819062561583372],[-75.247447540373031,42.819106685149826],[-75.247451135199242,42.819107837060066],[-75.247490996276767,42.819120619801467],[-75.247568961889343,42.819191595888057],[-75.247604943214128,42.819288603328687],[-75.247617285186223,42.819389098760986],[-75.247617967825207,42.819394652048047],[-75.247581012931747,42.819483614920891],[-75.247577317021481,42.819488463567048],[-75.247575862253385,42.81949037485397],[-75.24750160546337,42.819587789405077],[-75.247443013108139,42.819664651139604],[-75.247308003991151,42.819921594877961],[-75.247262728221216,42.820019062988841],[-75.247217150913727,42.820117182016951],[-75.247157969419291,42.820244582872057],[-75.247157989929846,42.820372638638304],[-75.247194371803715,42.820460870170884],[-75.247223951510151,42.820532606895071],[-75.247320920856865,42.820678655954239],[-75.247423018360564,42.820784601695472],[-75.247470690535394,42.820819671276013],[-75.247470987899106,42.820819888996745],[-75.247495032877694,42.820837577002742],[-75.247523482611953,42.820854700650251],[-75.247598037852811,42.820899581100655],[-75.24773528957428,42.820953988021962],[-75.247735669082701,42.820954139184202],[-75.247813610979605,42.82098503456011],[-75.247976271940658,42.821049509420661],[-75.248122939879337,42.821107640966297],[-75.248268042803076,42.821204585726719],[-75.248301036527423,42.821251915753571],[-75.248357991811829,42.821333619897892],[-75.248418043082452,42.821483606270803],[-75.248449033353936,42.821581604869202],[-75.248459035562249,42.821699645981226],[-75.248435642570072,42.821830373330037],[-75.248423974283241,42.82189558924518],[-75.248392988997864,42.82197859321149],[-75.24828399348948,42.822040617232616],[-75.248087008734018,42.822155582832934],[-75.248011073446037,42.822245412689639],[-75.247932787614715,42.822338021045148],[-75.247873929223402,42.822407655638337],[-75.24778393015751,42.822571657384081],[-75.247773352211311,42.822595559805883],[-75.247741005260281,42.822668648042821],[-75.247740967266523,42.822779590004522],[-75.247753047609763,42.822863587688254],[-75.247802000244945,42.822929581815494],[-75.247867994295589,42.82297365374199],[-75.247958984255291,42.82300066015344],[-75.247977617446523,42.822998410901327],[-75.248066956535553,42.822987633984866],[-75.248166049253683,42.822954089101771],[-75.248200011581204,42.822942586137913],[-75.248301982575342,42.822898600709706],[-75.248329786438234,42.822883450242522],[-75.248513043600852,42.822783592725642],[-75.248600046380844,42.822769809343576],[-75.248651929482918,42.822761589401551],[-75.248791040555375,42.822765610127647],[-75.248853359958304,42.822768081162053],[-75.248918044893855,42.822770647250223],[-75.249019989270167,42.822810591447954],[-75.249054162824194,42.822832754204647],[-75.249073958486647,42.822845593309928],[-75.249084155414494,42.822885840998083],[-75.249092976045361,42.822920654256045],[-75.249089897026451,42.822939575084995],[-75.249084602494264,42.822972122743487],[-75.249079960570583,42.823000653149187],[-75.249079644540771,42.823001473162151],[-75.249043998914885,42.823093577256351],[-75.249070428053528,42.823158261390915],[-75.249079953503241,42.823181570922955],[-75.249182966435143,42.823243570973027],[-75.249321575459248,42.823262858240078],[-75.249405988716518,42.823274604756776],[-75.249409960703943,42.823274893193172],[-75.249414743448838,42.823275240587499],[-75.249611873992791,42.823289555090071],[-75.249654039593054,42.823292617302428],[-75.249715485733788,42.823309340689704],[-75.249767933605696,42.823323616873829],[-75.249798512615172,42.823344057737906],[-75.249907038965489,42.823416608851566],[-75.250011978840405,42.823551971049454],[-75.250091946933665,42.823655118951955],[-75.250117943789206,42.823688651296813],[-75.250226969012843,42.823845647102829],[-75.250260700263752,42.823928105192159],[-75.250280964044748,42.823977635065013],[-75.250295440667742,42.824068834178753],[-75.250310963801468,42.824166595432231],[-75.250305006525309,42.824387597046147],[-75.250225979059536,42.824661624742916],[-75.25000296595114,42.825059607648434],[-75.249957770251427,42.825123550107293],[-75.24984224913328,42.82528698609034],[-75.249790175078047,42.82536065799485],[-75.249749939736404,42.825417583364654],[-75.249521042160964,42.825661588062367],[-75.249267022572965,42.825895648362575],[-75.249002043708586,42.826112623930328],[-75.248203516579522,42.826707678260576],[-75.247958025410753,42.826890611097603],[-75.247644939431254,42.827164602697444],[-75.247459600801236,42.827352766991915],[-75.247313019578058,42.827501581231708],[-75.246790492125925,42.828122294630347],[-75.246766423369948,42.828150882586129],[-75.246594942338405,42.828354584663479],[-75.245894938557285,42.829482570249297],[-75.245756997467282,42.829654598135001],[-75.245600011620027,42.829774614954658],[-75.245401037397627,42.829889591189172],[-75.24521398005156,42.829955640245551],[-75.244815991404067,42.830083647712193],[-75.244658965829316,42.830132611646206],[-75.244622850721896,42.830158924774828],[-75.24457393167576,42.830194570110876],[-75.244561951535616,42.830224213566453],[-75.244557956509652,42.830234095298877],[-75.244551288088672,42.83025059564244],[-75.244537940909694,42.830283621413358],[-75.24455596089183,42.83038462268992],[-75.244570731481701,42.830412689415319],[-75.24467701533078,42.830614632013308],[-75.244694949576896,42.830725626425028],[-75.244689126663928,42.830767098666996],[-75.244687224526942,42.830780653437763],[-75.244676978925511,42.830853632730879],[-75.244655310536984,42.830888042963608],[-75.244615942636898,42.830950571426435],[-75.244513987439504,42.831065606571144],[-75.244374958924752,42.831149653010954],[-75.244193946417838,42.831198577907955],[-75.244012953653254,42.831220579181831],[-75.243832042892166,42.831202591872128],[-75.243746959161939,42.831190180740847],[-75.243379939028813,42.83113664401138],[-75.243294762316239,42.831140601826931],[-75.243187021494251,42.831145607959002],[-75.242988893608484,42.831168095692959],[-75.242878954804539,42.831180572774393],[-75.242779239906014,42.831207640388328],[-75.242584033543665,42.83126062663267],[-75.242113033763744,42.831463611604612],[-75.241939320839649,42.831521282091657],[-75.241859969241446,42.831547625164397],[-75.241818714137608,42.831556398638902],[-75.24160593090923,42.831601654165645],[-75.24150760752444,42.831611892194331],[-75.241394953858773,42.831623622158602],[-75.241184016786221,42.831623616037902],[-75.241162826440672,42.831628148643077],[-75.241121606880839,42.831636968193372],[-75.24107807977974,42.831646275596178],[-75.241039029045993,42.831654629028513],[-75.240906971214244,42.831707589399898],[-75.240846035115027,42.831769584576193],[-75.24080842829774,42.831844799255371],[-75.240804024144992,42.831853603001491],[-75.240803984923517,42.831937622992818],[-75.240845946170055,42.8320616287332],[-75.240907011321056,42.832127601204803],[-75.24096431560595,42.832139437567996],[-75.241033015966494,42.832153629243834],[-75.24117203050227,42.832158651068234],[-75.241252826768289,42.832147722650291],[-75.241335038590478,42.832136603719583],[-75.241557987469733,42.832078589405178],[-75.24164066369724,42.832056004287118],[-75.2417106965394,42.832036873595676],[-75.241809992567354,42.832009746198572],[-75.242041018153756,42.831946630454553],[-75.242233937430129,42.831906600324004],[-75.242402942595461,42.831915607024555],[-75.242468583575842,42.8319526760203],[-75.242470545940634,42.831953783760198],[-75.242510973597376,42.831976614931563],[-75.242625952407536,42.832061650659568],[-75.242691964313835,42.832171649202017],[-75.242715956490898,42.832268583290016],[-75.242692028536283,42.832344641126078],[-75.242649989264919,42.832419655066509],[-75.242648426031778,42.832421696446666],[-75.24257195656179,42.832521580623144],[-75.242252150603761,42.832865648182519],[-75.242083000862579,42.83304762776033],[-75.242070667841674,42.833061892073303],[-75.24196801557683,42.833180610298854],[-75.241896030360124,42.833233623869901],[-75.241797242529842,42.83327126366774],[-75.241756994070911,42.833286597957162],[-75.241644692892734,42.833318417830142],[-75.241569996019422,42.833339583204754],[-75.24144489542779,42.83337786583116],[-75.24141295470244,42.833387642240233],[-75.241328947722565,42.833432579165276],[-75.24126895801075,42.833485654632391],[-75.241037143050733,42.833625905039604],[-75.240954990551671,42.833675607549992],[-75.240809945551092,42.833724631008906],[-75.240695974127561,42.833741620965135],[-75.240496971847847,42.833697644923554],[-75.240364006715126,42.833675589201349],[-75.240260982589845,42.833675623811629],[-75.240199393052976,42.833696172375227],[-75.240183020472841,42.83370163632452],[-75.240160064393507,42.833720736867136],[-75.240134964500271,42.833741627980928],[-75.240091940397221,42.833785574775014],[-75.240049691834002,42.833845608445259],[-75.240036322451417,42.833864603594868],[-75.239942022056994,42.833998593753172],[-75.239901697748422,42.834027661936368],[-75.239862954033896,42.834055585579087],[-75.239827013636329,42.83406985077692],[-75.239615924789888,42.834153629931308],[-75.239574019501291,42.834201627110303],[-75.239548969903126,42.834241571676934],[-75.239543038684815,42.834290574430533],[-75.239592010816608,42.834329645024013],[-75.239654423109954,42.834345225665615],[-75.239700037046788,42.834356613979338],[-75.239753333476855,42.834355249107908],[-75.239857006303637,42.834352593049253],[-75.239989651378934,42.834333469894467],[-75.24004398932334,42.834325638280696],[-75.240054957016909,42.834327852760779],[-75.240152970745655,42.834347650644965],[-75.240218970640512,42.834391639660232],[-75.240242934544924,42.834449582998516],[-75.240224943504984,42.834511578401219],[-75.240194668234167,42.834549802709482],[-75.240187402211134,42.834558974346209],[-75.240182931696836,42.834564616640051],[-75.240102953881873,42.834638627266962],[-75.239993956539095,42.834739626872171],[-75.239945981736895,42.834832571676856],[-75.239946004716046,42.834964589868683],[-75.239980046032741,42.835007126447913],[-75.240006005715443,42.835039567731592],[-75.240042946198628,42.835056799136986],[-75.240088180344642,42.835077898829795],[-75.240089714607862,42.835078613595648],[-75.240139006578758,42.835101607214156],[-75.240141617420477,42.835102313005294],[-75.240144228242755,42.835103019696383],[-75.24036793971483,42.83516362325733],[-75.24057896899096,42.835216584268856],[-75.24064522240792,42.835249090200605],[-75.24068697680292,42.835269577210667],[-75.24071425197495,42.835291505779608],[-75.240747978470068,42.835318616902562],[-75.240759916466132,42.835351954026933],[-75.240778040101574,42.835402575746059],[-75.240787074902158,42.835435942736311],[-75.240789956202761,42.835446586425739],[-75.24076596752937,42.835539571589365],[-75.240736896988025,42.835579994977181],[-75.240699028736785,42.835632648986653],[-75.240609033475664,42.835711634069838],[-75.240567335790729,42.83573788490996],[-75.240524932437893,42.835764581164668],[-75.240509774007805,42.835768291382344],[-75.240398042606927,42.835795647138873],[-75.240341388107723,42.835809796436067],[-75.240326037383042,42.835813630403258],[-75.240301964969944,42.835853572183687],[-75.240297072177228,42.835908582558588],[-75.240294933787339,42.83593265344917],[-75.240319959387662,42.835981590888437],[-75.240347924160872,42.835995576959256],[-75.240357440130509,42.83600033818437],[-75.240389826429663,42.836016540222424],[-75.240433979525974,42.836038626330975],[-75.240467444999922,42.836040129740347],[-75.24063297468534,42.83604757334431],[-75.240820011564992,42.836065640262696],[-75.240952994981797,42.836122634701823],[-75.24103162942508,42.836180622949477],[-75.241079025914814,42.836215574859253],[-75.241094833377844,42.83627161924985],[-75.241108926421873,42.836321595913113],[-75.2411420395958,42.836368033579895],[-75.241178263157067,42.836418833220534],[-75.241252996883318,42.836523640621479],[-75.241318960850933,42.836620579041444],[-75.241378804363848,42.836676587757765],[-75.241387498859311,42.836684724965167],[-75.241428018401663,42.83672264963753],[-75.241566038399782,42.836815654163502],[-75.241657036275527,42.836899573450822],[-75.241681032600269,42.836996599550496],[-75.241670435769635,42.837035448239526],[-75.241657019593973,42.837084635228045],[-75.241627123604346,42.837138834102923],[-75.241607935992505,42.837173620270889],[-75.241547938570434,42.837226609334017],[-75.241506826600016,42.83724543522392],[-75.241499934054858,42.837248590699836],[-75.24139699225546,42.837270602358991],[-75.241294955438164,42.837243620598912],[-75.241278302947123,42.83723942844653],[-75.241155936410777,42.837208611894297],[-75.241117751499971,42.83720070776031],[-75.241006042571144,42.837177590381657],[-75.240884953009029,42.837190630632747],[-75.240813017502063,42.837226623753025],[-75.240772548530259,42.837271445136032],[-75.240771746410488,42.837272335041121],[-75.240757946820082,42.837287616345165],[-75.240697926566114,42.837429576232054],[-75.240698021391793,42.8375486276611],[-75.24074003758507,42.837623642648218],[-75.240872994307054,42.837703601262639],[-75.240925468306628,42.837731372365859],[-75.241131964033272,42.837840657659072],[-75.241289037575427,42.837955593596092],[-75.24134894251138,42.83800463899972],[-75.241476007458829,42.838048587791782],[-75.241548010019073,42.838061582772163],[-75.241687019051767,42.838061650062016],[-75.241817404269611,42.838036393994862],[-75.241867983543628,42.838026597329566],[-75.242027340449027,42.837986645160115],[-75.242115041368152,42.837964658733831],[-75.242204977545796,42.837964648290388],[-75.242331975100285,42.837990584805929],[-75.242423598836069,42.838039128878506],[-75.242549011200111,42.838105574122366],[-75.2425952076822,42.838126830824606],[-75.242702077847227,42.838176007834697],[-75.242759235524844,42.838202309786148],[-75.242759984027771,42.838202654330004],[-75.242800277686342,42.838223840027851],[-75.242863170485919,42.83825690575803],[-75.24297100997245,42.838313604333464],[-75.243067956789417,42.8384465861621],[-75.243093051989675,42.838525950953375],[-75.243104010399335,42.838560607764435],[-75.243098026462093,42.838750631825178],[-75.243079961202,42.839011644671004],[-75.243078101776248,42.839021212857787],[-75.24305469968759,42.839141644669347],[-75.243037020107266,42.839232639032502],[-75.243008421413265,42.839325970333967],[-75.242965008506175,42.839467651388951],[-75.242844022584777,42.83975860013561],[-75.242724521760266,42.840003385277271],[-75.242638987537163,42.840178591927369],[-75.242597007602939,42.840364641220631],[-75.242593975577066,42.840401897872184],[-75.242592378482058,42.840421503778131],[-75.242579026967178,42.840585581091084],[-75.242585810509553,42.840683417196708],[-75.24259095774481,42.840757645897249],[-75.242611328023699,42.840815669030015],[-75.242628198876389,42.840863720944796],[-75.242663967382128,42.840965606253285],[-75.242729141947024,42.841102249183258],[-75.24275154247124,42.841149213560627],[-75.242777978081861,42.841204633157332],[-75.242854716834401,42.841310216400878],[-75.242886987451769,42.841354613689923],[-75.24294357520283,42.841437797723316],[-75.242989019464503,42.84150460514774],[-75.243014490745381,42.841575449320281],[-75.243014961489422,42.841576761038198],[-75.243042950566306,42.841654612218989],[-75.243068958058998,42.841758545420291],[-75.243071860879795,42.841770148019407],[-75.243099593495018,42.841880976321747],[-75.243101799241572,42.841889797208346],[-75.243104003804646,42.841898616280638],[-75.243122004314344,42.842026630901728],[-75.243082034233609,42.842162606190612],[-75.243059320152284,42.842211147023569],[-75.243024243426788,42.842286107447478],[-75.243016986758363,42.842301612346468],[-75.243002448815687,42.842323292066013],[-75.242973510661926,42.842366446963467],[-75.242953200925385,42.842396736235379],[-75.242945936310491,42.842407571641075],[-75.242941860449235,42.84241208889042],[-75.24293947030408,42.842414739034012],[-75.242871975583469,42.842489589004728],[-75.242807953224485,42.842536399307541],[-75.242802083972123,42.842540690303885],[-75.242731032619432,42.842592636780282],[-75.242680168861583,42.842622831966331],[-75.24259294879549,42.842674608813361],[-75.242513178061714,42.842708931326833],[-75.242472003554198,42.842726645946897],[-75.242447704372594,42.842736397794773],[-75.242392007768615,42.84275875482097],[-75.242354949904055,42.842773629740208],[-75.242280975473463,42.842789154261411],[-75.242168970483746,42.842812657384066],[-75.242045033426791,42.842851641962056],[-75.242006206250437,42.842879815561531],[-75.241983042485018,42.842896620264021],[-75.241968005938404,42.842965631606418],[-75.241984123598257,42.843022940646627],[-75.242003997662366,42.843093613219068],[-75.242033010121702,42.843188648142295],[-75.242166930853386,42.843354610059272],[-75.242281950427412,42.843416585784901],[-75.242384369590681,42.843434522215389],[-75.242387541929858,42.84343507609487],[-75.242407961416887,42.843438652353321],[-75.242588953161871,42.843438628772468],[-75.242824018486303,42.843398604362484],[-75.24302894041648,42.843354578910258],[-75.243198643700083,42.843285827020992],[-75.24320281501879,42.843284139343808],[-75.243325003932284,42.843234635691594],[-75.243439637295609,42.843166063427638],[-75.243523995721858,42.843115601865343],[-75.24370503343296,42.843000582288091],[-75.243818943226586,42.842934601882789],[-75.243908437827486,42.842911086736692],[-75.243951954813852,42.842899651872273],[-75.244046136434804,42.842899608646484],[-75.244108960407317,42.84289958291059],[-75.244169052318895,42.842914299446882],[-75.244198992418589,42.842921631709146],[-75.244228954578418,42.842978573057017],[-75.244259042710368,42.843067573288415],[-75.244259040231,42.843159605442509],[-75.244251732715369,42.843173509247841],[-75.244217010457803,42.843239575586665],[-75.244168983571612,42.843318651868977],[-75.244163019450255,42.843420604824018],[-75.244151010544655,42.843509603245785],[-75.244108929547664,42.84360659303578],[-75.244118037656179,42.843637775768912],[-75.24412703977039,42.84366859897726],[-75.244145008646456,42.843725653901672],[-75.244205602402673,42.843752570547295],[-75.244234993517438,42.843765628021792],[-75.244296020973579,42.843787648043552],[-75.244317322387673,42.843809419439722],[-75.244343940464745,42.843836626375989],[-75.244373939904577,42.84390257202481],[-75.244377352628291,42.843934873701315],[-75.244380113404389,42.843960997706347],[-75.244394026330781,42.844092630841381],[-75.244403010584179,42.844229582387918],[-75.244468246401752,42.844295634043014],[-75.244481029821117,42.844308572842124],[-75.244549468605683,42.844335025621334],[-75.244608006382379,42.844357651009403],[-75.244644735164599,42.844364888799682],[-75.244645799842218,42.844365098395727],[-75.244674021014291,42.844370658622616],[-75.244765000154857,42.844352635257707],[-75.244848987922168,42.844299592892135],[-75.244926942461603,42.844268627819872],[-75.244959712624919,42.844259257147314],[-75.245018012481083,42.844242588036686],[-75.245094313075654,42.844239835931219],[-75.245156032269762,42.844237610996508],[-75.245253356628069,42.84425324918341],[-75.245380004431908,42.844273598721244],[-75.245668995145209,42.844379602571451],[-75.245747037487533,42.844401590175842],[-75.245849937636336,42.844427577012631],[-75.245988014444038,42.844436644727487],[-75.246162949593042,42.844450586238253],[-75.246270010496886,42.844455478941384],[-75.246272821448713,42.844455606293558],[-75.246337983682281,42.844458582743705],[-75.246404035421023,42.844471139687464],[-75.24650099310422,42.844489573988454],[-75.246547278547098,42.84450568181699],[-75.246615938743901,42.844529576647197],[-75.246748026103859,42.844600615150405],[-75.24684496578999,42.844666597192678],[-75.246920973323071,42.844752760586225],[-75.246934955837972,42.844768611788474],[-75.24700698654965,42.844816637174787],[-75.247133981103246,42.844839595831367],[-75.247279017577668,42.844843606617964],[-75.247394795500298,42.844850266292269],[-75.247435943439072,42.844852632403125],[-75.24754996731896,42.844905608010173],[-75.247647031523385,42.844940607365217],[-75.247754972920873,42.844971622272411],[-75.247766045421855,42.844981393607078],[-75.247773942466438,42.844988365147813],[-75.247815028241234,42.845024625139324],[-75.247817541701082,42.845052190112824],[-75.247817665478692,42.845053542773364],[-75.247821044473298,42.845090618669843],[-75.247778948429456,42.845152577910099],[-75.247730941501317,42.845174655447003],[-75.247719568122335,42.845175099793153],[-75.247603930517272,42.845179611900598],[-75.247510544110838,42.845179606112438],[-75.247442022466458,42.845179603233106],[-75.24733895683913,42.84517460161269],[-75.247316884711964,42.845180459161256],[-75.247236997341631,42.84520165941651],[-75.247195364032805,42.84522747677255],[-75.247158017086804,42.845250639008299],[-75.247133978164683,42.845329576089696],[-75.247129621267732,42.845347306201752],[-75.247121934538129,42.845378592432503],[-75.247128100791713,42.845423461597029],[-75.247134033190179,42.845466637435443],[-75.247145626286112,42.845482166352674],[-75.247243045599362,42.845612648354411],[-75.247264698551675,42.845644749619694],[-75.247296967610197,42.845692588931946],[-75.247339826807931,42.84573620110357],[-75.247340962823557,42.845737359429037],[-75.24735693243278,42.845753607354624],[-75.247435990678866,42.845784591566414],[-75.247486584971099,42.845788600949753],[-75.247515584472538,42.845790898192327],[-75.247549966213185,42.845793621013634],[-75.247552995747441,42.845794507962168],[-75.247556025301151,42.845795394010672],[-75.247597990660083,42.845807658417591],[-75.247652996332363,42.845882643206508],[-75.247659417432942,42.84590298726944],[-75.247670971017286,42.845939606710346],[-75.247667744844634,42.845962152658153],[-75.247658998021322,42.846023284744945],[-75.247658972088729,42.846023466284947],[-75.24765894724348,42.846023654139152],[-75.247647026757079,42.846103644620428],[-75.247650817439776,42.846127459812941],[-75.247652934307936,42.846140782424428],[-75.247658953686624,42.846178635399745],[-75.247659354409407,42.846179512379294],[-75.247695004029438,42.846257623695614],[-75.247712927607267,42.84636357966216],[-75.247712973212856,42.84636447230303],[-75.247718745444431,42.846477842867884],[-75.247719038463728,42.846483604934377],[-75.247714729417879,42.846490771651098],[-75.247676970531728,42.846553577224149],[-75.247610029567753,42.846584612344472],[-75.247532463252156,42.846613723924264],[-75.247513981327032,42.84662065774225],[-75.247284971844763,42.846704634188789],[-75.247189524366732,42.846741680156555],[-75.247157307113312,42.84675418614728],[-75.247127950840039,42.846765581354269],[-75.247090537505855,42.846791721582427],[-75.24704756322798,42.846821747912131],[-75.247032025712656,42.846832605830876],[-75.247008005594566,42.846885607114707],[-75.247013950548947,42.846933592920905],[-75.247010940995921,42.846962647196634],[-75.247007939708908,42.846991601645229],[-75.246990574595344,42.847004038798936],[-75.246959001853767,42.847026647218151],[-75.246755041827754,42.847101651836454],[-75.246609929592495,42.847141585972714],[-75.24659199160152,42.8471409282146],[-75.246590792407886,42.847140883604943],[-75.246500993701815,42.847137589000347],[-75.246464053488452,42.847133318231045],[-75.246422999477204,42.847128570908424],[-75.246363046024854,42.847132575252566],[-75.246229969388992,42.847181578652993],[-75.246048926605539,42.847265626726575],[-75.24584994721107,42.847362591827924],[-75.245820400852651,42.847382998284488],[-75.245765976451693,42.847420586251346],[-75.245749714592293,42.847453087394278],[-75.245741935855733,42.847468635864708],[-75.245742007554938,42.847517130141988],[-75.245742009162427,42.847517622575914],[-75.24574506055751,42.847537851750374],[-75.245748040494291,42.847557593976099],[-75.245777292816456,42.847618057213687],[-75.245778028335664,42.847619576360486],[-75.245782179403335,42.847622579351139],[-75.245791766799471,42.847629517662966],[-75.245816326442849,42.847647277690875],[-75.245832030997903,42.847658633684475],[-75.245867750376902,42.847668580625481],[-75.245928945931027,42.847685621770268],[-75.245970283561675,42.847726002914271],[-75.246018999509886,42.847773591799132],[-75.24613304685036,42.847954624911857],[-75.246144376509747,42.84797284697769],[-75.246151084272427,42.847983632430726],[-75.246157931529751,42.847994643665089],[-75.246174754847345,42.848029345233172],[-75.246216463286203,42.848115391991328],[-75.246217231671082,42.848116976334246],[-75.246218023508646,42.848118607762011],[-75.246260005068791,42.848180656283212],[-75.246303512794711,42.848201507379478],[-75.246332962016851,42.848215618235315],[-75.246369611394883,42.848220640027172],[-75.246371294748897,42.848220870335588],[-75.246398963855938,42.848224661077893],[-75.246488969491466,42.848206635797496],[-75.246627979579713,42.848140600091504],[-75.246728963456079,42.84811363588701],[-75.246833011498154,42.848087655287422],[-75.246964960173585,42.848091604611369],[-75.247103956815423,42.848114629588615],[-75.247242970289122,42.84814062438786],[-75.247353588828034,42.848187935914666],[-75.247430050053495,42.848220638025573],[-75.247474438583183,42.848232656188507],[-75.247498583819635,42.848239194397266],[-75.247541587007163,42.848250836284848],[-75.247545526661384,42.848251903992782],[-75.247669940978113,42.84828558856308],[-75.247765927969652,42.848325631721991],[-75.247801982221986,42.848374633994979],[-75.247810108828418,42.8484003829969],[-75.247819958874558,42.848431600177115],[-75.247809518543519,42.84849721894701],[-75.247808017448392,42.848506641941817],[-75.247800868443278,42.848526652137778],[-75.247790369770925,42.848556026853338],[-75.247778002675602,42.84859063609877],[-75.24775880888923,42.848610480567523],[-75.247746526063153,42.848623179671463],[-75.247718036403967,42.848652629852388],[-75.247614987605829,42.84868364968677],[-75.247502510444392,42.848689431839716],[-75.247186968372205,42.848705647694231],[-75.247005751183607,42.848693566256188],[-75.246855944523929,42.848683579636457],[-75.24669476040161,42.848677602748992],[-75.246614930495625,42.848674645174547],[-75.246542950247076,42.848701632881458],[-75.246500011384342,42.848736579055966],[-75.246476004202108,42.848793631306656],[-75.246476982202722,42.848801039755664],[-75.246477940943748,42.848808320149899],[-75.246481935852302,42.848838648075855],[-75.246494831448288,42.848851269278413],[-75.246504717293647,42.848860945853673],[-75.246526391642547,42.848882161249307],[-75.246528321860609,42.848884049924855],[-75.246530958990633,42.848886630114748],[-75.246591335115383,42.848933787774293],[-75.246626964515869,42.848961617905452],[-75.246690777995312,42.849052431737142],[-75.246716939729453,42.849089660218418],[-75.246744244008781,42.849131095212691],[-75.246795986915714,42.849209617917246],[-75.246803213024435,42.849218049930812],[-75.246855992846406,42.849279640955565],[-75.246951983885012,42.849319599319806],[-75.246997679264453,42.849327610782915],[-75.247054982860149,42.849337657170246],[-75.24722311960096,42.849347981694933],[-75.247266030105777,42.849350618700512],[-75.247397966909247,42.849381581801062],[-75.247506979429915,42.849434660084086],[-75.247578964947806,42.849500605042792],[-75.247661799732924,42.849578605224117],[-75.247663977318197,42.849580656103726],[-75.247700014049315,42.84965559415263],[-75.247700049502455,42.849725653427399],[-75.247670013234568,42.849774615606371],[-75.247663566230756,42.849780606003804],[-75.247626970456921,42.849814604862743],[-75.247542995711655,42.849840631351981],[-75.24751675159537,42.849848002115714],[-75.247447024548407,42.849867583640219],[-75.247332032478454,42.849880619873922],[-75.247248020871552,42.849867654011739],[-75.24704296385147,42.849761653628072],[-75.246986305223402,42.849727520637423],[-75.246940034563679,42.849699648318072],[-75.246887252185047,42.849669362115804],[-75.246885937319348,42.849668608593561],[-75.24688504376509,42.849668572056011],[-75.246884452152358,42.849668547145249],[-75.246857435940711,42.84966741166027],[-75.246789969863329,42.849664581440948],[-75.246689454449324,42.849657452995082],[-75.246663014536765,42.849655577918703],[-75.246524937858666,42.849619584817475],[-75.2464880496061,42.84957562709404],[-75.2464795646911,42.849565941671969],[-75.246461267117553,42.849545053770044],[-75.24644599749476,42.849527630126197],[-75.246388345419888,42.849511388618723],[-75.246367950871303,42.849505645654823],[-75.246308030955745,42.849518650657515],[-75.246222954424695,42.849544588593666],[-75.246126932051823,42.849588653073909],[-75.24610301459866,42.849637601692727],[-75.246102978598714,42.849690645257382],[-75.246127324570963,42.849726572560655],[-75.246143961122655,42.849751123873318],[-75.246144460241155,42.849751863374635],[-75.246144959398507,42.849752601075942],[-75.246229006494715,42.849805642818289],[-75.246307927415657,42.849862656670759],[-75.246339997889407,42.849912732725585],[-75.246355959766177,42.849937656016195],[-75.246427965098007,42.850070600963697],[-75.246451005373785,42.850099919809402],[-75.246472496457429,42.850127268003547],[-75.246494020895682,42.850154658893004],[-75.246573018472972,42.850229592138248],[-75.24661497825042,42.850317577110225],[-75.246608983288112,42.850379635110123],[-75.246554974787514,42.850432610175446],[-75.246541985051962,42.850437611295916],[-75.24650238916918,42.850452853087816],[-75.246463934433507,42.850467656286568],[-75.246325012000398,42.850496595124213],[-75.246148402209826,42.850509805321686],[-75.246030019350314,42.85051866057033],[-75.245940026175518,42.850510658748497],[-75.245848971787225,42.850479605381537],[-75.245803937009583,42.85047564672211],[-75.245746983798796,42.850470641377953],[-75.245656027927012,42.850496591209641],[-75.245566001421636,42.850540640649669],[-75.245461844530837,42.850583632775269],[-75.245457006614785,42.850585631416038],[-75.24538495179678,42.850593616776145],[-75.245371559339631,42.850591083699989],[-75.245369055344227,42.8505906097311],[-75.245295050203069,42.850576611616752],[-75.245227785984028,42.850546086072335],[-75.245090044636854,42.850483574974731],[-75.245044317442492,42.850468566846089],[-75.245043656573017,42.850468349371447],[-75.245010998842957,42.850457629578599],[-75.244963946075941,42.850455170152763],[-75.244915023535256,42.850452612329562],[-75.244837027388471,42.850474659379834],[-75.244757981525439,42.850510581642816],[-75.244722656593481,42.850530510638755],[-75.244682523504252,42.850553154246555],[-75.244681235421012,42.850553880057369],[-75.244679949803512,42.850554604996738],[-75.244669607569534,42.850582315853359],[-75.244662023477161,42.850602642131207],[-75.244667950462045,42.850646574171108],[-75.244670440136858,42.850653205424251],[-75.244674292569883,42.850663470556718],[-75.244689372588553,42.850703653125699],[-75.244698006502063,42.850726656326934],[-75.244764025943155,42.850832599822226],[-75.244842970474608,42.850956611277624],[-75.244869064939863,42.851075627957499],[-75.244873006521587,42.85109360802393],[-75.24487622459614,42.851117160032587],[-75.244891031237202,42.851225587891612],[-75.244866933569597,42.851415651933337],[-75.24489093540339,42.851542574982005],[-75.244903697296564,42.851561680807585],[-75.244929530482509,42.851600353378252],[-75.244933044558749,42.851605612078522],[-75.245023017590469,42.851671611378826],[-75.245095950195406,42.851760607117292],[-75.245144029117114,42.851848575915142],[-75.245133179999343,42.851862136785684],[-75.245083987896592,42.851923627611789],[-75.245070154944202,42.85195179280737],[-75.245059947484776,42.85197257905395],[-75.245028976930698,42.852033608608572],[-75.245059944886108,42.852095591793351],[-75.245107754419678,42.852117683701202],[-75.245119486937185,42.852123105081823],[-75.245137929468314,42.852131626902057],[-75.24520999948065,42.85215758789176],[-75.24523667941574,42.852172306703046],[-75.245237552396631,42.852172787716697],[-75.245258942501053,42.852184590126789],[-75.245267531031544,42.852211244000664],[-75.245288929263495,42.852277638822052],[-75.245318136080598,42.852301355038442],[-75.245318910448773,42.852301983433485],[-75.245336934724904,42.852316620859284],[-75.24543899932533,42.852343596623591],[-75.24549125645116,42.852353284146474],[-75.245536006884095,42.852361578618606],[-75.245576558515594,42.85236158618806],[-75.245577204498431,42.852361587435311],[-75.245613970633073,42.852361593965696],[-75.245630114581814,42.852357634444679],[-75.245657532902001,42.852350907086304],[-75.245725804797232,42.852334165129733],[-75.245776965955969,42.852321618938383],[-75.245854999798141,42.852339643636839],[-75.245927002684809,42.85237866183396],[-75.245959210058118,42.852418242229746],[-75.245988007437674,42.852453632813635],[-75.246021334537332,42.852497459058554],[-75.246042020652055,42.852524661088616],[-75.246065446604476,42.852549860645837],[-75.246108027443029,42.852595660195455],[-75.246118305955093,42.852599694370106],[-75.246154002839532,42.852613709004324],[-75.246186972433648,42.852626651129412],[-75.246252996868506,42.852701608580297],[-75.246264955560051,42.852754626573713],[-75.246259046234655,42.852838657848132],[-75.246249908886128,42.852873994183547],[-75.246240966367523,42.852908579317997],[-75.246150012841639,42.852997657657944],[-75.246059962965987,42.853067640429487],[-75.245987962453569,42.85308959084746],[-75.245943165122441,42.853078906847614],[-75.245879048772153,42.853063616707516],[-75.245878126400925,42.85306287226058],[-75.245802644470757,42.853001907685346],[-75.24575895947298,42.852966618575273],[-75.245725034785579,42.85293998918219],[-75.245724403150248,42.852939492988106],[-75.245680016096429,42.85290465025053],[-75.245647787470801,42.852883792992387],[-75.245632034591353,42.852873596786466],[-75.245629281514212,42.852872924567215],[-75.245541989457678,42.852851636289735],[-75.245502289972094,42.852856517802337],[-75.245468954904283,42.852860619380593],[-75.245246000628569,42.852997617208182],[-75.245191156296144,42.853044488311333],[-75.245135617532327,42.853091954410608],[-75.245134172839201,42.853093187914048],[-75.245059978489138,42.853156598263752],[-75.245011405471075,42.853203590302584],[-75.24496901934873,42.853244594439985],[-75.244903046087018,42.853368649796167],[-75.244873012367748,42.853511627322355],[-75.244869618927339,42.853594929049216],[-75.244868425529191,42.853624294335589],[-75.244866990096668,42.853659597274842],[-75.244878945024226,42.853774659601058],[-75.244878961990622,42.853871650175023],[-75.244911788417355,42.853897980708176],[-75.244945022645084,42.853924635573925],[-75.244985225080384,42.853933267780675],[-75.24499728098057,42.853935854592834],[-75.245028937548028,42.853942650372339],[-75.245156022594742,42.85395165093248],[-75.245198422162787,42.853962567373088],[-75.245221935023878,42.853968621556973],[-75.245255081827011,42.853989530173642],[-75.245271020292265,42.853999584565678],[-75.245355036353104,42.85410557688283],[-75.245548022226174,42.854251590318952],[-75.245711525068472,42.854346711274871],[-75.245829944118569,42.854415601589544],[-75.245919975627373,42.854463587655395],[-75.245979874125226,42.854483040578394],[-75.246027946756328,42.854498653662624],[-75.246136489366336,42.854536386362305],[-75.246143035194578,42.854538661134072],[-75.246202595495248,42.854549581405671],[-75.246262954106697,42.854560646901945],[-75.246311995920692,42.8545697383666],[-75.246359964095433,42.854578630928025],[-75.246362331276288,42.854578762098029],[-75.246362512140891,42.854578772312188],[-75.246369067439403,42.854579134236516],[-75.246431952350576,42.854582617876702],[-75.246478616648758,42.854600906851431],[-75.246511018786123,42.854613604599102],[-75.246528641419545,42.854635617060403],[-75.246540664385961,42.85465062981681],[-75.246571051093738,42.854688580994001],[-75.246624955041412,42.854763658639165],[-75.246661017813935,42.85487461733824],[-75.246661293649368,42.854875500063571],[-75.246686565245227,42.854956600635674],[-75.24670900015056,42.855028593969791],[-75.246734026181855,42.855104634286057],[-75.246788042566195,42.855174581069335],[-75.246872045522565,42.855276607585068],[-75.246896016928545,42.85536462814035],[-75.246871958486594,42.855439605677518],[-75.246864740447165,42.855454536902975],[-75.246860560231639,42.855463184123437],[-75.24684197469233,42.85550162843581],[-75.246826883129984,42.85551950324367],[-75.246782032741621,42.855572627591208],[-75.246673012564571,42.855612577994485],[-75.24657698247519,42.855625661996996],[-75.246551492031614,42.855624010428109],[-75.246498989996468,42.855620605790456],[-75.246473927506244,42.8555881153301],[-75.246461959348736,42.855572596390871],[-75.246449567626414,42.855493284571494],[-75.24644399861792,42.855457637862024],[-75.246395979366184,42.855386599687769],[-75.246354450643892,42.855382449032618],[-75.246336001148649,42.855380605982631],[-75.246334604386064,42.855380467241254],[-75.246305978463283,42.855377606025485],[-75.246304232042888,42.855378078042961],[-75.246302660412084,42.855378501690112],[-75.246302485641905,42.85537854916042],[-75.246241736256593,42.855394969713558],[-75.24622100198674,42.855400572596785],[-75.246178929421163,42.855439656180899],[-75.246124950438812,42.855501639729027],[-75.246124781601623,42.85550328333948],[-75.246124612764447,42.855504926949926],[-75.246121065940073,42.855539160089158],[-75.246120956152112,42.855540221953923],[-75.24611304503938,42.855616574418427],[-75.246108336820186,42.855651157674849],[-75.246101703396533,42.855699883235509],[-75.246092834677739,42.855765043011111],[-75.246084221961112,42.855828318036899],[-75.246082956508545,42.855837629422787],[-75.246095039546788,42.855952601260753],[-75.246091839568606,42.856008520887869],[-75.246088974773556,42.856058603872221],[-75.246065018300868,42.856128627668227],[-75.246003961165911,42.856164599741447],[-75.245944969965095,42.856179624643289],[-75.245901980532452,42.856190575772423],[-75.245786971495875,42.856203611118502],[-75.245642976705298,42.856190589572996],[-75.245534853145372,42.856212445254322],[-75.245534005183004,42.856212616286989],[-75.245500292660381,42.856218248314306],[-75.24547994087095,42.856221648218721],[-75.245459455830272,42.856219602097035],[-75.245389936443189,42.85621265469414],[-75.245359008212333,42.856190659393157],[-75.245348856679655,42.856153576355297],[-75.245346960482763,42.856146646887865],[-75.245339963197452,42.856104924128111],[-75.245335051893377,42.856075621629124],[-75.245333357013664,42.856074158784281],[-75.245304959392399,42.856049662557638],[-75.245263332886637,42.856046963301004],[-75.245226968991815,42.856044603707517],[-75.245184710203134,42.856044610262238],[-75.245137003990678,42.856044619738924],[-75.245064002416939,42.856062605936984],[-75.245028016831753,42.856093661067099],[-75.245004026254136,42.856155576955636],[-75.244998299463859,42.856210322842152],[-75.244991994292818,42.856270602753597],[-75.245010531137495,42.856338716839645],[-75.245021926356202,42.85638058285339],[-75.245081978096621,42.856460601405736],[-75.245102206692152,42.856472881775638],[-75.24512307661422,42.856485551327559],[-75.245185651598092,42.856523529846939],[-75.245227005065331,42.85654863304638],[-75.245256428962961,42.856555870774159],[-75.245352956507801,42.856579611352863],[-75.245419976411739,42.856627648419455],[-75.245444450515095,42.856684436074289],[-75.245464674986749,42.856731369881793],[-75.245472975902601,42.856750634144497],[-75.245500173674259,42.856818422664944],[-75.24550249244308,42.856824200298782],[-75.245537614901522,42.856911738386181],[-75.245545172500258,42.856930578960281],[-75.24555802840483,42.856962618200704],[-75.245563940258634,42.857033657069152],[-75.245534007481211,42.857077576856206],[-75.245525992033436,42.85707999837053],[-75.245461018822169,42.85709961709469],[-75.245341012247465,42.857086634253378],[-75.245099944403307,42.857134608037754],[-75.245035148473008,42.85716034281176],[-75.245021969831996,42.85716557739751],[-75.244876994706701,42.857183625843021],[-75.244829005038056,42.857164033424638],[-75.244805586349088,42.857154472147471],[-75.244763850419503,42.857137433799508],[-75.244756969651988,42.857134623909637],[-75.244677986096278,42.857126596784362],[-75.244654502906386,42.857139335600429],[-75.244629984632013,42.857152636640691],[-75.244533967053741,42.857263605094232],[-75.244418974461325,42.857342648876411],[-75.244393495034046,42.857380094831832],[-75.244382954240962,42.857395584769819],[-75.244355178177244,42.857435347098352],[-75.244280954884914,42.85754159929229],[-75.244263240410476,42.857572132418596],[-75.244244964156337,42.857603633896908],[-75.244244944637259,42.857691615589864],[-75.244286999674344,42.857771580662551],[-75.244314631008336,42.857807375696773],[-75.244365006424957,42.857872635025785],[-75.244366049126143,42.857875457673828],[-75.244402987391013,42.857975576144966],[-75.24443694091832,42.858018636862063],[-75.244617961201229,42.858106593304854],[-75.244715836490613,42.858171357395101],[-75.244728597521615,42.858179800237515],[-75.244738967515957,42.858186661359341],[-75.244790480346197,42.858250734720094],[-75.244816955336177,42.858283665148896],[-75.244835015339319,42.858323230743729],[-75.244853008707921,42.85836265332339],[-75.244888945428144,42.858473611939054],[-75.244890057084319,42.858485026081269],[-75.244896871984906,42.858554900750796],[-75.244899392432131,42.858580741006627],[-75.244900937943115,42.858596598250543],[-75.24489737739286,42.858621739063103],[-75.244894627078935,42.858641149617156],[-75.244893097938842,42.858651950448341],[-75.244889032406974,42.858680642081275],[-75.244860419801157,42.858729888344811],[-75.24485304110901,42.858742585937605],[-75.244854473178819,42.858755310929126],[-75.244859007280056,42.858795614978114],[-75.244902602300343,42.858877941962149],[-75.244907491974914,42.858887173158344],[-75.244913024699315,42.858897620852986],[-75.244920967022495,42.858959206972528],[-75.244925021456652,42.85899062034909],[-75.244895009565028,42.859047595654872],[-75.244868260257022,42.859055781775801],[-75.244822997303402,42.859069633386959],[-75.244809656539275,42.859075669036386],[-75.244804932378059,42.859077807607648],[-75.244677244928496,42.859135566282596],[-75.244665985046439,42.859140662124737],[-75.244629941189672,42.859188648454548],[-75.244605934188883,42.859246603114336],[-75.244605967079963,42.859316663142167],[-75.244623464118561,42.859391861442788],[-75.24463249077894,42.859430661572077],[-75.24463476046401,42.859440410367768],[-75.244635977443622,42.859445645809593],[-75.244642005955214,42.859515604908438],[-75.244633402878307,42.859561573382862],[-75.244624980579829,42.859606593349959],[-75.244600016379877,42.859669594182762],[-75.244517647365498,42.859760725844779],[-75.244495617473802,42.859785099709782],[-75.244412933583547,42.859876575092052],[-75.244366687696626,42.859931346608398],[-75.244352988192006,42.859947572869771],[-75.244328965423477,42.860022140628288],[-75.244322998713187,42.860040662845073],[-75.244334956504972,42.860093590943848],[-75.244370446650521,42.860126523390193],[-75.244376978533353,42.86013258167543],[-75.244388680604445,42.860140667387839],[-75.244449268573149,42.860182520955675],[-75.244460930914968,42.860190577389339],[-75.244503933091494,42.860230650785546],[-75.244514511756307,42.860247519284435],[-75.244519914099257,42.860256131746169],[-75.244530564791035,42.860273121713817],[-75.24453399042234,42.860278586433296],[-75.244530149343078,42.860298463127364],[-75.244521993523307,42.860340655941833],[-75.244486405499941,42.860389650378643],[-75.244473409022262,42.860407542159159],[-75.244460999036377,42.86042462430833],[-75.244460440594139,42.860424928348969],[-75.244459884598626,42.860425232418216],[-75.2443470376015,42.860486646279639],[-75.244322987489809,42.860565582421899],[-75.244353014551194,42.860636661220944],[-75.244372918297245,42.860664028109092],[-75.244388536840816,42.860685503420044],[-75.244401012172673,42.860702657873212],[-75.244490985021372,42.860733622300394],[-75.244561913517643,42.860754415735791],[-75.244623953398659,42.860772600802449],[-75.244737937593527,42.860839629113549],[-75.244770925447554,42.860894730413861],[-75.244793019395672,42.860931632640366],[-75.244798968578309,42.861042657396354],[-75.24475603127074,42.861090561345321],[-75.2447559447195,42.861090659356215],[-75.244751538186392,42.861092758428299],[-75.244672005476772,42.861130640904868],[-75.244576002545529,42.861152640981182],[-75.244435349264975,42.861170315381067],[-75.244401038440273,42.861174624872376],[-75.244361179608717,42.861186684170519],[-75.244225955247032,42.861227588675355],[-75.244063952394711,42.861307633172139],[-75.243983561970168,42.861373894104609],[-75.243979340877971,42.861377375335863],[-75.243972929561565,42.861382660164999],[-75.243942257156732,42.861419659044344],[-75.243904946923024,42.861464663220396],[-75.243903407787869,42.861497705363881],[-75.24390099620706,42.861549593063309],[-75.243894944295164,42.861629660600052],[-75.243904063971755,42.86166415076277],[-75.24390612269616,42.861671939147783],[-75.243924022523643,42.86173964530353],[-75.244031781950085,42.861868581719847],[-75.244046031593172,42.861885630937813],[-75.244070858707275,42.861924649255805],[-75.244082428534909,42.861942828386503],[-75.244088035858155,42.861951642210421],[-75.244104866698208,42.861962502979139],[-75.244136018094679,42.861982606274964],[-75.244207997614069,42.861982632715254],[-75.244212946685067,42.861981252976058],[-75.244217501802382,42.861979982954672],[-75.244304962602314,42.861955592237649],[-75.244423604786022,42.861918889421027],[-75.244431020899654,42.861916599609501],[-75.244611946110794,42.861916661276013],[-75.24473698045739,42.861960612332879],[-75.244749337263102,42.861967014171256],[-75.244791895405811,42.861989077191602],[-75.244847007580674,42.862017647853939],[-75.244966993714812,42.862053594395668],[-75.245173252560178,42.862118056087922],[-75.245185766035519,42.86212196703373],[-75.24521997109251,42.86213266074445],[-75.245280022853265,42.862181608438711],[-75.245304941488143,42.862260623812787],[-75.245255957578195,42.862317641189108],[-75.245159932604395,42.862397633806907],[-75.245149765626323,42.862403377115207],[-75.245095094033786,42.862434263303946],[-75.245082005926889,42.862441655847228],[-75.244961026243061,42.862494596976319],[-75.24486911433624,42.862499333214366],[-75.24478601184569,42.862503616957405],[-75.244600236945175,42.862503652784063],[-75.244599942029311,42.862503652936027],[-75.24458736548759,42.862501356162355],[-75.244583790477151,42.862500703112708],[-75.244479032568762,42.862481579123596],[-75.24444065951532,42.862472810600401],[-75.244382971452154,42.862459630182691],[-75.244379936121774,42.862460504790867],[-75.244376903199168,42.862461381227611],[-75.244309748864552,42.862480742404166],[-75.244292978761564,42.862485576606836],[-75.244264091459996,42.862497491438731],[-75.24420803560534,42.862520609316938],[-75.244186765708662,42.862549512845142],[-75.24417199369519,42.862569583922486],[-75.244171723442236,42.862590237838738],[-75.24417096115512,42.862648655134265],[-75.244171030488658,42.862697641674373],[-75.244189040846507,42.862732634605756],[-75.244190799363082,42.862732972050239],[-75.244192557840776,42.862733311294647],[-75.244225873497868,42.862739699104075],[-75.244261935965497,42.862746615949327],[-75.244387986500513,42.862737613721954],[-75.244419029784723,42.862740716143144],[-75.244477996568662,42.862746607208663],[-75.244562949422857,42.862776592850182],[-75.244587008906436,42.862856600255633],[-75.244587026361572,42.862953587087638],[-75.244563033401036,42.863046662584381],[-75.244552375914068,42.863066148981297],[-75.244526935666315,42.863112657780057],[-75.244522805689897,42.86311514626599],[-75.244454027030869,42.863156579634662],[-75.244357983522562,42.863169663378663],[-75.24433402617818,42.863209607156506],[-75.244346025433927,42.863271626014019],[-75.244357983077833,42.863324644102377],[-75.244376298699194,42.863341393353579],[-75.244403021514046,42.863365832389228],[-75.244406019065892,42.863368576175304],[-75.244407050417138,42.863368700764163],[-75.244408081729517,42.863368827152975],[-75.24458703898334,42.863390613076753],[-75.24475593628685,42.863443654241493],[-75.244795845674275,42.86347615660501],[-75.244809974604138,42.863487661731725],[-75.244806258113655,42.863523457360415],[-75.244803961613002,42.863545581928449],[-75.244743028476165,42.863584612725802],[-75.244679437621883,42.863597580194664],[-75.244647316472523,42.863604129872925],[-75.244635021344592,42.863606638105146],[-75.244606725400416,42.863610306828363],[-75.244574365069766,42.863614503245721],[-75.244526981807127,42.863620646650553],[-75.244454037652915,42.863655652424399],[-75.244387933923591,42.863748640441024],[-75.244368818499083,42.863765548718064],[-75.244368506575114,42.863765825934564],[-75.244339845818033,42.863791180836991],[-75.244328037420857,42.863801627362406],[-75.244280042634699,42.863862605084542],[-75.244261942567263,42.863959632030394],[-75.244292006031657,42.864039625093845],[-75.244302617525378,42.864055284107302],[-75.24433399067658,42.864101582389857],[-75.244406041317504,42.864180584788365],[-75.244431349739898,42.864224732628735],[-75.24447199005327,42.864295622216581],[-75.244472136591966,42.864296202764159],[-75.244472281907235,42.864296783297434],[-75.244481973785525,42.864334952040679],[-75.24449001918245,42.864366635332857],[-75.244498242828854,42.864464245637095],[-75.244502989417924,42.864520598353835],[-75.244532932443803,42.864569611984223],[-75.244556715012067,42.864591680554099],[-75.244574952592728,42.864608606199099],[-75.244584443615778,42.864610037798677],[-75.244620574353135,42.864615489790822],[-75.244634972461625,42.864617663829421],[-75.24464500529551,42.864613730219396],[-75.244674200396773,42.864602281603538],[-75.244737033694463,42.864577642189502],[-75.244808815349572,42.864567086700397],[-75.244838950334838,42.864562656250612],[-75.244860908491617,42.86456563432111],[-75.244904970031172,42.864571609251385],[-75.245001993877395,42.864558615734744],[-75.245302952409517,42.864447654399086],[-75.245519963067579,42.864377579917893],[-75.245938121385919,42.864197103216839],[-75.246133939993314,42.864112583700077],[-75.246255941565948,42.864070626821011],[-75.24638058444512,42.864038392298845],[-75.24685605281141,42.863915421568493],[-75.246947989533012,42.863891643727797],[-75.246990659568425,42.863886719895298],[-75.247025935759311,42.863882649553879],[-75.24706431884978,42.863889024574505],[-75.2471099669159,42.863896606042616],[-75.247194016471767,42.863944604053401],[-75.247233346035202,42.863997368784929],[-75.247253873746814,42.86402490628172],[-75.247273027725072,42.864050604820328],[-75.247324222209642,42.864113211339252],[-75.247327163562701,42.86411680959057],[-75.247344991864523,42.864138612748611],[-75.247335816560764,42.864179057340252],[-75.247334112775746,42.864186563195403],[-75.247320934564868,42.864244656458688],[-75.247344968452765,42.864315656392577],[-75.247398513353545,42.864358206665464],[-75.247422949964729,42.864377625760994],[-75.247478040542433,42.864439641228145],[-75.247508467925869,42.864503415046762],[-75.247520014479477,42.864527622246442],[-75.24752601695829,42.864620634264433],[-75.247525932717409,42.86472158260532],[-75.247495938710671,42.864783606213159],[-75.2474469751931,42.864845577685742],[-75.247392968533688,42.864871628698374],[-75.247298369368195,42.864895609871191],[-75.247255022072622,42.864906597814382],[-75.247224634929992,42.864915343354447],[-75.247115992495281,42.864946613289469],[-75.247036998981557,42.865000633598285],[-75.247007964166187,42.865087598628982],[-75.247000114841981,42.865132193320349],[-75.246995370314139,42.86515913967083],[-75.246990009627908,42.86518957433541],[-75.246981349490881,42.865256776382509],[-75.246978017519197,42.865282628364923],[-75.246960042415424,42.865379652679792],[-75.246928931312652,42.865436633628363],[-75.24688453622872,42.865462530142473],[-75.246868962443017,42.86547161416356],[-75.246791032726193,42.865485647780538],[-75.246718961440777,42.865463653213517],[-75.246663976168634,42.865427660028956],[-75.246622022362175,42.865313653036438],[-75.246621983852847,42.86531339602756],[-75.246620082429118,42.865300282101842],[-75.24660974243082,42.865229018834334],[-75.246604022698563,42.865189600357681],[-75.246576086059633,42.865135420100927],[-75.246538018541457,42.865061594223405],[-75.246471998327422,42.864990595328045],[-75.246356942570145,42.864933656589962],[-75.24626098157681,42.864906579210135],[-75.246182932413362,42.864920617321744],[-75.24613996352258,42.864951594777907],[-75.246116038433357,42.864999644766641],[-75.246098854938353,42.865045598599302],[-75.246073038591987,42.865114645439476],[-75.246054881540601,42.865152407702794],[-75.246036974385589,42.865189647160868],[-75.246042993732303,42.865255644201525],[-75.246063108615346,42.865336140812346],[-75.246072971554227,42.865375621217169],[-75.246075694931704,42.865396118355783],[-75.246078020582189,42.865413611355656],[-75.246063499579876,42.865440247214643],[-75.24606002995715,42.865446608061248],[-75.246032981101408,42.865478637446842],[-75.245934969460919,42.865551609241813],[-75.245905047875041,42.86560066307235],[-75.245905012130592,42.865653613777802],[-75.245909113423949,42.865688054132477],[-75.245917046424651,42.865754628059584],[-75.245964984299178,42.865865648104467],[-75.246054930308262,42.865918586849752],[-75.246139988393978,42.865944613430116],[-75.246380023197617,42.865935629726678],[-75.246456541834107,42.865959961171292],[-75.246461876323721,42.86596165914662],[-75.246464970809427,42.865962643203609],[-75.24653101842037,42.866010587192577],[-75.246567037164382,42.866046622721761],[-75.246588857428648,42.8660625402376],[-75.246615040346754,42.866081638714164],[-75.246712016943604,42.866116639579793],[-75.246754043841079,42.866156623296412],[-75.246759969095436,42.866200646921385],[-75.246747942920578,42.866253624164557],[-75.246733475116869,42.866291012807224],[-75.246711952761743,42.866346637405179],[-75.246677439471426,42.866376422884784],[-75.246645946380056,42.866403602410301],[-75.246603980519538,42.866423051981116],[-75.24657898690441,42.866434635666643],[-75.246441033300286,42.866438623053561],[-75.246241977046125,42.866408615019772],[-75.246175989730375,42.866377597276163],[-75.246142732526295,42.866374864660067],[-75.246142544403085,42.866374848959474],[-75.24611433489325,42.866372531779774],[-75.246066998518685,42.866368646249313],[-75.245940958560382,42.866412591992024],[-75.245880951128427,42.86646963564047],[-75.245861944572212,42.866522628454462],[-75.245853315974841,42.866578044348273],[-75.245844033673649,42.866637662874396],[-75.245816397521907,42.866691193100436],[-75.245796047815688,42.866730608579992],[-75.245773666773729,42.866753693959929],[-75.245735939085947,42.866792605707737],[-75.245701278553383,42.866817672080984],[-75.245681984032146,42.866831624893742],[-75.245658041750204,42.86690659977824],[-75.245706031859896,42.866968635725556],[-75.245755972428668,42.867022414332965],[-75.245769977365057,42.86703749621266],[-75.24578398114302,42.867052575376441],[-75.24583198584385,42.867087592610083],[-75.245862015394906,42.867127602110834],[-75.245838021560218,42.867189609837403],[-75.245784035337053,42.867251594799427],[-75.245725755058814,42.867288514592943],[-75.245694034680909,42.867308610162354],[-75.245573031129766,42.867357588886037],[-75.245513939185045,42.867369637153871],[-75.245465017718644,42.867379612248968],[-75.245283952202087,42.867379641181607],[-75.245240879407234,42.86737606890474],[-75.245197807802356,42.867372498426001],[-75.245167834367535,42.867370011859109],[-75.245066947661414,42.867361643429199],[-75.24495901850193,42.867374661623074],[-75.244923590432734,42.867398405380705],[-75.244880022512447,42.867427601033803],[-75.244823516437037,42.867502898950896],[-75.244821391878617,42.867505732267965],[-75.244819984336473,42.86750760894639],[-75.244771938508009,42.867617666447757],[-75.244728060258012,42.867718348388316],[-75.244724014410508,42.867727632628664],[-75.244706019711501,42.867820606279579],[-75.244715055607458,42.867867412903479],[-75.244723011521273,42.867908640915033],[-75.244778035058673,42.867983627951375],[-75.244803698041338,42.868002728859032],[-75.244804075026991,42.868003009630755],[-75.244868038078948,42.868050615118044],[-75.244908117612056,42.868086877778701],[-75.244941020295357,42.868116647939829],[-75.244988940942832,42.868191649050807],[-75.244994024408115,42.868270615260883],[-75.244940979435825,42.86844759430123],[-75.244871014672569,42.86853815632432],[-75.244867068896369,42.868543261175596],[-75.244855961661997,42.868557637247022],[-75.24480832661655,42.868631660646273],[-75.244801936517817,42.868641594432887],[-75.244756245594743,42.868695703650239],[-75.244741985277869,42.868712592227368],[-75.244729847351181,42.868750646089168],[-75.244718041541518,42.868787658692369],[-75.244725233117208,42.868838152595529],[-75.244730001663015,42.868871651957512],[-75.244777938566742,42.868950615150375],[-75.244861977074436,42.868994652902202],[-75.244959010410099,42.869012635687987],[-75.24501551983127,42.869015005847693],[-75.245017454161655,42.86901508787561],[-75.245051565729838,42.869016518306125],[-75.245053167456447,42.869016587443014],[-75.245055006429908,42.869016664754689],[-75.245058250544261,42.869016337196356],[-75.245144954735338,42.869007644755719],[-75.245330680753071,42.868981542909218],[-75.245381645255577,42.868974382397901],[-75.245457949039661,42.868963658821762],[-75.245579048902243,42.868968620885546],[-75.245675013385025,42.868994622223354],[-75.245758984946889,42.869052616249078],[-75.245779573009017,42.869075080225919],[-75.245783054770257,42.869078879273324],[-75.245868049739286,42.86917161157217],[-75.245927983510668,42.869281616762905],[-75.245933491451538,42.869311284427845],[-75.245946000665484,42.869378657149241],[-75.245963997228017,42.869440663025706],[-75.245939946569749,42.869519602082143],[-75.245897978352758,42.869586602097392],[-75.245896292890748,42.869591543447569],[-75.24587994627602,42.869639590966784],[-75.24588859743794,42.869660683073562],[-75.245897993946528,42.869683587902969],[-75.245944103546691,42.869727456279534],[-75.24595796646237,42.869740643335781],[-75.245963630775492,42.869744197813489],[-75.246036026479231,42.869789643435929],[-75.246133019595533,42.869828608586445],[-75.246234986491757,42.869824606348246],[-75.246261882583212,42.869815442220087],[-75.246325948636184,42.869793613306307],[-75.246391995918628,42.869745653775567],[-75.246392164069377,42.869745404581614],[-75.246392332200742,42.869745156287593],[-75.246422636080922,42.869700299096152],[-75.246429001542282,42.869690876250417],[-75.246446035946533,42.869665659638265],[-75.246481660123308,42.869645281784095],[-75.246516104571228,42.869625580600946],[-75.246529951946172,42.869617662048512],[-75.246631002420642,42.869567642764117],[-75.246641938285919,42.869557000381334],[-75.246666975450168,42.869532626154324],[-75.246695709745907,42.869507688351042],[-75.246757992444486,42.869453635256306],[-75.246836013596166,42.869400603969183],[-75.24701595803748,42.869333577782449],[-75.247051133704531,42.869328865321833],[-75.247112992738764,42.869320578125276],[-75.247142074242831,42.869326390841159],[-75.247144521151156,42.869326880308655],[-75.247203048576125,42.869338576585861],[-75.247239044339011,42.869369655978794],[-75.247248811499446,42.869377612582433],[-75.247292962849571,42.869413577148897],[-75.247347270847882,42.86953901840711],[-75.247380867869538,42.869616632079655],[-75.247396020386631,42.869651635231584],[-75.247412890566821,42.869680199439685],[-75.24743793142143,42.869722596158468],[-75.247450078806054,42.869729826147832],[-75.247537824505216,42.869782051171548],[-75.247563964532873,42.869797605706673],[-75.247623293226496,42.869869155094385],[-75.247626027205612,42.869872451146449],[-75.247685017327711,42.869943589657353],[-75.247752177844518,42.870028357177581],[-75.247811018860645,42.870102621202385],[-75.247890196481691,42.870148067356411],[-75.247979992049551,42.87019960298877],[-75.248022770841629,42.870240297151803],[-75.248039969407046,42.870256659187021],[-75.248076003117191,42.870327632337037],[-75.248073280611521,42.870389083829387],[-75.248070950406884,42.870441648550994],[-75.248057933279128,42.870523625311577],[-75.248062003801905,42.870592598050706],[-75.248079292637016,42.870687543811869],[-75.248082033829732,42.870702599342266],[-75.248130034686284,42.870918621993006],[-75.248124043094521,42.871042638449929],[-75.248099981192027,42.871148592125365],[-75.248033993562373,42.871271655797827],[-75.248029887656003,42.871281863962167],[-75.248027866397052,42.871286888745637],[-75.247968045702606,42.871435603693996],[-75.247949040760986,42.871520655001341],[-75.247953033114769,42.871569636824994],[-75.247964495499545,42.871610982012847],[-75.247964961149108,42.871612658228933],[-75.247993542117015,42.87164315756651],[-75.248000753767968,42.871650852940505],[-75.248007996515739,42.871658581984384],[-75.248210121491923,42.871761545809768],[-75.24825663824268,42.871759536246437],[-75.248257177322444,42.871759793691304],[-75.248279171084775,42.87177032966035],[-75.248286009297431,42.871773606046133],[-75.248296344542851,42.871798609200802],[-75.248309999791815,42.871831636809162],[-75.248299864549168,42.871863213994587],[-75.248299473633864,42.871864429215947],[-75.24828593250551,42.871906613426525],[-75.248285358816887,42.871908131686425],[-75.248284783865813,42.871909651731997],[-75.248283629049851,42.871912692666037],[-75.248276158935425,42.871932426301449],[-75.248256004423524,42.871985655434948],[-75.248270290523536,42.872091157960782],[-75.248279979877267,42.872162645668176],[-75.248262004768137,42.872228604837694],[-75.248253773698181,42.872238386810757],[-75.248236757687209,42.872258605947273],[-75.248224958193248,42.872272624082839],[-75.248159032744184,42.872289609051542],[-75.248044304010676,42.872283733797609],[-75.247906027816995,42.872276652916248],[-75.247814266563282,42.872286111226487],[-75.24773200304125,42.872294590126501],[-75.247677333414472,42.872330595182873],[-75.247611967879678,42.872373645556536],[-75.247558565371094,42.872394589576835],[-75.247533000931483,42.872404615737693],[-75.247505758685008,42.872403229296268],[-75.247454995721625,42.87240064295635],[-75.24735080302068,42.872365907800727],[-75.247336874931491,42.872361261319092],[-75.247322957720883,42.87235662126421],[-75.247231982842976,42.87239156863906],[-75.247178019378254,42.872453651687231],[-75.247176810422758,42.872459822897092],[-75.247160011551188,42.872545630773885],[-75.247193962828817,42.872585896319734],[-75.2472017149735,42.872595088794043],[-75.247256943416417,42.872660620313155],[-75.247283099504159,42.872725462316254],[-75.247283738407518,42.872727049635969],[-75.247304941393608,42.872779637822909],[-75.247294671420036,42.872802508341152],[-75.247286966492396,42.872819660975544],[-75.247184501314507,42.87284925480288],[-75.247166026338661,42.872854590733482],[-75.246920013321187,42.872907623564103],[-75.246840929397734,42.872907613983052],[-75.24674497561675,42.87288557826281],[-75.246697046534649,42.872859701218054],[-75.246625061654257,42.872820835936473],[-75.24661913264697,42.872818075985002],[-75.246527950808655,42.872775642207671],[-75.24646737820747,42.872759721336749],[-75.246443991095219,42.872753574360566],[-75.246366127286365,42.87275811484281],[-75.246306047193343,42.872761617998492],[-75.246240284693428,42.872806266214511],[-75.246216063455975,42.87282271003923],[-75.246204453414521,42.872830591667217],[-75.246193947921128,42.872837595891617],[-75.246088932730757,42.872907605238524],[-75.245973598511952,42.872962822364727],[-75.245950974396663,42.872973653098242],[-75.245865977523792,42.872995638728867],[-75.245824023288534,42.873039660161083],[-75.245815497560642,42.873086579241203],[-75.245812041521646,42.87310560613809],[-75.245890017893103,42.873225652352239],[-75.246008658736287,42.873301968031505],[-75.246088987302997,42.873353639384646],[-75.246119997128531,42.873422646887555],[-75.246147052447483,42.873502541197453],[-75.246161987714643,42.873546651143812],[-75.246155992478464,42.873634642924891],[-75.246131958105693,42.873696660070713],[-75.246058986189965,42.873753634205336],[-75.245855048614402,42.87385465924929],[-75.245827598488816,42.873861849847501],[-75.245606478233086,42.873919777037941],[-75.245584013149255,42.873925662919845],[-75.245415955766987,42.874000593589862],[-75.245312994593704,42.874062583767227],[-75.245310381108666,42.874065604019236],[-75.245266409744971,42.874116430626309],[-75.245229013423327,42.874159660713424],[-75.245145003345371,42.874247641571586],[-75.244969975725155,42.874353649844323],[-75.24494453495609,42.874372110901604],[-75.244885963897318,42.874414614391775],[-75.244837733426849,42.874438733217488],[-75.244813998004929,42.874450603969493],[-75.244748261491111,42.874469625436944],[-75.244723998088659,42.874476646885562],[-75.244686035474501,42.87448229285188],[-75.244602970061749,42.874494646306729],[-75.244572435479782,42.874503238159861],[-75.244524939104295,42.874516604370577],[-75.244506140468332,42.874531895067285],[-75.244476973882769,42.874555617360357],[-75.244466965490474,42.874574931258735],[-75.244446937265451,42.874613577823148],[-75.244442129679712,42.874618556447352],[-75.244434276010509,42.874626690675392],[-75.244416968531212,42.874644621099279],[-75.244398110570998,42.874648444254667],[-75.244333034574723,42.874661638970352],[-75.24428573439917,42.874691281307413],[-75.244242049752501,42.874718657789764],[-75.244184946372386,42.874762813760917],[-75.244183409139239,42.874764905861461],[-75.244181873110207,42.874766998876268],[-75.244166584877235,42.874787822741666],[-75.244152036902236,42.874807638031818],[-75.244153768462681,42.874828140684627],[-75.244154599611178,42.874837984262456],[-75.244157947310114,42.874877591997333],[-75.24414265765904,42.874898479757142],[-75.244125264157987,42.874922247867921],[-75.244124469597409,42.874923333223329],[-75.244123639762748,42.874924464976779],[-75.244109018980311,42.874939212147545],[-75.244057426389986,42.874991250816208],[-75.244056739487164,42.874991942240072],[-75.244056051360673,42.874992633649633],[-75.24405914691593,42.875024203194457],[-75.244060595355705,42.875038950216961],[-75.244062030419101,42.875053580056083],[-75.244110018905786,42.875080585049389],[-75.2441639968457,42.87507660387255],[-75.244186588459058,42.875069307328083],[-75.24425110565231,42.875048467909764],[-75.244253325468264,42.875047752106816],[-75.24425555025654,42.875047032761188],[-75.24434497671416,42.875049652381961],[-75.244395812559148,42.875078283926513],[-75.24439700849733,42.875078956865963],[-75.244423022503909,42.875093612227765],[-75.244447734846631,42.875136147053141],[-75.244459027960275,42.87515557776203],[-75.244453728409852,42.875178949049236],[-75.244446993420098,42.87520864820123],[-75.244434580399414,42.875231445674409],[-75.244434274504002,42.875232007426142],[-75.244423035465999,42.875252643730711],[-75.244409226488273,42.875263299994366],[-75.244400954062669,42.87526968292083],[-75.244388978625508,42.875278921198188],[-75.244334422563384,42.875321007753058],[-75.244309026508347,42.875340599847107],[-75.244261086445462,42.87539052533463],[-75.244211974421503,42.875441664973032],[-75.244082641984974,42.875601665150235],[-75.24407526862241,42.875610786196077],[-75.244056000732826,42.875634623284654],[-75.243931972543123,42.875853623644176],[-75.243850907336451,42.875923190950999],[-75.24382593125938,42.875944624270097],[-75.243808013650394,42.87599661756137],[-75.243822568203996,42.876044356569984],[-75.243833940964791,42.876081660963152],[-75.24382311778983,42.876118758740574],[-75.243817036444995,42.876139610170661],[-75.243700968454647,42.876237647283659],[-75.243675386389981,42.876264112830768],[-75.243613048046939,42.87632860590832],[-75.243585995411465,42.876484639796089],[-75.243523939377354,42.876646603240765],[-75.2435128346483,42.876705467373149],[-75.243497023285286,42.876789294942178],[-75.243496955535576,42.876789654231644],[-75.243426027402023,42.876874638874234],[-75.243407262197991,42.876878949060483],[-75.243142946478613,42.876939648864102],[-75.242858953488295,42.877049645169237],[-75.242734003085658,42.877160586143027],[-75.242721388744073,42.877169964393282],[-75.242664030777547,42.877212606954075],[-75.242583992945043,42.877251592774208],[-75.242544064229918,42.877251628317467],[-75.242504042593069,42.877251659157523],[-75.242433074966485,42.877290619682228],[-75.242396949622048,42.877355631581736],[-75.242380030359172,42.877446623348028],[-75.242414941078891,42.877543618992128],[-75.24243797049283,42.877573130144981],[-75.242462380260491,42.877604409262673],[-75.242485945646877,42.877634607239486],[-75.242593028163569,42.877714619600823],[-75.242671985528517,42.877771634385624],[-75.230569975450791,42.878693398057599],[-75.222090357523697,42.879268787579875],[-75.220202592839783,42.879398843308749],[-75.215768536799317,42.879704198820264],[-75.212125432552824,42.880031378903887],[-75.211498003478653,42.880059660701605],[-75.209438733376459,42.880122059975136],[-75.208329651363897,42.880190803978401],[-75.206680453707989,42.880293004758535],[-75.20161084468198,42.880652597143104],[-75.201620302277504,42.880753328037336],[-75.202038274478667,42.885204851666131],[-75.202060629433348,42.88544290841071],[-75.202620325982664,42.891402741390664],[-75.202620331158684,42.891402783762643],[-75.202620333806564,42.89140282970493],[-75.202952462035995,42.894852132699597],[-75.20327364955223,42.898187510928011],[-75.203273654548497,42.898187561399567],[-75.203273657136791,42.898187610041632],[-75.203332206406756,42.898980725676644],[-75.203389234388737,42.899753279341674],[-75.203389239485574,42.899753325313384],[-75.203389244401748,42.899753379384741],[-75.203633385418854,42.902175536116097],[-75.20373176020837,42.903151434389621],[-75.203731764402505,42.903151520859467],[-75.20406386545244,42.906548673334662],[-75.204319661251077,42.90916497576449],[-75.204907670052719,42.915178404339599],[-75.204907677881991,42.915178492653425],[-75.205589205547369,42.922248101217839],[-75.206068313002206,42.92721696157021],[-75.206068319126871,42.927217016555943],[-75.206068322962665,42.927217064312572],[-75.206698416944349,42.933908976579204],[-75.207263445249609,42.939908598111444],[-75.207328649386113,42.94060089070242],[-75.20732865454859,42.940600933973855],[-75.207328657181051,42.940600980815688],[-75.207339885451006,42.940717217626876],[-75.207905658056873,42.946573723672365],[-75.208966880627656,42.957555744257832],[-75.20896688549189,42.95755580102842],[-75.208966888546684,42.957555828971053],[-75.208966890396241,42.957555855999068],[-75.209006327222198,42.958026466193253],[-75.209903038127536,42.966868843386685],[-75.209944421862403,42.96727576395736],[-75.209962242197093,42.967450894944939],[-75.210002056550437,42.967844420677558],[-75.210534518058907,42.972608889396177],[-75.211021654646217,42.976967755355076],[-75.211137958452397,42.978007673212787],[-75.21146794542058,42.981183512256464],[-75.21149791443861,42.981471906973312],[-75.211953895446555,42.985861256834774],[-75.212126279025526,42.987521598076341],[-75.212621592570812,42.992289026803064],[-75.213061154555305,42.996519372276332],[-75.213144684512059,42.99732327111284],[-75.213447845647977,43.000240110202327],[-75.213684638269086,43.002182126723454],[-75.213729249015188,43.002547514349473],[-75.213773013153784,43.003004690118445],[-75.213769022530883,43.003127615927504],[-75.213793968532968,43.003315686160434],[-75.213831942554691,43.003616655235071],[-75.213949592729307,43.004352992339705],[-75.21402496215191,43.004824686202454],[-75.214066999756341,43.005058648885878],[-75.214247972563015,43.006645635766731],[-75.214302936255834,43.006961611344167],[-75.214429629498866,43.007582765362685],[-75.21452201243298,43.008035687164508],[-75.214694043651065,43.009022680205007],[-75.214868386884191,43.010272091928179],[-75.214883950551609,43.010383621075114],[-75.214895805603859,43.010440152253601],[-75.214969296870009,43.010890583614547],[-75.214972781960739,43.0109926693926],[-75.215048515411198,43.013211020774264],[-75.215098428146902,43.013664892186725],[-75.215098431186604,43.013664921028997],[-75.215098432999937,43.013664949856583],[-75.215098440285743,43.013665008455717],[-75.215221448215971,43.014890983428785],[-75.21529130895928,43.015587244588872],[-75.215962977331486,43.022280513220061],[-75.215990228408842,43.022552089374543],[-75.21599023354284,43.022552134445057],[-75.215990238517051,43.022552186715124],[-75.216073510576763,43.023366256278457],[-75.216953693052602,43.031970226591866],[-75.216953700421769,43.031970281590965],[-75.216953704330336,43.031970326646743],[-75.217672052739957,43.03936317434907],[-75.217814512030372,43.040829068431542],[-75.218918989319718,43.052191607939029],[-75.218941737468825,43.052425598127378],[-75.216216277542117,43.05543435314118],[-75.212877801815225,43.059119354420503],[-75.21234004736921,43.059712875578008],[-75.212206800539093,43.05985993972871],[-75.209846053491518,43.062407070586808],[-75.209097473819355,43.063214696250917],[-75.207856218099408,43.064553803802241],[-75.206937088208548,43.065562611036547],[-75.205984949070782,43.066586931137145],[-75.205852419591679,43.066729383793614],[-75.203232360158708,43.069547914851377],[-75.202088104604186,43.070778753819745],[-75.201434703564203,43.071481503587691],[-75.201395874569144,43.071523219563048],[-75.201361154723145,43.071560638206876],[-75.201339541605179,43.071583932058701],[-75.201279619206886,43.071648372906068],[-75.201233610544449,43.071697854335731],[-75.200601270515293,43.072377910823484],[-75.200062888846716,43.07295720069277],[-75.199962214502676,43.073065390879087],[-75.199810380049286,43.073228748948033],[-75.199810183731884,43.073228960815989],[-75.199809983650809,43.073229176239131],[-75.199809851517998,43.07322931866949],[-75.199663054751568,43.073387253582283],[-75.199429338801068,43.073638569944677],[-75.199315474398034,43.07376100641725],[-75.199108118731161,43.073984173809862],[-75.198905795355671,43.074201914235935],[-75.198802233447239,43.0743134990012],[-75.198576175390158,43.074556674130953],[-75.198346284860349,43.074803918011654],[-75.198335016264224,43.074816128412976],[-75.198099815511313,43.075070509807354],[-75.197669678801716,43.075536201064288],[-75.197220553838434,43.076023957060592],[-75.195964364517693,43.077388167314275],[-75.195964218497394,43.077388325774798],[-75.195772906379787,43.077596085050402],[-75.195646765534647,43.077733114647657],[-75.195612201164082,43.077770620697969],[-75.192699237125836,43.077708427003429],[-75.186100912411675,43.076492673434672],[-75.183570926485643,43.075897622761566],[-75.182557391728295,43.075556609936243],[-75.182503205405212,43.075625386016902],[-75.181870566687721,43.076428324366979],[-75.182909102708123,43.076705474909524],[-75.179400626718191,43.080987638193974],[-75.179400496627593,43.080987795928479],[-75.179400274284347,43.080988067753275],[-75.178409651207176,43.082197017167545],[-75.178411508965809,43.082197836633163],[-75.18143912475189,43.083534462296363],[-75.18282938129552,43.081828281213433],[-75.1853684958879,43.083068625058964],[-75.185316554561552,43.083135129867387],[-75.184191052182101,43.084576153371842],[-75.184193690438036,43.084577220833943],[-75.184686555367477,43.084776750886427],[-75.184632031425522,43.084842720593294],[-75.182235784819625,43.087741821727619],[-75.182247104467677,43.08774399743826],[-75.185704810362978,43.088408500788312],[-75.185644147333377,43.088474181700235],[-75.185640284096038,43.088478365319304],[-75.185560187924636,43.088564158095309],[-75.184742941898222,43.089440457787951],[-75.183980481409321,43.090257987652741],[-75.183805885501584,43.090445172793729],[-75.183482592491544,43.090791733238447],[-75.183356198351561,43.090927374821852],[-75.183087343520569,43.091215611013439],[-75.182516526180763,43.091827684790424],[-75.182206171895615,43.092160339245559],[-75.182127744408319,43.092244436055402],[-75.181826976127752,43.092566916081132],[-75.181604878584338,43.092804960722539],[-75.181531485106248,43.092883631336235],[-75.181467675190703,43.092952472424358],[-75.180757870849263,43.093716829264523],[-75.180646802460487,43.093836536263176],[-75.179914424448882,43.094625303580607],[-75.17981918423591,43.094727868395175],[-75.179776864431048,43.09477344074125],[-75.179776753614789,43.094773560004832],[-75.179675731560636,43.094882347768696],[-75.179399372559345,43.095180085107835],[-75.178480672426787,43.096195318034596],[-75.17713332228233,43.097667133863133],[-75.176416919524826,43.098449682353511],[-75.176011142456332,43.098889523960878],[-75.175530241529898,43.099411095231559],[-75.173899604961377,43.101178579133538],[-75.173662500591291,43.101435629071446],[-75.173255481897613,43.101876817175544],[-75.172971577068481,43.102184390609573],[-75.172946809448788,43.102211058900686],[-75.1729466809781,43.102211196843378],[-75.171370778813809,43.103907894321857],[-75.170361275265236,43.104994717267438],[-75.17028256459075,43.105079487249604],[-75.169819157825444,43.105578957155117],[-75.168832313413645,43.10664299910917],[-75.167964715217408,43.107578522186472],[-75.167895359412114,43.107653117269408],[-75.167826493890246,43.107726688580975],[-75.167002478602527,43.108607869024212],[-75.166748356198397,43.108879783970103],[-75.166616618618391,43.109020484821102],[-75.166322661473174,43.109334776979296],[-75.16607046024528,43.109604314319014],[-75.165866486426879,43.109822316213943],[-75.165698263336807,43.11000234780964],[-75.165526925554886,43.110185428131999],[-75.165359185474273,43.110364780171558],[-75.165189998456597,43.11054582794447],[-75.165020334496788,43.110727214311972],[-75.164849711082013,43.110909615617629],[-75.164682448400157,43.111088285726105],[-75.164509903469096,43.111272722270151],[-75.164342156174811,43.111452072685651],[-75.164161447470846,43.111645323607043],[-75.163997778423621,43.111820264654853],[-75.163848747180268,43.111979611618892],[-75.163698035727961,43.112140652355684],[-75.163552840743918,43.112295930053534],[-75.163405968030318,43.112452901560708],[-75.16322957754501,43.112641403061112],[-75.162915906003107,43.112976706186174],[-75.162767585136933,43.113135373691762],[-75.162615192162903,43.113298106902775],[-75.162466152503782,43.113457450108463],[-75.162313748756674,43.113620525736707],[-75.162158949877082,43.113785972152925],[-75.162024078260657,43.113929716208467],[-75.161880319688279,43.11408329384566],[-75.161705126391865,43.114270092980803],[-75.161428171314171,43.114565720434676],[-75.161290650134802,43.114712517347826],[-75.161049802715752,43.114969600067859],[-75.161035329390558,43.114985098368777],[-75.161035252104597,43.114985199126984],[-75.161026860403851,43.11499419640333],[-75.161026794694294,43.114994274801241],[-75.161026728963876,43.114994354099068],[-75.160737963544122,43.115337683254985],[-75.159342772879072,43.116831564398524],[-75.157012108586798,43.119331775891744],[-75.151454422456212,43.126156093021734],[-75.151166414931708,43.126509517341773],[-75.149334335479537,43.128710712598533],[-75.149005044083353,43.129106485998285],[-75.148274911715831,43.12998355727796],[-75.147486458032773,43.130930886025709],[-75.147227126741583,43.131242374695809],[-75.144313195989085,43.134620043906665],[-75.142365207403856,43.136903367440254],[-75.13946596986743,43.140271823306989],[-75.139192475101822,43.140589730575208],[-75.138818832912222,43.141023666712698],[-75.137926652599845,43.142146931760557],[-75.137178282570375,43.143088863055297],[-75.136850061109328,43.14350210304017],[-75.136398266830625,43.144070858553896],[-75.136317414458588,43.144172726362839],[-75.135587804615852,43.145091145036439],[-75.133971871553925,43.147169745723573],[-75.130788196431354,43.151169356284896],[-75.13078542111964,43.151172801072491],[-75.13072002780558,43.151273660246204],[-75.13068192033009,43.151339709136565],[-75.130643909742489,43.15139533266472],[-75.130640968958488,43.151399637702745],[-75.13048778352524,43.151579067804988],[-75.130487218219727,43.15157973214648],[-75.130301993156479,43.151796687912004],[-75.127593034825168,43.155169728737476],[-75.127213940471904,43.155641722172881],[-75.126536215392932,43.156423852858786],[-75.126519918327233,43.156442662125585],[-75.126518039131511,43.156445423293221],[-75.126443029684594,43.1565556667531],[-75.12638609268673,43.156666035918221],[-75.126359968672517,43.156716675729825],[-75.126092642456143,43.157025342154022],[-75.125217230954036,43.158036101406616],[-75.125022561396406,43.158275879343549],[-75.124742200991932,43.158642131574055],[-75.123168182159006,43.160581696598847],[-75.122870648938942,43.160948248753513],[-75.122437299986629,43.161482228369756],[-75.120472444475979,43.163903026016591],[-75.115539956494942,43.16997915726747],[-75.115455675501664,43.170082974928839],[-75.114212658081371,43.171614073901019],[-75.114126216685364,43.171720862129355],[-75.112616862154894,43.173585848407406],[-75.108737689929399,43.178378432958652],[-75.106587602297864,43.18102736683965],[-75.106560514436822,43.181060780228428],[-75.105621617290169,43.1822078763877],[-75.105483847475938,43.182376321615379],[-75.102703201359432,43.185764892591486],[-75.099866197557574,43.189233260769676],[-75.096597822548304,43.19322856640796],[-75.094749641172626,43.195490531305694],[-75.092199161019067,43.198611491939758],[-75.089066304805712,43.202444674120137],[-75.087968795469649,43.2037847326784],[-75.087406014548549,43.204480353912757],[-75.085141546021205,43.207279462787881],[-75.083882510187721,43.208813284906057],[-75.083136301284597,43.209739332829187],[-75.083133982928004,43.209742088393405],[-75.083020143509259,43.209875744101232],[-75.083005546328039,43.209893995851431],[-75.081937711074062,43.211233273747958],[-75.079729853418854,43.214003740701415],[-75.079601196732582,43.214159076283181],[-75.079034870214812,43.21484275497869],[-75.077458773221409,43.216791974078617],[-75.077326601064883,43.216948695565982],[-75.07626231545197,43.218255319427712],[-75.074786682787163,43.22006124900097],[-75.071219782454094,43.22453443842025],[-75.070521237707212,43.225410383248089],[-75.069869611429311,43.226239613734521],[-75.069225215552095,43.227037501060273],[-75.069185686151997,43.227086398666231],[-75.069109961483733,43.227180181903208],[-75.069044683937221,43.227262029700661],[-75.068994241893463,43.227323495568179],[-75.069068860063609,43.227327814047293],[-75.069071189412142,43.227327949303842],[-75.069083102323674,43.227328912656844],[-75.069274491234509,43.227344401303],[-75.069623352282832,43.227336385267385],[-75.070194464695746,43.227228405391998],[-75.070696274469555,43.22721133488686],[-75.071137699610034,43.227241819859117],[-75.071529029847596,43.227305754853482],[-75.072116556233041,43.227476103312107],[-75.072159048568281,43.227492535281009],[-75.072217565794489,43.227515942677442],[-75.072275363420488,43.227540028251177],[-75.072332430582392,43.227565132116268],[-75.072389012001082,43.227590915449866],[-75.072445118586487,43.227617036340057],[-75.072500493503568,43.227644174608272],[-75.07255515005663,43.22767199107497],[-75.072609085852008,43.227700483009144],[-75.072662535909245,43.227729654416059],[-75.072715024117642,43.227759842865218],[-75.072767035080261,43.227790367043994],[-75.072818090202134,43.227821565389632],[-75.072868668100725,43.227853098566719],[-75.072918282899963,43.227885649673944],[-75.072967178153959,43.227918877171611],[-75.072975482062205,43.227924473238005],[-75.07300815254564,43.227949941411943],[-75.073040346966792,43.227975746247161],[-75.073071829097174,43.228001882824472],[-75.073102600100356,43.228028353860289],[-75.073132892557055,43.228055162426152],[-75.07316246548659,43.228082645597048],[-75.073191328496364,43.228110464144159],[-75.073219475477359,43.228138616186932],[-75.073247148899796,43.228167103126999],[-75.073254717423893,43.228175163974477],[-75.073273884615034,43.228195578580198],[-75.073300133294154,43.228224735311116],[-75.073325669700793,43.2282542228888],[-75.07335049372324,43.228284045813012],[-75.07337460911927,43.228314201433307],[-75.073397775922246,43.22834468658229],[-75.073420476308087,43.228375167369414],[-75.073442453447797,43.228406323617818],[-75.073463494081338,43.228437469299386],[-75.073484057481025,43.228468948933518],[-75.073503674699836,43.228500759930682],[-75.073522345714451,43.228532903191152],[-75.073540546703924,43.228565038443648],[-75.073557805223274,43.22859750420924],[-75.07357434895448,43.228630302593579],[-75.073590188777075,43.228663092584007],[-75.073605318665315,43.228696217958309],[-75.073619502431512,43.228729671998543],[-75.073632748493324,43.22876311365961],[-75.073645524478565,43.228796549114229],[-75.073657120478686,43.228830311949139],[-75.073668239145135,43.228864412339313],[-75.073677049976268,43.228893913108926],[-75.073678420101928,43.228898500351264],[-75.073687664600328,43.228932575101602],[-75.073696195485297,43.228966984289073],[-75.073704023724517,43.22900138330143],[-75.073710913039974,43.2290357690202],[-75.073717092407932,43.229070490125039],[-75.073722342542879,43.22910485510765],[-75.073726646472707,43.229139551458104],[-75.07373023682581,43.22917458044671],[-75.073733134196644,43.229209257331668],[-75.073735084149732,43.229244264668537],[-75.073736104817897,43.229278917683196],[-75.073736287192034,43.229290579723383],[-75.07374836549819,43.229371335802092],[-75.073758326115225,43.229452405985],[-75.073766177475534,43.229533448327224],[-75.073772377535079,43.229614810930109],[-75.073776468322336,43.229696145692792],[-75.073778683625079,43.229777456601241],[-75.073779023458101,43.229858742755596],[-75.073777252764174,43.229940001053485],[-75.07377382576594,43.230021581346769],[-75.073743084261594,43.230268692307952],[-75.073743078161755,43.230268739935347],[-75.073743069489581,43.230268792029534],[-75.073710376098077,43.230488791724007],[-75.073699026576875,43.230565161793137],[-75.073595206076661,43.230799301009284],[-75.073575245548824,43.230837261457573],[-75.073547527335236,43.230886624302563],[-75.073518871323259,43.230935974760854],[-75.073489050921879,43.230984966883817],[-75.073457833491844,43.231033599399673],[-75.073425692770101,43.231081532003969],[-75.073392391322542,43.231129107218592],[-75.073357680771025,43.231176662019756],[-75.073322058991664,43.231223177709651],[-75.073285499399717,43.231269681006353],[-75.073247550068771,43.231315479128625],[-75.07320867259628,43.231360922926697],[-75.073168636744924,43.231405664602626],[-75.073127672771761,43.23145005105242],[-75.073121897796241,43.23145608591021],[-75.073016552718911,43.231602267085634],[-75.072815698890309,43.231789706268181],[-75.072552811509027,43.231975998946538],[-75.072523918799334,43.231975581290847],[-75.072125244625965,43.232056678252306],[-75.071905283132295,43.232038948078518],[-75.071720180578097,43.232026204143452],[-75.071040323596506,43.232013412855906],[-75.070495387341921,43.232064356750207],[-75.070428940502509,43.232070569205121],[-75.070276253434784,43.232137033626437],[-75.070183023411388,43.232177618457989],[-75.06999690061663,43.23232985909371],[-75.06982926548487,43.232536502412657],[-75.069705175701287,43.232753416365355],[-75.069716864247354,43.232957199969206],[-75.069728066760518,43.233152521137512],[-75.069855259215899,43.233457377040068],[-75.069986192825624,43.233614406795105],[-75.070204168501874,43.233799899373679],[-75.070801583538795,43.234020661330355],[-75.071368782594718,43.234210908962545],[-75.07241185138507,43.234505684291733],[-75.07311451763286,43.23477136020108],[-75.073511431189942,43.23478825737655],[-75.073656395337409,43.234794425024447],[-75.074082071772054,43.234754771783308],[-75.07484405855493,43.23454436168646],[-75.075086143402189,43.234363598162048],[-75.075763877181899,43.2338575233074],[-75.07585959743605,43.233786045749632],[-75.077042683393941,43.233164703016527],[-75.077106275925615,43.233129051171822],[-75.077197260013889,43.23307826123839],[-75.077216270434306,43.233069917854856],[-75.077313992797855,43.233025247556085],[-75.07741056992009,43.232979535024484],[-75.077506006638046,43.232932433769314],[-75.077600298130847,43.232884289387066],[-75.077693450398868,43.232834758102705],[-75.077785456272011,43.232784180981007],[-75.077876322869812,43.232732218762273],[-75.077965806732095,43.23267920940124],[-75.078053911571928,43.232625152049863],[-75.078077685270301,43.232610087689444],[-75.078140867459368,43.232570052439499],[-75.078226451552268,43.232513561082975],[-75.078263648199879,43.232488669966905],[-75.078288328212992,43.232467389358327],[-75.078313477142117,43.232446113114314],[-75.078339076813378,43.232425529609365],[-75.078365145356045,43.232404952268112],[-75.078391909391414,43.232384727028879],[-75.078418891615385,43.232365189667448],[-75.078446341435338,43.232345660252271],[-75.078474478354863,43.232326823983968],[-75.078502849085666,43.232307990784896],[-75.078531915242664,43.232289512385478],[-75.078561199634038,43.232271720062805],[-75.078590951665319,43.232253933884955],[-75.078621156924456,43.232236839575435],[-75.078651821320634,43.232220096955352],[-75.078682712389352,43.232203697565232],[-75.078714063870578,43.232187648080412],[-75.078745875786623,43.232171947600648],[-75.07877790589616,43.232156934995565],[-75.078810403601906,43.232141930332681],[-75.078815855462452,43.232139601350951],[-75.07884033151025,43.232126547100101],[-75.078865042584127,43.23211349683563],[-75.078890205641898,43.232101139324648],[-75.078915603792396,43.232088783100103],[-75.078941218846921,43.232077117436639],[-75.078967301613673,43.23206545521878],[-75.078993603746667,43.232054483593977],[-75.079019905870325,43.232043511962978],[-75.079046902242069,43.232032893313736],[-75.079073881758859,43.232022959449786],[-75.079101096347443,43.232013027770904],[-75.079128536299095,43.232003442906304],[-75.07915620286704,43.231994203972164],[-75.079184085157053,43.23198565378177],[-75.079212202519642,43.231977105775819],[-75.079240539253121,43.231969248361622],[-75.079269108598353,43.23196139309912],[-75.079297897381991,43.231954225728515],[-75.079326684884137,43.231947060134047],[-75.079355690595236,43.231940582415064],[-75.079384920487001,43.231934449693142],[-75.079414144358211,43.231928661641618],[-75.07944360086492,43.231922874841231],[-75.079473267107161,43.231918120561382],[-75.079502934553503,43.231913367189804],[-75.07953259237776,43.23190895484047],[-75.07956247678041,43.231904890219539],[-75.079592578188866,43.23190151255708],[-75.079622679572026,43.231898135786501],[-75.079652764090895,43.231895444699823],[-75.079683075256824,43.231893098641535],[-75.079713142888295,43.23189109413066],[-75.079736629289798,43.231889688107003],[-75.079772550210336,43.23188810168557],[-75.07980825288675,43.231885828270585],[-75.079843955582902,43.231883553944598],[-75.079879676388202,43.231880593031789],[-75.079915177715918,43.23187694510959],[-75.07995068029247,43.231873296292605],[-75.07998619851405,43.231868960856559],[-75.080021492518739,43.23186428130591],[-75.080056567108699,43.231858912046782],[-75.080091652582311,43.23185319996314],[-75.080126744016198,43.231847144990269],[-75.080161376239289,43.231840740114485],[-75.080196022804913,43.231833651303404],[-75.080230446468732,43.231826214795412],[-75.080264643449766,43.231818434141516],[-75.080298623493576,43.231809962912664],[-75.080332609471569,43.231801149695045],[-75.080366136190747,43.231791988375662],[-75.080399671370785,43.231782482400497],[-75.08043274606041,43.231772628307908],[-75.080465603764878,43.231762085440998],[-75.080498234848832,43.231751195729963],[-75.080530640498196,43.231739960990879],[-75.080562819503996,43.231728380307921],[-75.080590040900674,43.231718106306253],[-75.080646595489739,43.231697586028702],[-75.080702696776513,43.231676373854086],[-75.080758347242949,43.231654468915515],[-75.08081332021051,43.231631527079237],[-75.080867831425138,43.231608237094001],[-75.080921890584747,43.231584254330699],[-75.080975271076468,43.231559231956403],[-75.081027957194991,43.231533859279935],[-75.081080191232829,43.231507794727548],[-75.081131739362959,43.231481035228754],[-75.081182600353799,43.231453580768296],[-75.081232775435168,43.231425431363228],[-75.081282262144953,43.231396586982129],[-75.081331289600712,43.231367392691375],[-75.081379396067035,43.231337501271554],[-75.081426815390813,43.231306914894439],[-75.08147331499913,43.231275629606841],[-75.081519361244546,43.231243654233786],[-75.081564479398153,43.231211320998582],[-75.081608900691251,43.231178638339266],[-75.081652410709836,43.231144913027087],[-75.081695226395482,43.23111083562528],[-75.081737111418718,43.231076404832258],[-75.08175315625364,43.23106289630546],[-75.081827568771018,43.231031292311684],[-75.081902435738925,43.231000379248428],[-75.081978205466953,43.230970850713561],[-75.082054660991062,43.230942017043617],[-75.08213156130347,43.230914218030811],[-75.08220937405477,43.23088745981196],[-75.082287637599208,43.230861391569498],[-75.082366572513678,43.230836706611626],[-75.082446192028428,43.230812715596308],[-75.08252624916372,43.230790102095142],[-75.082606989652589,43.230768183417801],[-75.082687933946914,43.230747639184749],[-75.082769562853855,43.230727788889723],[-75.082815537515842,43.230717249105425],[-75.083015841552836,43.230660762170444],[-75.083213017092106,43.230640509867079],[-75.083258867039461,43.230635801235771],[-75.08397011882812,43.230562745706244],[-75.084419283224818,43.230516607966109],[-75.08454851957751,43.230515127640061],[-75.084867295819279,43.230488811915556],[-75.084926175314976,43.230478607778522],[-75.084985263391175,43.23046943611444],[-75.085044576850692,43.230460611229297],[-75.085104100191984,43.230452816133045],[-75.085163848919805,43.230445367815115],[-75.085223572437016,43.23043894800643],[-75.085283739643742,43.230433561948402],[-75.085343665828844,43.230428516559044],[-75.085377151582037,43.230426293380482],[-75.085404034433395,43.230424506703329],[-75.085464385049093,43.230421180693689],[-75.08552472005114,43.230418542161807],[-75.085585031110753,43.230416931255185],[-75.085645566385026,43.230415665309444],[-75.085706076446897,43.23041542877241],[-75.08576656971735,43.230415877897336],[-75.085827039011448,43.230417356447219],[-75.08585493054845,43.230418063682393],[-75.085892239044881,43.230426784010731],[-75.08592929573139,43.230436186043839],[-75.085966111443128,43.230445927867123],[-75.086002917563661,43.230456011609746],[-75.086039239218934,43.230466776712497],[-75.086075317462004,43.230477880674044],[-75.086111152249273,43.230489325294307],[-75.086146736484082,43.230501450737108],[-75.086182077264397,43.230513916839136],[-75.086217167449817,43.230527065563876],[-75.086251788752463,43.230540209040704],[-75.086286158252761,43.230554034224923],[-75.086312391422979,43.230565009249922],[-75.086332561550634,43.230574533085232],[-75.086353199330432,43.230584063037753],[-75.086360559578949,43.230587337798291],[-75.086373845509272,43.23059325013957],[-75.086394732569005,43.230602101934117],[-75.086415869432301,43.230610605935993],[-75.086437236366578,43.23061911564546],[-75.086458855122743,43.230626943632949],[-75.086480472653889,43.230634771600322],[-75.08650256866801,43.230642263768779],[-75.086524663479068,43.230649755017062],[-75.086546777540121,43.230656560599158],[-75.086569358021976,43.230663372280773],[-75.086591956500342,43.230669499179754],[-75.086614555027339,43.230675624274625],[-75.086637629596694,43.230681412637516],[-75.086660478694142,43.230686856888731],[-75.086683564080417,43.230692304227297],[-75.086706898867106,43.230697068010699],[-75.086730232426888,43.230701831773281],[-75.086753820286731,43.23070591294475],[-75.086777405688537,43.230709994079213],[-75.086800999483827,43.230713732361735],[-75.086824837978966,43.230717129984015],[-75.08684868361415,43.230720185637999],[-75.086872530460482,43.230723242202984],[-75.086896626703535,43.230725615212066],[-75.086920498767327,43.23072764142595],[-75.086944603403651,43.230729671577784],[-75.086968717639621,43.230731359793417],[-75.086992847446709,43.230732361393677],[-75.08701697848538,43.230733363004923],[-75.087041351737369,43.230734024822915],[-75.087065499555223,43.230734340729619],[-75.087089647395487,43.230734655731396],[-75.087113810738373,43.230734286817352],[-75.087138217545629,43.230733577225983],[-75.087162390550958,43.230732863670838],[-75.087186580287906,43.230731466215936],[-75.087202548525212,43.230730646225254],[-75.087228434263977,43.230727452644935],[-75.087842550478697,43.230713354777336],[-75.088268973311258,43.230651707331646],[-75.089115007458929,43.230583583351169],[-75.089408005619575,43.230549194907873],[-75.090184338490474,43.230542415015996],[-75.090581610129675,43.230544930789776],[-75.090585456987213,43.230545390564366],[-75.091031545610392,43.230559205060658],[-75.091282704681078,43.230573345663032],[-75.091380730480225,43.230579432086465],[-75.091712362743777,43.230605540250963],[-75.092479853997133,43.230697562197484],[-75.092687145456566,43.230717370441191],[-75.093219199098627,43.230863622261687],[-75.093271270417645,43.230884063431972],[-75.094895280543838,43.231521582985906],[-75.09540455893621,43.23169436800282],[-75.096269609736552,43.231987850292356],[-75.096501653371931,43.232043724675641],[-75.097447347609886,43.232271439069578],[-75.09765677219211,43.232302390967803],[-75.098021531877052,43.232356298193416],[-75.099548945212248,43.232828337818944],[-75.099629163314077,43.232853127998631],[-75.099823635306464,43.232963004190438],[-75.100265511988297,43.233212664402693],[-75.100747750149608,43.23348512299102],[-75.100841289587564,43.233560813811749],[-75.101210279427306,43.23385939387348],[-75.101246909120619,43.233889033368534],[-75.101371310485931,43.233989695936394],[-75.103175647526854,43.234995964141511],[-75.103916626583143,43.235409185949628],[-75.104483913163179,43.235744778770616],[-75.105232707632879,43.236083720966136],[-75.106736959724486,43.236496168699922],[-75.108294505268489,43.236864659075309],[-75.109686444416241,43.237119448155326],[-75.110046596380712,43.237238728208482],[-75.110059311474345,43.237242938163895],[-75.110436137517837,43.237367737248192],[-75.110951965719678,43.237595792991328],[-75.111302076000655,43.237750580316693],[-75.111624232303242,43.237893005189399],[-75.111819171468014,43.238080528210446],[-75.112297801603148,43.238540938998476],[-75.112470040539364,43.238639710405145],[-75.112494097567719,43.238653505808465],[-75.112939781669851,43.238909086201097],[-75.113209761095732,43.238983694597522],[-75.113446440249263,43.239049098849982],[-75.114177739183489,43.239103179133402],[-75.115820150273095,43.238941802400426],[-75.116218860902194,43.238969133155138],[-75.11621917063998,43.238969155131223],[-75.116433321240095,43.238983834280056],[-75.117066005918886,43.239111261724069],[-75.118273391544619,43.239494199004611],[-75.118360747375917,43.239545756885242],[-75.118610102075337,43.239692929307502],[-75.119975354548842,43.240243531803038],[-75.120464643371349,43.240381209981052],[-75.121480704803872,43.240577715342752],[-75.121484635195912,43.240578476695831],[-75.121894133725988,43.240657669709094],[-75.122465161881863,43.240854383928607],[-75.122489668848388,43.240862826190309],[-75.122562371593773,43.240899979451179],[-75.122812229606495,43.241027665409931],[-75.122971256015575,43.241108933413031],[-75.123262994871183,43.241330269911849],[-75.123442011462558,43.241466114621872],[-75.123452240045452,43.241473930650798],[-75.123454248493459,43.241489335327707],[-75.123493838686073,43.241793830770398],[-75.123487195854835,43.241816779887188],[-75.123487116570203,43.241817057921317],[-75.123479601359378,43.241843024002783],[-75.1234494209709,43.241947302665359],[-75.123368230301466,43.242227831898397],[-75.12332816685398,43.242309909121296],[-75.123259557950803,43.242450467339431],[-75.12318408454118,43.242605088212414],[-75.123179601844853,43.24298960503652],[-75.123321326555256,43.243396680022798],[-75.123346384588075,43.243468652608449],[-75.12350764153004,43.243931809267011],[-75.123544719392285,43.244038301984091],[-75.123644970073045,43.244326236410686],[-75.123650583748272,43.244467407200368],[-75.12365515269461,43.244582357736689],[-75.123645834568862,43.244602908019075],[-75.123628049721518,43.244642128235981],[-75.123600909421597,43.244701912654122],[-75.123577671637307,43.244753169360777],[-75.123577649486123,43.244753220386521],[-75.123577636102041,43.244753265223096],[-75.123562338463955,43.244810169079955],[-75.123511604714807,43.244999091856528],[-75.123417745639443,43.245348595160515],[-75.123394217410791,43.245436377928073],[-75.123394206703281,43.245436413797336],[-75.12339421562676,43.245436452617597],[-75.123445576504011,43.245728173806206],[-75.123448979244813,43.245747484009421],[-75.123463087669478,43.245827561235899],[-75.123599880631403,43.24609066608609],[-75.123829061128518,43.246373266863657],[-75.124076882306227,43.246761980409474],[-75.124128074828135,43.246817853128157],[-75.124150044945722,43.246841835223663],[-75.124264626490287,43.246966913429858],[-75.124561846530895,43.247188652136309],[-75.124723282865489,43.247250037117304],[-75.124925947529135,43.247327101584951],[-75.126554738761627,43.247598338051354],[-75.128300278017093,43.247823432313588],[-75.129754103429363,43.247899501798329],[-75.129754295275745,43.247899512337867],[-75.129754437881374,43.247899522251579],[-75.130354217684285,43.247945369948368],[-75.130814662158443,43.247980560583478],[-75.131278026644949,43.248040842955071],[-75.13185699668756,43.248116162160564],[-75.133456374470512,43.248333437571503],[-75.135258545714123,43.248578238375011],[-75.135439574555079,43.248602826005708],[-75.135487387296934,43.248619315288956],[-75.136179687394971,43.24885807023626],[-75.136179730161814,43.24885808427959],[-75.136179770402663,43.248858100991434],[-75.136179854556133,43.248858135361701],[-75.136832630614805,43.249220131386181],[-75.137329958590811,43.249625037134649],[-75.137672640525082,43.250053852739676],[-75.137702986275769,43.250091823775989],[-75.138988778461226,43.251326477917942],[-75.139247974047493,43.251458104718068],[-75.13942892163999,43.251531328989394],[-75.139657926908001,43.251608598161546],[-75.139904635997084,43.251663828755703],[-75.140145119566782,43.251701576807861],[-75.140391947694951,43.251765568989761],[-75.140572790443002,43.251830029891323],[-75.140741916687858,43.251916480055698],[-75.140971569299936,43.252041949564344],[-75.141347101961784,43.252311006876752],[-75.141541218577046,43.252471782860162],[-75.141723508480325,43.252645787433963],[-75.141821876516218,43.252824771306791],[-75.141847667874487,43.252895550015204],[-75.14189035941061,43.253012725579964],[-75.141953894926203,43.253279601795015],[-75.141987029328931,43.253516017319164],[-75.142011964447036,43.253777916186202],[-75.142043995507038,43.25393107124502],[-75.142069148842793,43.254018538684427],[-75.142094015993067,43.254084100126249],[-75.142149229751539,43.254175737765031],[-75.142307770321054,43.254367443250089],[-75.142390095450125,43.254465502850707],[-75.142392388388458,43.254470836306801],[-75.142403754810914,43.254481774075188],[-75.142613400471873,43.254683507009297],[-75.142748976325251,43.254813966416101],[-75.142851543568185,43.254853807976922],[-75.142975128902378,43.254923663108194],[-75.143252725475477,43.255044407409116],[-75.1434875090887,43.255104094265874],[-75.143733777278243,43.255124263812135],[-75.143925347593353,43.255092229923072],[-75.143998141561369,43.255042186004296],[-75.144079934605543,43.254985956953213],[-75.144287350473519,43.254791664178157],[-75.144387533587278,43.254655100406978],[-75.144439720653608,43.254518875177013],[-75.144527553378637,43.254356103832237],[-75.144608690474655,43.254140793900426],[-75.144619116108629,43.254022395440558],[-75.14461119853469,43.253877835686836],[-75.144585107622007,43.253720251722129],[-75.144583825123163,43.253470684109097],[-75.144564899455489,43.253400699903651],[-75.144579983429963,43.253181476001338],[-75.144613535079188,43.2529971778876],[-75.14469542850135,43.25283883239414],[-75.14476578147007,43.2527156283682],[-75.144919550150462,43.252548006957369],[-75.145049954908146,43.25242875620593],[-75.145198414754205,43.252313759592241],[-75.145335288524507,43.252229523682466],[-75.145526555368008,43.252175578168817],[-75.145784225570821,43.252151837899],[-75.14643812387213,43.252147192690572],[-75.146809942448883,43.252135783121851],[-75.147151600531188,43.252111441959883],[-75.147408913676813,43.252061404727691],[-75.147555158335379,43.251992031820997],[-75.147679796985415,43.251890347659412],[-75.147863661180338,43.251731275159713],[-75.14823121395537,43.251399981292856],[-75.148325446512274,43.251267837344045],[-75.148431729689491,43.25113999418182],[-75.148501088330079,43.25106922065099],[-75.14854418238636,43.251025247152931],[-75.148662173781332,43.25087540610739],[-75.148755813778607,43.250699446854576],[-75.148819575803046,43.250532462617556],[-75.148816999943961,43.250339657308764],[-75.148802605791232,43.250160079962811],[-75.14872274764214,43.250020414096639],[-75.148619192232346,43.249902828593669],[-75.1484651273596,43.249676320619145],[-75.148403972013753,43.249589110351039],[-75.148257597837841,43.249410474839685],[-75.148129112689787,43.249222952318128],[-75.148023094594436,43.248921321661207],[-75.147953835443815,43.248676401587666],[-75.14792615603497,43.24840050981642],[-75.147928527242712,43.24812878569562],[-75.147943131432115,43.247874504237785],[-75.147993260331646,43.247584910197403],[-75.148101478400662,43.247363145743151],[-75.148155540614113,43.247294989784386],[-75.148195870171676,43.24724414776955],[-75.148361317538942,43.247054529828411],[-75.14853981147877,43.246943696981859],[-75.148771407908001,43.246766749696604],[-75.149021890616552,43.246655403971722],[-75.149398388474708,43.246547546866594],[-75.149793757609103,43.24650528304057],[-75.150141616440635,43.24649841585849],[-75.150460354054843,43.246557493141388],[-75.150755333237811,43.246634267725973],[-75.151038846463848,43.246750564812558],[-75.151311188558665,43.246928297793552],[-75.151517430506232,43.247097735017647],[-75.151556641772089,43.247151746921993],[-75.151689312418668,43.24733449236021],[-75.151714364072433,43.247387358408538],[-75.151722623464352,43.247404789651014],[-75.151793650592168,43.247564671909963],[-75.151862514520417,43.247778916719973],[-75.151920439520339,43.248072117923492],[-75.15192477445035,43.248396128395164],[-75.151919407047927,43.248556210222198],[-75.151898772119594,43.248694336278348],[-75.151853538935129,43.248900627845359],[-75.151754504249254,43.249120454821188],[-75.151602879542153,43.249445838181735],[-75.151455736424452,43.249657240352825],[-75.151314928535911,43.249894895254968],[-75.151210418512434,43.250154203871453],[-75.151124544432534,43.250461582315552],[-75.151073957453136,43.250716121011877],[-75.151046572769644,43.250900057281903],[-75.151056209084999,43.251171689596298],[-75.151077612113625,43.251425719232579],[-75.151104422599488,43.25163587854999],[-75.151154707312202,43.251806430046955],[-75.15119910749614,43.251985791392691],[-75.151249799469483,43.252187015975089],[-75.15131219637729,43.252366248848297],[-75.151392006044944,43.252501529440124],[-75.151465281175774,43.252597419612854],[-75.151484487533878,43.252613392845241],[-75.151653372452301,43.252753839030646],[-75.151829755184892,43.252932251624586],[-75.151988956625289,43.253057846992014],[-75.152122460793052,43.253170833556972],[-75.152262911710693,43.253353888867295],[-75.152403653414027,43.253558850031723],[-75.152556632697667,43.253781256844405],[-75.152760902654663,43.254248704973399],[-75.152910062485304,43.254633287204527],[-75.15294263199894,43.254744897861208],[-75.152942642236823,43.254744933995148],[-75.152942652453646,43.254744971028948],[-75.153009578480308,43.254997087786784],[-75.153064927475683,43.255442912765382],[-75.152947560739591,43.256061642900924],[-75.152855885702678,43.256309156616318],[-75.15278648968868,43.256496516628843],[-75.152409865567307,43.257905712212491],[-75.15243936858694,43.258250508169034],[-75.152515452836354,43.258512938316237],[-75.152720364487919,43.258687262276013],[-75.152755473925538,43.258700677055707],[-75.15295416875297,43.258751843047051],[-75.15319492777401,43.258807086667353],[-75.153495140335707,43.258822465643277],[-75.153818710661184,43.258789469337728],[-75.154057882400139,43.258726396694762],[-75.154290390112777,43.258615168836926],[-75.154444616516756,43.258482595801013],[-75.154604191336148,43.258301771275093],[-75.154710764938926,43.258122248608743],[-75.154768997381211,43.257990359117706],[-75.154808753251473,43.257823545349709],[-75.154828976626661,43.257645796555366],[-75.154819903025853,43.257506811228374],[-75.154819901741661,43.257506760804063],[-75.154819908907754,43.257506717686525],[-75.154820944311709,43.257501360341095],[-75.15481532640861,43.257420322838051],[-75.154801618818553,43.257293329895163],[-75.154882182949294,43.257038577318085],[-75.154927885166742,43.256867335211751],[-75.155039511933239,43.256691240951099],[-75.155157495277265,43.25654138963192],[-75.155299717137652,43.256408896819941],[-75.155483572034228,43.256249812056687],[-75.155631966781755,43.256130421919039],[-75.15587617164411,43.255997195857184],[-75.156113308512886,43.255857760066917],[-75.156214821394528,43.255821972210839],[-75.156417682173171,43.255737248415649],[-75.156667999289212,43.255612738320814],[-75.156936788409965,43.255523157835043],[-75.157139700116986,43.255442814404162],[-75.157396904095663,43.255383991330859],[-75.157648644513188,43.255364645753382],[-75.15786450258345,43.255354325561477],[-75.158110647972961,43.255365702379365],[-75.158344862898616,43.255381540579037],[-75.158645484313482,43.255427577332675],[-75.158862645516777,43.255513659286315],[-75.159021468860161,43.255581094204345],[-75.159085921931648,43.255608460195148],[-75.159321439420438,43.255720698610887],[-75.159491267171774,43.255855327275434],[-75.159624616249388,43.255955157375972],[-75.15975778557393,43.256041842029553],[-75.159909610495603,43.256176597945192],[-75.16014691571992,43.256420297332987],[-75.160414866266947,43.256711979983621],[-75.160569263161307,43.256888577056522],[-75.160702744712239,43.256997169571342],[-75.160830035130289,43.257092663395454],[-75.160939334527768,43.257188284388661],[-75.161114802943075,43.25729657225024],[-75.161308514417115,43.257422259676076],[-75.161562634414992,43.257578182960664],[-75.161756702738586,43.257730161961028],[-75.161945541668501,43.257939144974962],[-75.162130498340773,43.258226180702493],[-75.162234931640981,43.258405104409377],[-75.162309899573955,43.258623677064868],[-75.162379228002678,43.258868587214707],[-75.162430739468533,43.259126774569559],[-75.162435700577674,43.259152292363481],[-75.162508151795819,43.259525006280228],[-75.162607596266326,43.2601979547008],[-75.162623165710883,43.260460785765737],[-75.162643014411415,43.260596493625883],[-75.162632565248614,43.260710511450355],[-75.16261011281631,43.260824615105101],[-75.162575538125949,43.260930042876055],[-75.162511269506965,43.261057596420542],[-75.162435472711437,43.261220291557798],[-75.162282455555683,43.26144051874067],[-75.162135372211324,43.261656319610836],[-75.162081247050565,43.261746344004635],[-75.162000407533228,43.261880799776506],[-75.161843397402407,43.2620382644049],[-75.161760413180843,43.262113364679905],[-75.161654136576956,43.26224122279968],[-75.161541202343102,43.262320922124914],[-75.161398630934713,43.262427133947121],[-75.161255934354045,43.262524574804885],[-75.161101007369155,43.262604579680435],[-75.160928252568993,43.262697857620545],[-75.160731078475649,43.262760638845378],[-75.160492621127517,43.26287630643521],[-75.160313330603785,43.262930189133989],[-75.160026458344802,43.263015528710852],[-75.159811165754888,43.2630696727932],[-75.159512408176539,43.263163859206415],[-75.159327353339847,43.263235313261575],[-75.159149362864298,43.263385597988091],[-75.158917186768008,43.263605844776052],[-75.158793139934716,43.263751356676394],[-75.158705744939311,43.263944808605984],[-75.158641988624197,43.264111799881441],[-75.158584480360972,43.264296275078024],[-75.158526905265191,43.264476365694975],[-75.158457096648092,43.264639015659256],[-75.15838758201177,43.26482357789537],[-75.158325133329441,43.265086968402237],[-75.158285974183855,43.265297605246388],[-75.158205406140752,43.265552363433088],[-75.158171956162832,43.26574053260574],[-75.158178901614249,43.265810601902608],[-75.158180620928874,43.265937676230038],[-75.158176931701888,43.266108613881514],[-75.158144360868732,43.266363027618745],[-75.158129386316077,43.266586634383998],[-75.158085699656752,43.266906862348222],[-75.158070133616846,43.267086650718682],[-75.158084384140622,43.267253078930644],[-75.158128757016371,43.267428050430709],[-75.158148707156144,43.267572523085349],[-75.158150309318202,43.267690835698545],[-75.158215414844335,43.267820732369699],[-75.15845215197244,43.268158117651822],[-75.158490095851505,43.268225933869694],[-75.158534047603865,43.268291784289971],[-75.158583820520661,43.268355383034077],[-75.15863919797853,43.268416459152526],[-75.158660888644505,43.268437273374204],[-75.158765041507422,43.268598396990015],[-75.158802240272152,43.268681548600817],[-75.158840085154708,43.268788019315565],[-75.158889553485423,43.268898138151144],[-75.158946892009538,43.269006200033445],[-75.159011941463007,43.26911190501918],[-75.159084516528026,43.269214960940737],[-75.159126832415339,43.269303264685313],[-75.159160377015255,43.269393557428394],[-75.159184981262371,43.269485375297727],[-75.159200515747074,43.269578244111159],[-75.159206901610986,43.269671687613489],[-75.159204106895473,43.269765225630771],[-75.159192143995853,43.269858377638911],[-75.159171075799037,43.269950663740453],[-75.159141010653471,43.270041609102648],[-75.159006664387263,43.270576031111126],[-75.159002822391884,43.2707326760532],[-75.159005114634567,43.270889337076461],[-75.158995556259924,43.270932028945104],[-75.158965989600119,43.271064047778921],[-75.158932487999451,43.271239382989293],[-75.158929182883625,43.271260244997272],[-75.158888728483745,43.272040782676576],[-75.158552605128605,43.272875881095807],[-75.158353629190927,43.273158886666799],[-75.158341558842466,43.273168448837666],[-75.158306561792571,43.273199907612614],[-75.158266067216545,43.273245702893988],[-75.158224867422874,43.273281543672368],[-75.158192685542545,43.273313038390903],[-75.158164438571688,43.273356926720822],[-75.158127620678755,43.273416143020107],[-75.158080037580703,43.273453961929668],[-75.158011370455952,43.273520326294168],[-75.157964679547788,43.273570158804958],[-75.157914987238286,43.273617897057392],[-75.1578849701596,43.273667252336836],[-75.157851089018607,43.273701124663361],[-75.157793381556317,43.273760424336018],[-75.157746667501655,43.273811285332179],[-75.157737087480228,43.27382191904691],[-75.157507620129522,43.274040690342389],[-75.157486343438904,43.274055312576948],[-75.157425030562109,43.274098105262638],[-75.157369455489089,43.274146454037343],[-75.157290381971023,43.274206172061064],[-75.157225221932052,43.274262976928206],[-75.157167899494709,43.274315764031293],[-75.157123340453765,43.274354648210171],[-75.157080086138535,43.274398007959022],[-75.157036540491688,43.274443763843621],[-75.156986047907978,43.274505552862415],[-75.156931461564739,43.274561802618535],[-75.156875861583245,43.274611182403362],[-75.156815594520978,43.274659473282071],[-75.156761346015188,43.274711268752597],[-75.156719497645952,43.274754645898859],[-75.156655382023118,43.274816949843633],[-75.156621677413,43.2748532273854],[-75.156592537747926,43.274885100748406],[-75.156541000066554,43.274941389245782],[-75.156506731218244,43.274981773374286],[-75.156468272493868,43.275020734298487],[-75.156426415709987,43.275064453284479],[-75.156375321282397,43.27511183040329],[-75.156325812384935,43.275161627967591],[-75.15629762051708,43.275203115821348],[-75.156270487619807,43.275249420052724],[-75.156251871403043,43.275282798256754],[-75.156218447313421,43.275337253994415],[-75.156188556213024,43.27538112310188],[-75.156167180596427,43.275412066172315],[-75.156142802417833,43.275440913139114],[-75.156118649066059,43.275490340209345],[-75.156094486407326,43.2755401110131],[-75.156066976190004,43.27559258277509],[-75.156032793972628,43.275659376275584],[-75.156006611188474,43.275715295038687],[-75.155978609076143,43.275778736099952],[-75.155966798685938,43.275822143989508],[-75.155928963724918,43.275874487756518],[-75.155899754147185,43.275929338950512],[-75.155875600375268,43.275978766859694],[-75.155857949036701,43.276021072968213],[-75.155821497527683,43.276074462830188],[-75.155780883201061,43.276145291424598],[-75.155759747881262,43.276196127904043],[-75.15573489095371,43.276255491798914],[-75.155716191427516,43.276312533664594],[-75.155689950709899,43.276370852310045],[-75.15566193995582,43.276434635232825],[-75.155636505116419,43.276478558914867],[-75.155615321429579,43.276531453390682],[-75.155577416552646,43.276606774145193],[-75.155540265141212,43.276670100868266],[-75.155501735545826,43.276732037652252],[-75.155448333173979,43.276817797383394],[-75.155419824497244,43.276862710601435],[-75.155389441426692,43.276917548803354],[-75.155341995824855,43.276979374208103],[-75.155296007193968,43.277039160955191],[-75.155251974447708,43.277095541656188],[-75.155202467095705,43.277165230119962],[-75.155158876678854,43.277212700378691],[-75.155158501751245,43.277213191676182],[-75.155091031831503,43.277390158199012],[-75.155023420564348,43.277589053123087],[-75.15494631532134,43.277786094847251],[-75.154859807876051,43.277981043259999],[-75.154764007291632,43.278173656663476],[-75.154659031110555,43.27836369976486],[-75.154545005438948,43.278550940077032],[-75.154500859598386,43.278637816837424],[-75.154448722256731,43.278722294766766],[-75.154388832869287,43.278803985283446],[-75.154363002433442,43.278834092810399],[-75.154071366738862,43.278955822396455],[-75.154026974503978,43.278974351559782],[-75.153701179420963,43.279090935626407],[-75.153546683424523,43.279248984123484],[-75.153436935815066,43.279371233283896],[-75.153338123197969,43.279897380366975],[-75.153250509624939,43.280251270031613],[-75.153248698490358,43.280258581755433],[-75.153174259357314,43.280559251256847],[-75.152932652917599,43.282387325061364],[-75.152844408544169,43.2830549810284],[-75.152524393752188,43.285476077667639],[-75.152524389107541,43.285476118115923],[-75.152524383210022,43.285476159448741],[-75.152402397558262,43.286259585716067],[-75.152210666647022,43.286852379914407],[-75.151945350744242,43.28724267481708],[-75.151721027122051,43.287462008656831],[-75.151067083599372,43.287837861155708],[-75.149128728868774,43.288653638944687],[-75.148841994861385,43.28884389109777],[-75.14863190352618,43.28898328914282],[-75.148562555487757,43.289029302159285],[-75.148469977383613,43.289090727562701],[-75.148464095421531,43.28909462969321],[-75.148441898085153,43.289109359264167],[-75.148340731459541,43.289176482721331],[-75.148219326474972,43.289392320267623],[-75.148216582153694,43.289397199706514],[-75.148124890631905,43.289560209799561],[-75.148114921499726,43.289581445966412],[-75.148080500585763,43.289646036665516],[-75.148068264183905,43.289668998751068],[-75.148035864779544,43.289769080407723],[-75.148015784711276,43.289824386970999],[-75.147998191288238,43.289893785859888],[-75.147969336381195,43.28998293564576],[-75.147954077408215,43.290032816338531],[-75.147944041753519,43.290100253249072],[-75.147939429992903,43.290186620712277],[-75.147937773754194,43.290227069413973],[-75.147935740955205,43.290283632233816],[-75.147933392239068,43.290343619729207],[-75.14792697134915,43.290397040884713],[-75.14792062425839,43.290447376378459],[-75.147917125530995,43.290496374905558],[-75.147915164066802,43.290549851130557],[-75.147920583126563,43.2906089090568],[-75.147917002509615,43.290661336095958],[-75.147913658387452,43.290713767003034],[-75.147910016410208,43.290808721381225],[-75.147910743254954,43.290867717710995],[-75.147909346473909,43.290907139901812],[-75.147915576663493,43.290981640040172],[-75.147916795596942,43.291029669813739],[-75.14792116957581,43.291073279883513],[-75.147919201229286,43.291127099871353],[-75.147917296163257,43.291178177020157],[-75.147923278577366,43.291213234324779],[-75.147921188044549,43.291272196188935],[-75.147915992067723,43.291333520653637],[-75.147913827499778,43.291385623405802],[-75.147911575631412,43.291451443224744],[-75.147910530024262,43.291515906366975],[-75.147920586141339,43.291567474795599],[-75.147928163569745,43.291604609841713],[-75.14793227949589,43.291659192098344],[-75.147934309543231,43.291722664979645],[-75.147931678446014,43.291794653208619],[-75.147933860512708,43.291851610969395],[-75.147944832810595,43.29192411198953],[-75.147937871202714,43.291990558598613],[-75.147935546551523,43.292049518417159],[-75.147944438561552,43.292130568075969],[-75.147952108545297,43.2921808499501],[-75.147952981824304,43.292186577711419],[-75.147948864712816,43.292208791945292],[-75.147941690893632,43.292247482715609],[-75.147925998079359,43.292305930890443],[-75.14792220761899,43.292367272985942],[-75.147920418569043,43.292414148818494],[-75.14792037507388,43.292415264448366],[-75.14791836634808,43.292470797787345],[-75.14791100511269,43.292479735615821],[-75.147904108139159,43.292488110381363],[-75.147903485716753,43.292504564361828],[-75.147902435212174,43.292532615796603],[-75.147902227204199,43.292538158059102],[-75.147900739214592,43.292542532074414],[-75.147888862151021,43.292577430018106],[-75.147887126968456,43.292622119180116],[-75.147887077960277,43.292623364361162],[-75.147886164068368,43.292627744681944],[-75.147876230657459,43.292675357218258],[-75.147875659563567,43.292689157324311],[-75.147874059144129,43.292727802824864],[-75.147867841209433,43.292734864702879],[-75.147855244498146,43.292749172768346],[-75.147849542458758,43.292782025680793],[-75.147841949486846,43.292825484631386],[-75.147831092765273,43.292877822118392],[-75.147821645381072,43.292930176394101],[-75.147820255425415,43.292942744728443],[-75.147814789581702,43.29299216591059],[-75.147804087327913,43.29303798740645],[-75.147794259405941,43.293096510073433],[-75.147781584234465,43.293156367914449],[-75.147762499480876,43.293229177546699],[-75.147747607920877,43.293303414327887],[-75.147722478944019,43.293373747401141],[-75.147700343743466,43.293446518727521],[-75.147684722938166,43.293501882075276],[-75.14766789318864,43.293548656394869],[-75.147660064767251,43.293602059836715],[-75.147645136574425,43.293637881696917],[-75.147630641422467,43.293705263454861],[-75.147619582582863,43.29375622476023],[-75.147619312485972,43.293807665360831],[-75.147623289732735,43.293858130420361],[-75.147621974548812,43.293894124072857],[-75.147610657515045,43.293956056660157],[-75.147608616129645,43.294012962284931],[-75.147603166840426,43.294074970334748],[-75.147588638066694,43.294143721675589],[-75.147589879730873,43.294190721950827],[-75.147587377100194,43.294257225392101],[-75.147581037332117,43.294307217071797],[-75.147564029779545,43.294361534123169],[-75.147551968591273,43.29440527990004],[-75.147548376515473,43.294412761785892],[-75.147520866028017,43.294470051556509],[-75.147499374441054,43.294525341161659],[-75.14748091266388,43.294581697663958],[-75.147460959464908,43.294631519313306],[-75.147457072765306,43.294696974707101],[-75.147460946261418,43.294751896862657],[-75.147464592642649,43.294816417974651],[-75.147470471421613,43.294855933281532],[-75.147475583675188,43.294918072119479],[-75.147479046952029,43.294990479769567],[-75.147475312302774,43.295049420945645],[-75.147466473526393,43.295125789584077],[-75.147450261721445,43.295196235433089],[-75.147432527549228,43.295271462618373],[-75.147416259160465,43.295344309327383],[-75.147406197697848,43.295412773766749],[-75.147392900182894,43.29548908731114],[-75.14737173611924,43.295570444586261],[-75.147362052608997,43.295632742395973],[-75.147354094445078,43.295681684868619],[-75.147357026589773,43.295726648637562],[-75.147352905577591,43.295792101973795],[-75.147344791561636,43.295847560410415],[-75.147338911412618,43.295887955127228],[-75.147330872498713,43.295940326120338],[-75.147316455911309,43.296004276559415],[-75.147294496677659,43.296069506799412],[-75.147266856228413,43.296126776856902],[-75.147238512361483,43.296203929394515],[-75.147207771722805,43.296263217328509],[-75.147171188404059,43.296321403920047],[-75.147134208291064,43.296386444591931],[-75.147087061613703,43.296444497596291],[-75.147039996767163,43.296499122970552],[-75.147017921560817,43.296529368608979],[-75.146987955380297,43.296565689203753],[-75.146957724034337,43.296613323934565],[-75.14690107043954,43.296686348319447],[-75.146878525691335,43.296726533691434],[-75.146829897658719,43.296787654562856],[-75.146797925675969,43.296839383730408],[-75.146755441272163,43.296888921312707],[-75.146718799412895,43.296949506792934],[-75.146660913396104,43.297014970589551],[-75.14659891920239,43.297105419268455],[-75.14620189645504,43.297551594950328],[-75.146038392407718,43.297743418819728],[-75.145917280538427,43.297885505113058],[-75.145898640635465,43.297942670112739],[-75.145771563252424,43.298332405434891],[-75.145773128446777,43.298374664219587],[-75.145788998101793,43.298802922072639],[-75.145879811515613,43.299267389428294],[-75.145888764279334,43.299600923975653],[-75.145922494611682,43.300065464053326],[-75.145956040863766,43.300452574383435],[-75.146168800009022,43.300756068065084],[-75.146520470757224,43.301172551443187],[-75.146888887554894,43.301767696893123],[-75.146987208693631,43.301958169234055],[-75.147028329359372,43.302101065391035],[-75.147094017596061,43.302285621618466],[-75.147061796826847,43.302452436921349],[-75.146964349198925,43.302625292050088],[-75.146964951422561,43.302875451285814],[-75.146957499504595,43.303167312761104],[-75.147047639588138,43.303345883218348],[-75.147039871648346,43.303506710011796],[-75.14714631029257,43.303679302018075],[-75.1470571171009,43.303893840120693],[-75.147031786039577,43.303938761219563],[-75.146969951546382,43.304048415579551],[-75.147052866603573,43.30413459940516],[-75.147061524003888,43.30414359701799],[-75.14717111519856,43.304152348186079],[-75.147531376468322,43.30418111082296],[-75.148470965448382,43.304208484973117],[-75.148839098343515,43.304186055873174],[-75.149110269583957,43.304169535117893],[-75.149502436706783,43.304454920148025],[-75.149385928048872,43.30483626816887],[-75.148486543167493,43.305247224124813],[-75.148355927418805,43.305245966010034],[-75.147846959901798,43.305241080755572],[-75.147800418221465,43.305240635161752],[-75.147612229516795,43.305238826312227],[-75.146516125555323,43.305249765402003],[-75.146059291832202,43.305202700329211],[-75.145667614530936,43.305117429693176],[-75.145357734762811,43.30503906868816],[-75.14494320773899,43.304970539800621],[-75.144544895103053,43.304909196693082],[-75.144527338443154,43.304906493222262],[-75.144198943255788,43.304816546263325],[-75.144027030580276,43.30478365377283],[-75.143852935548367,43.304757590819584],[-75.143677167821352,43.304738433120342],[-75.143422250675059,43.304729542957404],[-75.143122079268437,43.304710857686118],[-75.14291333992486,43.304730180418666],[-75.142730699096532,43.304749466980695],[-75.142637960668608,43.304773300995492],[-75.142469874278461,43.304816501780621],[-75.142222098236388,43.304883518590536],[-75.142066773529066,43.304976876061417],[-75.141915813418677,43.305074222842308],[-75.141715066682252,43.305120769834659],[-75.141572037541749,43.305188324294356],[-75.141424175501655,43.305250081047774],[-75.141271918829361,43.305305854773252],[-75.141115723812945,43.305355480181227],[-75.140956054967035,43.305398809190649],[-75.140633072168541,43.305526414714912],[-75.140305613415535,43.305647786084592],[-75.139973907530091,43.305762840636483],[-75.139638180769509,43.30587150017778],[-75.139453458708445,43.305944515155382],[-75.139265254542877,43.306012622408879],[-75.139073808401633,43.306075728638973],[-75.138879376052316,43.306133756947744],[-75.138682203386935,43.306186631214061],[-75.138482549748346,43.30623427998902],[-75.138280675458816,43.306276642639354],[-75.137997526486842,43.306310262675183],[-75.137715715111867,43.306349423073463],[-75.137435445297882,43.306394095817893],[-75.137156918631888,43.306444249263571],[-75.136880338020219,43.306499848183485],[-75.136605901592262,43.306560850991168],[-75.136477064394313,43.306597158315554],[-75.136345626750114,43.306628095664436],[-75.13621200999016,43.306653569345123],[-75.136076636466356,43.306673494681242],[-75.1359399390888,43.306687809635278],[-75.135802352849296,43.306696468400673],[-75.13557520875159,43.306695982919059],[-75.135564784127197,43.306695960762923],[-75.135327363911912,43.306702125444644],[-75.135090443689549,43.306714950695337],[-75.134854373842742,43.306734419352587],[-75.134619503843652,43.306760500743152],[-75.134386179619128,43.306793157850734],[-75.134154748608253,43.306832341979153],[-75.133764894262043,43.30687289496835],[-75.133376378439877,43.306919805979319],[-75.132989398775692,43.30697305232794],[-75.132604144429948,43.307032604924188],[-75.132220810683577,43.307098436558505],[-75.13183958927354,43.307170513677839],[-75.131610127005956,43.307201789208705],[-75.131493038696689,43.307214569088572],[-75.131379267230258,43.307226986797978],[-75.131147311467871,43.307246076961086],[-75.130914562431045,43.30725903203119],[-75.130681323786717,43.307265836057944],[-75.13044790149543,43.307266480323605],[-75.130214598860462,43.307260964180443],[-75.129963175451095,43.307227590197883],[-75.129713546382689,43.307187672855399],[-75.129466032288178,43.307141260347784],[-75.129220948610993,43.307088411608213],[-75.129219703119134,43.307088125729663],[-75.129001658777682,43.307035135155537],[-75.128786059740293,43.306977049875321],[-75.128643049625495,43.306927781789021],[-75.12849618125189,43.306884994050087],[-75.128346002896663,43.30684884934346],[-75.12819307834819,43.306819479949375],[-75.128037980466686,43.306796999363186],[-75.127881287810524,43.306781488750822],[-75.12772359175132,43.306773008741125],[-75.127565479460202,43.306771589307886],[-75.127407546102091,43.306777235326059],[-75.127250378796461,43.30678992726758],[-75.126850554500436,43.306783265048871],[-75.126510572532951,43.30683081674195],[-75.126000307785063,43.306879546973157],[-75.12565632860948,43.306896412550394],[-75.125370440436612,43.306894734028177],[-75.125179877567447,43.306896052565733],[-75.124980407917263,43.306878870961995],[-75.124814013553745,43.306895136955589],[-75.12471761415307,43.306870413821144],[-75.124703091400221,43.306870072862921],[-75.124482441244609,43.306871598767458],[-75.12428681912796,43.306869292126663],[-75.124020275762902,43.306812575894874],[-75.123833638816336,43.306729682967116],[-75.123652013561696,43.306646758288991],[-75.123428801502641,43.306450659025515],[-75.123301485662978,43.306301480139595],[-75.12315898685398,43.306141420797296],[-75.123031530913764,43.305981261718969],[-75.123000398779666,43.305900956119473],[-75.122878610704603,43.305580518441246],[-75.122786072601698,43.305405474727415],[-75.122718700090672,43.30523757991218],[-75.122635906195157,43.305040508994232],[-75.122482670767724,43.304825627280962],[-75.122320212868644,43.304673026994898],[-75.122137649979507,43.304516905686263],[-75.121940234097082,43.304375525791471],[-75.121725620393818,43.304246903063053],[-75.121554037441058,43.304163902651574],[-75.121402652491199,43.304091746727345],[-75.121313293440579,43.304059905104978],[-75.121231356246156,43.304030706597025],[-75.121070273812606,43.303984235045995],[-75.120929300815206,43.303941286130339],[-75.120723607399086,43.303935383580104],[-75.120478463100071,43.303980990578772],[-75.12025853054071,43.30403740532708],[-75.120098726754733,43.304089743566081],[-75.119939255854987,43.304167701106699],[-75.119805184046214,43.304271104562631],[-75.11969599336966,43.304359694961953],[-75.119576922261615,43.304459333119489],[-75.119452878706952,43.304562669182218],[-75.119364363110776,43.304698695711494],[-75.119301343232266,43.304867492287443],[-75.11927342678166,43.305036045125298],[-75.11924540557753,43.305302458843521],[-75.119193689646451,43.305569994102292],[-75.119157584412932,43.305881343634809],[-75.1190918125845,43.306225838974306],[-75.118997654638164,43.306702285812328],[-75.118916353529386,43.307024573755399],[-75.118878452591204,43.307196854772492],[-75.11890035229699,43.307339446271591],[-75.118926936921014,43.307456381688425],[-75.118973345564072,43.307554884062071],[-75.119054947629152,43.307660464768631],[-75.119167872522041,43.307860988934259],[-75.11926097403439,43.308079950578488],[-75.119307853576814,43.308215051277536],[-75.119335287414813,43.30839786330808],[-75.119362488919393,43.30856237523308],[-75.119423773550395,43.309030168805002],[-75.119416344283863,43.309231521126463],[-75.119373993461423,43.309447753957294],[-75.119346122571685,43.309619963629146],[-75.119303346504864,43.309803260307618],[-75.119250023363151,43.309946367571634],[-75.119162255285161,43.310140951987819],[-75.119064314206042,43.310324626014427],[-75.118980900948458,43.310467937444685],[-75.118831873289054,43.310677139411993],[-75.118780818534148,43.310731925101976],[-75.118663672170072,43.310857635034417],[-75.11849490528374,43.31099421260744],[-75.118350880425922,43.311105003776596],[-75.11818684147859,43.311219588966246],[-75.118027159946863,43.311282903866164],[-75.11781722939493,43.311339244830791],[-75.117572382807154,43.311410465438257],[-75.117326966812328,43.31143776767675],[-75.117111410878252,43.31144656373742],[-75.116930817027324,43.311444141921747],[-75.116710527395654,43.311474931712915],[-75.116520044267091,43.311483556734856],[-75.116369448565365,43.311473608385562],[-75.116168419201173,43.311442042285648],[-75.115962847507191,43.311447108981454],[-75.115741988445833,43.311433980857466],[-75.115556473153887,43.311438911750798],[-75.115362313644937,43.311443819594068],[-75.115151255439272,43.311412322799612],[-75.114899651314175,43.311348160150168],[-75.114713575426805,43.311309172836467],[-75.114502560545631,43.311281335363098],[-75.114291880391178,43.311279113432064],[-75.114151406247075,43.311276411375651],[-75.113880117994995,43.311241663049515],[-75.113648532239552,43.311173705152484],[-75.113528876035119,43.311100718843193],[-75.113512046095138,43.31109045338934],[-75.11333042126266,43.311007512376982],[-75.113174205014644,43.310950016082408],[-75.112942804466414,43.310896693583373],[-75.112656568635259,43.310869366230392],[-75.112410546399545,43.310849082315798],[-75.112220300095387,43.310875999430529],[-75.112056034425194,43.3109062389454],[-75.111905506569968,43.310939086260603],[-75.111830961950659,43.31095535212382],[-75.111425860448946,43.311045950355179],[-75.111140926567614,43.311121087887571],[-75.110881073485075,43.311196056171454],[-75.110685996572499,43.311237642890383],[-75.11049556457246,43.31124991489218],[-75.110300298455002,43.311276863169788],[-75.110135125426694,43.311303604696775],[-75.109815132289114,43.311382639431947],[-75.109575339185497,43.311457466253415],[-75.109444020056145,43.311476892870665],[-75.109100249509851,43.311566828562093],[-75.108905169018342,43.311608413089253],[-75.108720074366346,43.311646268956885],[-75.108499775357714,43.311677042793868],[-75.1083795975252,43.311692497340793],[-75.108124078317474,43.311684076948417],[-75.107842808420855,43.311653041725833],[-75.107742367294406,43.311644231394411],[-75.107671550448018,43.311677422927652],[-75.107531088472768,43.311743259296783],[-75.107397739478586,43.311907206014553],[-75.107034820535347,43.312577353041462],[-75.106511268395863,43.313544092888066],[-75.10642969545161,43.313651597815927],[-75.10547573195683,43.313539235842896],[-75.103392567880704,43.314824790705266],[-75.102779752587224,43.316058703051297],[-75.102761019583653,43.316085552845806],[-75.102742735708233,43.316113096156883],[-75.102725166317995,43.316140304863147],[-75.10270828516056,43.316168209282125],[-75.102692107699482,43.316196121909492],[-75.102676392645606,43.316224384373925],[-75.102661615442457,43.316252658079129],[-75.102647534822637,43.316281283753867],[-75.10263392247353,43.316309916390082],[-75.10262101628976,43.316338557268011],[-75.102609032518473,43.316367895992535],[-75.102597524114373,43.316396898818795],[-75.10258671355183,43.316426252731894],[-75.102576842057701,43.31645561880346],[-75.10256743174493,43.316485334698108],[-75.102558725138337,43.316515058803816],[-75.102550958813964,43.316544795984434],[-75.102543659579226,43.316574538312508],[-75.102542337692441,43.316580694335862],[-75.102522676949761,43.316684356076941],[-75.10250582631538,43.316788396253685],[-75.102491089178102,43.316892463794602],[-75.102479158455921,43.316996910625669],[-75.10246957662126,43.317101388770908],[-75.102462579140578,43.317205898579729],[-75.10245791850376,43.317310784300361],[-75.102455850574202,43.317415358841323],[-75.102456354990906,43.317520308743653],[-75.102459216663618,43.317624948018015],[-75.102464661500861,43.317729619841522],[-75.102470856825732,43.317813038346891],[-75.102510128137482,43.318255959673479],[-75.102048827044044,43.319294942322884],[-75.100953993183168,43.320229841385164],[-75.099520269470091,43.320846774092217],[-75.09937869748849,43.320907690949852],[-75.099168423443061,43.321128129301108],[-75.098947933525622,43.321306239857904],[-75.098601828894303,43.32150639181301],[-75.098246922580685,43.321777252926232],[-75.097910495264557,43.321977334910422],[-75.097516407104962,43.322213127634363],[-75.096924717242075,43.322547255941863],[-75.096462392670375,43.322748174287284],[-75.096018995898319,43.322913638436198],[-75.095653059488441,43.323078582862721],[-75.095286860535069,43.323222332592962],[-75.094945151579807,43.323412892818254],[-75.094535047936176,43.323275500809537],[-75.094189189116605,43.323170770961475],[-75.093945886736222,43.323097094727629],[-75.093429229491321,43.323079059651718],[-75.092632176523949,43.323167625050786],[-75.092356270596312,43.323346672835129],[-75.092166395233178,43.32346996312269],[-75.092142640278482,43.323544917316539],[-75.092037164889177,43.323877782087415],[-75.091952957434671,43.324143685775084],[-75.092020862590942,43.324449702965161],[-75.092638796776811,43.327233811996038],[-75.092638803490104,43.327233839987748],[-75.092638806505619,43.327233867931263],[-75.092638816168375,43.327233926566016],[-75.092643442276653,43.327655709247466],[-75.092515404399748,43.327828723040092],[-75.092445916029035,43.327922620243207],[-75.092026492236485,43.328352203638943],[-75.091633443486941,43.328754766307121],[-75.090513799752699,43.329058013806076],[-75.087636614168474,43.329538250626243],[-75.087465805547282,43.329513059340243],[-75.087363958415963,43.32952006586553],[-75.087238109825492,43.329527337074566],[-75.087112061931123,43.329533232831622],[-75.086985827835605,43.329537069205045],[-75.086859628658274,43.329539533190328],[-75.086733228972818,43.329540621706528],[-75.086606878553738,43.329539653919703],[-75.086480796006583,43.329537318594284],[-75.086354521401489,43.329533264958634],[-75.086228515941457,43.329527842901683],[-75.086102551412779,43.329520705584834],[-75.085976865659589,43.329511858823004],[-75.085851220880969,43.32950129590251],[-75.085726079442765,43.329489369430739],[-75.085601214410886,43.329475730785298],[-75.085476618601575,43.329460722824379],[-75.085352308833421,43.329443661666701],[-75.085228727005131,43.3294255819565],[-75.085136545899701,43.32941065622542],[-75.084951645455121,43.329427073417612],[-75.083669002702933,43.329540949222618],[-75.082365804314179,43.329929307825921],[-75.08172672630127,43.330119749274182],[-75.076925387408309,43.33110947484176],[-75.077941329143812,43.341172367756656],[-75.078028833367156,43.342491965806005],[-75.078036490752069,43.342644137724577],[-75.078041066340205,43.342739158353574],[-75.078260637487176,43.344429329015611],[-75.078260651902212,43.344429444422296],[-75.078359297215044,43.345280233668575],[-75.078397400784922,43.345655390905677],[-75.078429365105109,43.345978532384514],[-75.078476343442304,43.346454828180562],[-75.078504095646778,43.346672625714895],[-75.078516303530293,43.34676812656047],[-75.078554450475977,43.347097865365946],[-75.078896907822227,43.350062751988311],[-75.079057544083,43.351617761363336],[-75.079062256600039,43.351864750093583],[-75.079180493809957,43.352738780220967],[-75.079422297403198,43.354890224309457],[-75.079634375761302,43.356742218667392],[-75.080053585650433,43.360352859065635],[-75.080075794604539,43.360567154271621],[-75.080087133588748,43.360745638910934],[-75.080402393180592,43.36342756229061],[-75.081007612344564,43.368933741073313],[-75.081859650393952,43.376388379196101],[-75.081894175002759,43.376685143810661],[-75.082436622751857,43.381342700002534],[-75.08245459979851,43.381500351099085],[-75.083106418990937,43.387236890897952],[-75.083384480479111,43.389682355903908],[-75.083712232238128,43.392564363090138],[-75.084505666268441,43.399195102296744],[-75.085084920180236,43.404473165769062],[-75.085091616568548,43.404621407582994],[-75.08530195260704,43.406461854111967],[-75.085793775203058,43.409469435625525],[-75.086219500439981,43.412919235284356],[-75.086219480099771,43.41291935923492],[-75.086303818148863,43.41360280138052],[-75.086691652553625,43.416814808962158],[-75.087041345920369,43.419710665240352],[-75.087055268198554,43.419824457181512],[-75.087742426478485,43.42545173218992],[-75.088250306353729,43.429609630151582],[-75.08830042370441,43.430071345020977],[-75.088626392030889,43.432786977753736],[-75.089107269755488,43.436792385863008],[-75.089484792509808,43.440023221872487],[-75.089984157274898,43.444296038108256],[-75.090009197166822,43.444499285970927],[-75.090011118382591,43.444515395273115],[-75.090067674266535,43.444994910299378],[-75.090466509604639,43.448373102739176],[-75.090762532350027,43.45088103986707],[-75.090997393450678,43.452870730399219],[-75.09231497614563,43.464119063408582],[-75.093259742505722,43.471339489931928],[-75.093508871396637,43.473294448433954],[-75.094192943782545,43.478662935160244],[-75.094536316516454,43.481356794193232],[-75.095361813278288,43.487101261880206],[-75.09644540255961,43.494034638658313],[-75.0965158484494,43.494485158422769],[-75.096793512369274,43.496189759700826],[-75.09680772950864,43.496336776895838],[-75.09680773957291,43.496336870638189],[-75.096966317718653,43.498069935696229],[-75.097107453485336,43.499612312718988],[-75.097107456023465,43.499612410863953],[-75.097116738831829,43.499979152640449],[-75.097124939387371,43.500303170109795],[-75.097124944419818,43.500303267387096],[-75.097188177094395,43.501112966844502],[-75.09718817874986,43.501113000170079],[-75.097188181685596,43.501113031712102],[-75.097188185835378,43.501113064169992],[-75.097751872431658,43.505957795818823],[-75.0977518785689,43.505957848104906],[-75.097751883580273,43.505957895875788],[-75.099060888930438,43.518063626258026],[-75.099268143881915,43.519979879262543],[-75.099268152384312,43.51997993607965],[-75.099268155387961,43.519979964922072],[-75.099268158413679,43.519979992864677],[-75.099683881300919,43.523938216111276],[-75.099696742822488,43.524060674201763],[-75.100406736184894,43.530819489799008],[-75.100460021380641,43.531326682064361],[-75.100798346839142,43.534546801395784],[-75.100798351986953,43.534546843767473],[-75.100798356936366,43.534546894237543],[-75.1019036433037,43.544531030870552],[-75.102474551742915,43.549686775980149],[-75.102474555655789,43.549686818335637],[-75.102474564296855,43.549686869753451],[-75.102896262413637,43.553086075769656],[-75.10339406876858,43.557098297857152],[-75.103394076151972,43.557098350158618],[-75.103394080043813,43.557098393413916],[-75.103901872160961,43.562213454656721],[-75.104009317475771,43.563295672820537],[-75.104009323534825,43.563295728705199],[-75.10400932777975,43.56329575756336],[-75.104009330787264,43.563295786405519],[-75.104253280726709,43.565808895348681],[-75.104255981751479,43.565836713697777],[-75.104595695505509,43.569336003380208],[-75.104595701697676,43.569336053865889],[-75.10459570559091,43.569336097121045],[-75.104885830234807,43.572367333432965],[-75.105207261223555,43.57490209972029],[-75.105848421451185,43.579957649412897],[-75.106487387861719,43.584995024353198],[-75.107762171506877,43.594571109738581],[-75.108805387939029,43.601991901857069],[-75.108999089860106,43.603369547775195],[-75.109595632016422,43.607611799234881],[-75.109605581462262,43.607682556122207],[-75.110060809277613,43.6109201973239],[-75.110249481083358,43.612261169335937],[-75.110288891842075,43.612541151835906],[-75.110647112786623,43.615089689442868],[-75.110648478091363,43.615099634162895],[-75.110711672917574,43.615559979283304],[-75.111347190977042,43.620976483904045],[-75.113128219461842,43.635318308421496],[-75.113948004360964,43.641900567763734],[-75.114761842587157,43.648432431997044],[-75.115583056002507,43.655025650029202],[-75.11559246634863,43.65509862755755],[-75.115603140510203,43.655187052413197],[-75.119257077929987,43.685434517733434],[-75.120181214143685,43.692937371282625],[-75.121057706405665,43.700303646981126],[-75.121942281341234,43.707737081015445],[-75.122818321122111,43.715096467752268],[-75.123705435832036,43.72254665891483],[-75.124595498929011,43.729769770060898],[-75.125457351412521,43.736977942846408],[-75.127581471988634,43.754737150951804],[-75.128021814979263,43.758629935857691],[-75.12883892266909,43.765853411337766],[-75.129614001441823,43.77312856993214],[-75.129825458990211,43.77457118484817],[-75.13002567836061,43.776340374250296],[-75.130043332077975,43.776487302042817],[-75.133327215153059,43.806455105593656],[-75.133327222413286,43.8064551650901],[-75.133327227493425,43.806455211957974],[-75.13574952066115,43.826034569606044],[-75.137872907769989,43.843187157165943],[-75.137872919272212,43.843187247317445],[-75.13817341217397,43.845613806006284],[-75.138173423546604,43.845613901556455],[-75.138947367425274,43.851878567330118],[-75.139721475309585,43.85814321014923],[-75.13972148157643,43.858143259731598],[-75.139721488956482,43.858143314728352],[-75.140257729389603,43.862241717823231],[-75.140257736770565,43.862241772819957],[-75.140257744433725,43.862241816119464],[-75.141608245235219,43.872849704303135],[-75.141707278900824,43.87377078283847],[-75.141710230447586,43.873798224070732],[-75.141711789569484,43.873812719336179],[-75.141711794573737,43.873812769802427],[-75.141711799426133,43.873812826567146],[-75.141785880511961,43.874534961320009],[-75.141785883072032,43.87453500995526],[-75.141785880483127,43.874535065726036],[-75.141764911351757,43.874800829638176],[-75.141703300317204,43.875581096890954],[-75.141687544174374,43.875780899365076],[-75.141687541563584,43.875780956035605],[-75.141687545410861,43.875781002887017],[-75.143183019376238,43.888205396267111],[-75.144004460067038,43.895027612666759],[-75.144709247023656,43.900879733058431],[-75.144709251307816,43.900879761914027],[-75.144709254347561,43.900879790753947],[-75.144709260405378,43.900879849333592],[-75.145629871149907,43.908409253382352],[-75.146316275394156,43.914021903872417],[-75.146812674378907,43.918080212710855],[-75.146812680613323,43.918080264092033],[-75.14681268800588,43.918080319087984],[-75.1473687413026,43.922624748334435],[-75.148069219149065,43.928348495832665],[-75.148069228427843,43.928348576053459],[-75.148069231535203,43.92834860219385],[-75.148882595317616,43.935047501810004],[-75.14969614490461,43.941746387155881],[-75.149696156288428,43.941746483603623],[-75.150476811955471,43.948339258357393],[-75.151028631192091,43.952998550005894],[-75.15102864262299,43.952998644653782],[-75.15126383192505,43.955040240806881],[-75.151923646895028,43.959515155629795],[-75.153998937165795,43.975086157916138],[-75.155736367063881,43.988116778217908],[-75.155755024603522,43.98825667668806],[-75.157091672608487,43.998097130859477],[-75.157717222038158,44.002701311815613],[-75.161147068715167,44.027775748696158],[-75.164005205317466,44.04910971788631],[-75.165125291738065,44.057838432277883],[-75.166004020612732,44.064683966286701],[-75.166050306158468,44.065011268567901],[-75.167583020559462,44.075847640451286],[-75.167933692226342,44.07836164039535],[-75.170545136489352,44.097078302691841],[-75.170150032011932,44.096907255797142],[-75.170155571394702,44.096950327419357],[-75.173424655471607,44.09835717023811],[-75.180019859676548,44.101194913391836],[-75.1818862359967,44.101997845631914],[-75.198890785554397,44.109423743843905],[-75.20826116294127,44.113461586748066],[-75.213052474670093,44.115525728773427],[-75.229605084743895,44.122735830550596],[-75.242845820381135,44.128478497217849],[-75.2432178514958,44.128616012214351],[-75.248412749371354,44.130826957954817],[-75.257442451638923,44.134598582094213],[-75.260983496095207,44.136077317193468],[-75.261305965579581,44.136211970943805],[-75.269514578455727,44.13967925219648],[-75.274173002137744,44.141609880867165],[-75.276730845177369,44.142687977871603],[-75.279564792561445,44.14388241386478],[-75.2936588264552,44.149820835612289],[-75.31186085245433,44.157600416107719],[-75.31600969703679,44.159398243742757],[-75.3180814604342,44.160392033836466],[-75.31962573712498,44.161132752730197],[-75.322109559285977,44.162327073227644],[-75.322241133435497,44.162392290175575],[-75.326773008527709,44.164638405398101],[-75.333600278383443,44.167933091831451],[-75.335013748875838,44.168615037850074],[-75.336462234101845,44.169262236293633],[-75.339209191596439,44.170489517597005],[-75.341525927385263,44.171524479942583],[-75.343577520597464,44.172440926286036],[-75.345851875949307,44.173456777865034],[-75.346398813784305,44.173703724583262],[-75.346488327027942,44.173744140562277],[-75.347535937460066,44.174217130426072],[-75.366582084373007,44.182773442858462],[-75.370104350788807,44.18439561290856],[-75.375400389604806,44.186834317560944],[-75.378051587517987,44.188016187668502],[-75.378127340298761,44.188049955295448],[-75.381806915616835,44.189690077738213],[-75.39762976927075,44.196518899350522],[-75.413456308173792,44.20334556066922],[-75.423054821759351,44.207798706583006],[-75.428498828859659,44.210160737706119],[-75.429881773960531,44.210760695155294],[-75.433177587494114,44.212207979316801],[-75.442851088709361,44.216454919615344],[-75.445868842793857,44.217779504597026],[-75.446107350818394,44.217884353428616],[-75.44932438773634,44.219361222014157],[-75.451271100806551,44.220254833672612],[-75.451511604922274,44.220362075086783],[-75.451881115517438,44.220526836304373],[-75.452335154479854,44.220750840191613],[-75.452752179975192,44.220996863596056],[-75.452988185587586,44.22116185582788],[-75.453159145469058,44.221252830012723],[-75.453492106793576,44.221375842930016],[-75.453836142205745,44.221505834135577],[-75.453947348849951,44.221546416157494],[-75.453949490263597,44.221547198736708],[-75.454184158569149,44.22163283513197],[-75.454561010386911,44.221816030267739],[-75.454581134539552,44.221825812410898],[-75.455003131376316,44.22201590074507],[-75.455327105463255,44.222173874798294],[-75.455620221086974,44.22233989623831],[-75.455949101458657,44.222468856631764],[-75.456147218964944,44.222556838143831],[-75.456424106368345,44.222695822257926],[-75.456761137557365,44.222857881977681],[-75.457081097186204,44.223013886328658],[-75.457497187995983,44.223214880968357],[-75.458012199541898,44.223433845317203],[-75.458246218691357,44.223549860182963],[-75.45887541444506,44.22383192784288],[-75.459049169490797,44.22390982019521],[-75.459146950508682,44.223956809844672],[-75.459303145406167,44.224031873961493],[-75.459632213249606,44.224181893825055],[-75.459947103891864,44.224311892156031],[-75.46022116458326,44.224439895148905],[-75.460344905907334,44.224481521180522],[-75.460444106790106,44.224514891272683],[-75.460554861269159,44.224545557825621],[-75.460592166201863,44.224555889388569],[-75.460766212426506,44.224589848153435],[-75.460962195145271,44.224611836113155],[-75.461106124935185,44.224636825964438],[-75.461280192102237,44.22468987059473],[-75.46143717890314,44.224767833086737],[-75.461548068776835,44.224850863297256],[-75.4616201654935,44.224904843630576],[-75.461837182429264,44.22508583023258],[-75.462086194071745,44.225307829691026],[-75.462216014905309,44.225377553075937],[-75.462369215633856,44.225459828650692],[-75.462704154223019,44.225637816354165],[-75.462931885645773,44.225760493746016],[-75.462934281798653,44.225761783558745],[-75.463196156142217,44.225902853050187],[-75.465081947811598,44.226717144218235],[-75.469534993995381,44.228802037295758],[-75.473175345219857,44.230506190375067],[-75.474787399474124,44.231189429828191],[-75.476480423548111,44.232014712219282],[-75.477308232525374,44.232289893095775],[-75.477812729652172,44.232380569170523],[-75.478150997473634,44.232498607749932],[-75.479056947117471,44.233091864060491],[-75.4797191740561,44.233432906227826],[-75.480396125040912,44.233723194102055],[-75.481300759114404,44.234039779723908],[-75.482494575487138,44.234740465258042],[-75.492223824910141,44.239117376586712],[-75.497418278149226,44.241467083075591],[-75.504283266642034,44.244571802117228],[-75.509984924502987,44.247057954260768],[-75.510065606469951,44.247093131241137],[-75.510355641613884,44.247223489247872],[-75.511393221617382,44.247689824746338],[-75.511911007010724,44.247914698592872],[-75.51235124221256,44.248105888449444],[-75.5125024647499,44.248173356614288],[-75.512732230405192,44.248275867120121],[-75.513030237991984,44.248437847163935],[-75.516235199446825,44.249884883738396],[-75.519687159918021,44.251341867748827],[-75.521650202569532,44.252176872834077],[-75.521743787969513,44.252221535906997],[-75.521759140564811,44.25222886241788],[-75.523686149151388,44.253090823396938],[-75.526966147475008,44.254592852691573],[-75.528680244602285,44.255357849181834],[-75.529924147861038,44.25592990427436],[-75.531176241733576,44.256504877830039],[-75.531708668787729,44.256749176277026],[-75.53227023555506,44.257006839012931],[-75.532532155469937,44.257142825426918],[-75.532776234719663,44.257273851937612],[-75.532881634618278,44.257322507925856],[-75.532984176629128,44.257369846933031],[-75.53322823175678,44.257469903170851],[-75.533334571109947,44.257502684135218],[-75.536486223309112,44.258922871922337],[-75.536738427401346,44.259037804858373],[-75.537118224933323,44.25921087972673],[-75.537990161589065,44.259611827170417],[-75.539770147418452,44.260371846167644],[-75.539841163993998,44.260405425141286],[-75.539880239858476,44.260423900955907],[-75.540002195380779,44.260498862847356],[-75.544151237413118,44.262328855717264],[-75.544546185498646,44.262470845085524],[-75.544952235144976,44.262634836449145],[-75.545889503608905,44.263088091694186],[-75.546627250459608,44.263444851031466],[-75.546682231630456,44.263474484888796],[-75.54668382589233,44.26347534355935],[-75.546729240351056,44.263499821760085],[-75.547017055119724,44.263555082597343],[-75.553253728903115,44.266326238879842],[-75.566249841800428,44.27203693678635],[-75.577389888399281,44.276974467605534],[-75.582786190398579,44.279376558960436],[-75.593514039465802,44.284150568266917],[-75.600475528409063,44.287178107552833],[-75.600565606614452,44.28721727835314],[-75.606207460473968,44.289670360722106],[-75.619154188090519,44.29521130483274],[-75.624628694601896,44.297486328327849],[-75.625258875475083,44.297756031431533],[-75.626728783745492,44.298385094009561],[-75.628459039444394,44.299199023605105],[-75.644114488722522,44.305836168963253],[-75.648802188556743,44.307862000885514],[-75.657028249095561,44.311380924017087],[-75.661204370978183,44.31316698255803],[-75.662005659483441,44.313499608602939],[-75.663727080592622,44.314214166380943],[-75.669371567332647,44.316619056987236],[-75.670592043533929,44.317138991593495],[-75.676021252605523,44.31947267023542],[-75.676221450390216,44.319558713054832],[-75.684374567382321,44.322865172325663],[-75.693307211553446,44.326862194067864],[-75.701921840489874,44.330525271787167],[-75.706278813574215,44.33237750204384],[-75.7101678924449,44.334284138161912],[-75.712479978537189,44.335417525601891],[-75.717213866334703,44.337670463850948],[-75.728040909614734,44.342821844077264],[-75.730851927874497,44.344186782103478],[-75.735283914003574,44.346204536267784],[-75.735292053200411,44.346204477900088],[-75.735299281741547,44.346204428070394],[-75.737559481589628,44.347224977108525],[-75.739655694725428,44.348171406929133],[-75.742750647426902,44.349608063623428],[-75.746093201025388,44.351175588124974],[-75.74627873541111,44.351262591846591],[-75.751155600931924,44.353385217175763],[-75.766273290666021,44.360136300455494],[-75.781394470471696,44.36688540039318],[-75.799646164925861,44.375084875038226]]]},"properties":{"OBJECTID":7,"OBJECTID_1":4,"NAME":"Broome","ABBREV":"BROO","GNIS_ID":"974102","SWIS":"030000","NYSP_ZONE":"Central","POP1990":212160,"POP2000":200536,"POP2010":200600,"POP2020":198683,"DOS_LL":null,"DOSLL_DATE":null,"NYC":"N","CALC_SQ_MI":715.28460405999999,"DATEMOD":1556236800000,"FIPS_CODE":"36007","Shape_Length":2902757.8111047447,"Shape_Area":334105652278.6983}}]}